Product ID,Category,Sub-category,Product Name,Brand Name,Size,Color,Ratings,Customer ID,Customer Age,City,State,Order ID,Customer ID,Product ID,Date,Original Price,Discount%
P0001,Women,Topwear,T-Shirts,Roadster,40,Black,4.00,C001,30,Mumbai,Maharashtra,OD0001,C001,P0001,3/21/2022,349.00,30.00%
P0002,Women,Topwear,T-Shirts,Roadster,40,Blue,5.00,C002,35,Mumbai,Maharashtra,OD0002,C002,P0001,7/7/2021,350.00,30.00%
P0003,Women,Topwear,T-Shirts,Roadster,42,White,3.00,C003,36,Mumbai,Maharashtra,OD0003,C003,P0001,10/3/2021,351.00,30.00%
P0004,Women,Topwear,T-Shirts,Roadster,44,Green,2.00,C004,40,Pune,Maharashtra,OD0004,C004,P0001,3/9/2021,352.00,25.00%
P0005,Women,Topwear,T-Shirts,Puma,38,Olive,5.00,C005,25,Pune,Maharashtra,OD0005,C005,P0001,12/5/2021,353.00,25.00%
P0006,Women,Topwear,T-Shirts,Puma,46,Pink,4.00,C006,16,Pune,Maharashtra,OD0006,C006,P0002,1/17/2022,354.00,30.00%
P0007,Women,Topwear,T-Shirts,Puma,38,Orange,3.00,C007,23,Pune,Maharashtra,OD0007,C007,P0003,2/18/2021,355.00,30.00%
P0008,Women,Topwear,T-Shirts,Puma,38,Beige,5.00,C008,22,Pune,Maharashtra,OD0008,C008,P0004,6/26/2022,356.00,30.00%
P0009,Women,Topwear,T-Shirts,Puma,38,Off white,4.00,C009,17,Hyderabad,Telangana,OD0009,C009,P0005,4/26/2021,2222.00,40.00%
P0010,Women,Topwear,T-Shirts,Puma,38,Purple,2.00,C010,19,Hyderabad,Telangana,OD0010,C010,P0006,3/17/2021,2342.00,40.00%
P0011,Women,Topwear,T-Shirts,Puma,38,Peach,5.00,C011,18,Hyderabad,Telangana,OD0011,C011,P0007,3/30/2021,2241.00,40.00%
P0012,Women,Topwear,T-Shirts,Puma,42,Sea Green,5.00,C012,20,Hyderabad,Telangana,OD0012,C012,P0007,4/9/2022,2253.00,40.00%
P0013,Women,Topwear,T-Shirts,Puma,42,Lavender,4.00,C013,22,Raipur,Chhatisgarh,OD0013,C013,P0007,3/30/2021,2245.00,40.00%
P0014,Women,Topwear,T-Shirts,Puma,42,Black,4.00,C014,25,Raipur,Chhatisgarh,OD0014,C014,P0008,1/31/2022,2231.00,40.00%
P0015,Women,Topwear,T-Shirts,Puma,42,Blue,4.00,C015,27,Ahmedabad,Gujrat,OD0015,C015,P0009,1/12/2021,2452.00,45.00%
P0016,Women,Topwear,T-Shirts,Puma,36,White,3.00,C016,29,Ahmedabad,Gujrat,OD0016,C016,P0010,3/10/2022,2236.00,45.00%
P0017,Women,Topwear,T-Shirts,Puma,36,Green,5.00,C017,23,Ahmedabad,Gujrat,OD0017,C017,P0011,6/9/2021,2245.00,45.00%
P0018,Women,Topwear,T-Shirts,Wrogn,36,Black,4.00,C018,25,Ahmedabad,Gujrat,OD0018,C018,P0012,7/6/2022,2235.00,47.00%
P0019,Women,Topwear,T-Shirts,Wrogn,36,Black,2.00,C019,24,Ahmedabad,Gujrat,OD0019,C019,P0012,4/14/2022,2214.00,47.00%
P0020,Women,Topwear,T-Shirts,Wrogn,40,Orange,5.00,C020,15,Ahmedabad,Gujrat,OD0020,C020,P0012,7/23/2021,2231.00,46.00%
P0021,Women,Topwear,T-Shirts,Wrogn,40,Beige,5.00,C021,19,Vadodara,Gujrat,OD0021,C021,P0013,9/30/2022,2145.00,46.00%
P0022,Women,Topwear,T-Shirts,Wrogn,40,Off white,5.00,C022,19,Vadodara,Gujrat,OD0022,C022,P0014,3/4/2023,2356.00,46.00%
P0023,Women,Topwear,T-Shirts,Wrogn,40,Purple,4.00,C023,19,Vadodara,Gujrat,OD0023,C023,P0015,9/13/2021,2412.00,30.00%
P0024,Women,Topwear,T-Shirts,Wrogn,42,Peach,4.00,C024,22,Vadodara,Gujrat,OD0024,C024,P0016,10/28/2021,2234.00,30.00%
P0025,Women,Topwear,T-Shirts,Wrogn,42,Sea Green,4.00,C025,22,Vadodara,Gujrat,OD0025,C025,P0017,12/20/2021,2214.00,30.00%
P0026,Women,Topwear,T-Shirts,HRX by Hrithik Roshan ,42,Lavender,5.00,C026,22,Surat,Gujrat,OD0026,C026,P0018,8/26/2022,999.00,30.00%
P0027,Women,Topwear,T-Shirts,HRX by Hrithik Roshan ,42,Black,5.00,C027,22,Surat,Gujrat,OD0027,C027,P0019,5/23/2021,1119.00,30.00%
P0028,Women,Topwear,T-Shirts,HRX by Hrithik Roshan ,44,Blue,3.00,C028,29,Surat,Gujrat,OD0028,C028,P0020,1/18/2023,1119.00,35.00%
P0029,Women,Topwear,T-Shirts,HRX by Hrithik Roshan ,44,White,5.00,C029,29,Surat,Gujrat,OD0029,C029,P0021,2/16/2022,1119.00,35.00%
P0030,Women,Topwear,T-Shirts,HRX by Hrithik Roshan ,44,Green,5.00,C030,29,Bengaluru,Karnataka,OD0030,C030,P0022,7/10/2021,1119.00,35.00%
P0031,Women,Topwear,T-Shirts,HRX by Hrithik Roshan ,44,Olive,4.00,C031,29,Bengaluru,Karnataka,OD0031,C031,P0023,4/4/2021,985.00,35.00%
P0032,Women,Topwear,T-Shirts,HRX by Hrithik Roshan ,46,Pink,3.00,C032,41,Bengaluru,Karnataka,OD0032,C032,P0024,3/15/2021,985.00,35.00%
P0033,Women,Topwear,T-Shirts,HRX by Hrithik Roshan ,46,Orange,5.00,C033,42,Bengaluru,Karnataka,OD0033,C033,P0024,8/14/2022,985.00,35.00%
P0034,Women,Topwear,T-Shirts,HRX by Hrithik Roshan ,46,Beige,4.00,C034,43,Bengaluru,Karnataka,OD0034,C034,P0024,2/20/2021,985.00,40.00%
P0035,Women,Topwear,T-Shirts,HRX by Hrithik Roshan ,46,Off white,3.00,C035,44,Bengaluru,Karnataka,OD0035,C035,P0025,12/7/2021,985.00,40.00%
P0036,Women,Topwear,T-Shirts,HRX by Hrithik Roshan ,46,Purple,5.00,C036,45,Bengaluru,Karnataka,OD0036,C036,P0026,1/15/2021,369.00,15.00%
P0037,Women,Topwear,T-Shirts,HRX by Hrithik Roshan ,44,Peach,5.00,C037,35,Bengaluru,Karnataka,OD0037,C037,P0027,2/13/2021,399.00,15.00%
P0038,Women,Topwear,T-Shirts,HRX by Hrithik Roshan ,44,Sea Green,4.00,C038,36,Patna,Bihar,OD0038,C038,P0028,9/22/2021,399.00,15.00%
P0039,Women,Topwear,T-Shirts,HRX by Hrithik Roshan ,44,Lavender,2.00,C039,37,Patna,Bihar,OD0039,C039,P0029,2/19/2022,399.00,35.00%
P0040,Women,Topwear,T-Shirts,HRX by Hrithik Roshan ,44,Lavender,3.00,C040,26,Patna,Bihar,OD0040,C040,P0030,3/6/2021,399.00,35.00%
P0041,Women,Topwear,T-Shirts,Adidas,44,Lavender,4.00,C041,27,Patna,Bihar,OD0041,C041,P0031,3/28/2022,555.00,35.00%
P0042,Women,Topwear,T-Shirts,Adidas,44,Lavender,5.00,C042,28,Darbhanga,Bihar,OD0042,C042,P0032,3/26/2023,555.00,35.00%
P0043,Women,Topwear,T-Shirts,Adidas,44,Lavender,4.00,C043,29,Darbhanga,Bihar,OD0043,C043,P0033,6/15/2021,555.00,55.00%
P0044,Women,Topwear,T-Shirts,Adidas,40,Lavender,4.00,C044,30,Darbhanga,Bihar,OD0044,C044,P0034,8/8/2021,555.00,55.00%
P0045,Women,Topwear,T-Shirts,Adidas,40,Black,4.00,C045,31,Nalanda,Bihar,OD0045,C045,P0035,8/23/2022,675.00,55.00%
P0046,Women,Topwear,T-Shirts,Adidas,40,Black,3.00,C046,32,Nalanda,Bihar,OD0046,C046,P0036,6/13/2022,675.00,55.00%
P0047,Women,Topwear,T-Shirts,Adidas,40,Beige,2.00,C047,33,Nalanda,Bihar,OD0047,C047,P0037,6/12/2021,675.00,50.00%
P0048,Women,Topwear,T-Shirts,Adidas,38,Beige,5.00,C048,44,Gaya,Bihar,OD0048,C048,P0038,1/15/2023,654.00,50.00%
P0049,Women,Topwear,T-Shirts,Adidas,38,Beige,4.00,C049,45,Gaya,Bihar,OD0049,C049,P0038,5/20/2021,654.00,50.00%
P0050,Women,Topwear,T-Shirts,Adidas,38,Black,2.00,C050,46,Bhopal,Madhya Pradesh,OD0050,C050,P0038,3/6/2023,654.00,50.00%
P0051,Women,Topwear,T-Shirts,Adidas,38,Blue,5.00,C051,47,Bhopal,Madhya Pradesh,OD0051,C051,P0039,7/26/2021,654.00,50.00%
P0052,Women,Topwear,T-Shirts,Allen Solly,38,Black,5.00,C052,48,Bhopal,Madhya Pradesh,OD0052,C052,P0040,12/7/2022,356.00,30.00%
P0053,Women,Topwear,T-Shirts,Allen Solly,38,Black,4.00,C053,49,Bhopal,Madhya Pradesh,OD0053,C053,P0041,10/28/2022,2235.00,32.00%
P0054,Women,Topwear,T-Shirts,Allen Solly,42,Blue,4.00,C054,17,Sagar,Madhya Pradesh,OD0054,C054,P0042,6/18/2021,1125.00,25.00%
P0055,Women,Topwear,T-Shirts,Allen Solly,42,Blue,4.00,C055,18,Sagar,Madhya Pradesh,OD0055,C055,P0043,2/21/2023,2451.00,45.00%
P0056,Women,Topwear,T-Shirts,Allen Solly,42,Blue,3.00,C056,19,Sagar,Madhya Pradesh,OD0056,C056,P0044,4/7/2021,2263.00,15.00%
P0057,Men,Topwear,T-Shirts,Allen Solly,42,Blue,5.00,C057,20,Sagar,Madhya Pradesh,OD0057,C057,P0045,11/2/2021,1365.00,33.00%
P0058,Women,Topwear,T-Shirts,Allen Solly,46,Black,4.00,C058,21,Indore,Madhya Pradesh,OD0058,C058,P0046,8/8/2021,2453.00,42.00%
P0059,Women,Topwear,T-Shirts,Allen Solly,46,Beige,2.00,C059,22,Indore,Madhya Pradesh,OD0059,C059,P0047,9/7/2022,1555.00,42.00%
P0060,Women,Topwear,T-Shirts,Allen Solly,46,Beige,5.00,C060,16,Kanpur,Uttar Pradesh,OD0060,C060,P0048,9/5/2022,1234.00,39.00%
P0061,Women,Topwear,T-Shirts,Allen Solly,44,Beige,5.00,C061,17,Kanpur,Uttar Pradesh,OD0061,C061,P0049,11/26/2021,2344.00,39.00%
P0062,Men,Topwear,T-Shirts,Allen Solly,44,Beige,5.00,C062,18,Kanpur,Uttar Pradesh,OD0062,C062,P0050,12/23/2021,2142.00,39.00%
P0063,Men,Topwear,Shirts,Allen Solly,44,Beige,4.00,C063,19,Kanpur,Uttar Pradesh,OD0063,C063,P0051,11/15/2022,2612.00,39.00%
P0064,Men,Topwear,Shirts,Allen Solly,36,Beige,4.00,C064,20,Aligarh,Uttar Pradesh,OD0064,C064,P0051,5/24/2021,2243.00,30.00%
P0065,Men,Topwear,Shirts,Allen Solly,36,Beige,4.00,C065,21,Aligarh,Uttar Pradesh,OD0065,C065,P0051,12/10/2022,333.00,30.00%
P0066,Men,Topwear,Shirts,Allen Solly,36,White,5.00,C066,22,Aligarh,Uttar Pradesh,OD0066,C066,P0052,2/8/2021,236.00,30.00%
P0067,Men,Topwear,Shirts,Allen Solly,38,White,5.00,C067,23,Aligarh,Uttar Pradesh,OD0067,C067,P0053,12/13/2022,456.00,25.00%
P0068,Men,Topwear,Shirts,Allen Solly,40,White,3.00,C068,18,Prayagraj,Uttar Pradesh,OD0068,C068,P0054,12/3/2021,963.00,25.00%
P0069,Men,Topwear,Shirts,Allen Solly,42,White,5.00,C069,18,Prayagraj,Uttar Pradesh,OD0069,C069,P0055,2/14/2021,234.00,30.00%
P0070,Men,Topwear,Shirts,Allen Solly,44,White,5.00,C070,18,Prayagraj,Uttar Pradesh,OD0070,C070,P0056,12/2/2022,456.00,30.00%
P0071,Men,Topwear,Shirts,Allen Solly,38,White,4.00,C071,18,Prayagraj,Uttar Pradesh,OD0071,C071,P0057,1/14/2021,564.00,30.00%
P0072,Men,Topwear,Shirts,Allen Solly,46,Teal,3.00,C072,18,Prayagraj,Uttar Pradesh,OD0072,C072,P0058,3/29/2022,634.00,40.00%
P0073,Men,Topwear,Shirts,Allen Solly,38,Teal,4.00,C073,18,Prayagraj,Uttar Pradesh,OD0073,C073,P0059,6/26/2022,236.00,40.00%
P0074,Men,Topwear,Shirts,Allen Solly,38,Teal,5.00,C074,23,Jalandhar,Punjab,OD0074,C074,P0060,8/16/2021,444.00,40.00%
P0075,Men,Topwear,Shirts,Allen Solly,38,Teal,3.00,C075,24,Jalandhar,Punjab,OD0075,C075,P0060,8/28/2022,456.00,40.00%
P0076,Men,Topwear,Shirts,Allen Solly,38,White,2.00,C076,25,Jalandhar,Punjab,OD0076,C076,P0060,3/17/2023,963.00,40.00%
P0077,Men,Topwear,Shirts,Allen Solly,38,Off white,5.00,C077,26,Jalandhar,Punjab,OD0077,C077,P0060,9/18/2022,456.00,40.00%
P0078,Men,Topwear,Shirts,Allen Solly,42,Off white,4.00,C078,27,Amritsar,Punjab,OD0078,C078,P0061,3/11/2021,1189.00,45.00%
P0079,Men,Topwear,Shirts,Allen Solly,42,Off white,3.00,C079,24,Amritsar,Punjab,OD0079,C079,P0062,1/28/2022,1298.00,45.00%
P0080,Men,Topwear,Shirts,Allen Solly,42,Off white,5.00,C080,24,Amritsar,Punjab,OD0080,C080,P0063,7/13/2021,1456.00,45.00%
P0081,Men,Topwear,Shirts,Allen Solly,42,Off white,4.00,C081,24,Amritsar,Punjab,OD0081,C081,P0064,1/27/2023,1478.00,47.00%
P0082,Men,Topwear,Shirts,Allen Solly,36,Off white,2.00,C082,24,Amritsar,Punjab,OD0082,C082,P0065,1/5/2022,256.00,47.00%
P0083,Men,Topwear,Shirts,Allen Solly,36,Off white,5.00,C083,24,Patiala,Punjab,OD0083,C083,P0066,8/26/2022,2698.00,46.00%
P0084,Men,Topwear,Shirts,Allen Solly,36,Off white,5.00,C084,24,Patiala,Punjab,OD0084,C084,P0067,7/28/2022,2364.00,46.00%
P0085,Men,Topwear,Shirts,Allen Solly,36,Green,4.00,C085,24,Patiala,Punjab,OD0085,C085,P0068,5/6/2021,1236.00,46.00%
P0086,Men,Topwear,Shirts,Allen Solly,40,Green,4.00,C086,24,Patiala,Punjab,OD0086,C086,P0069,4/5/2021,756.00,30.00%
P0087,Men,Topwear,Shirts,Allen Solly,40,Green,4.00,C087,24,Patiala,Punjab,OD0087,C087,P0070,4/6/2021,326.00,30.00%
P0088,Men,Topwear,Shirts,Allen Solly,40,Sea Green,3.00,C088,22,Patiala,Punjab,OD0088,C088,P0071,5/3/2022,453.00,30.00%
P0089,Men,Topwear,Shirts,Allen Solly,40,Sea Green,5.00,C089,23,Jaipur,Rajasthan,OD0089,C089,P0072,5/11/2022,326.00,30.00%
P0090,Men,Topwear,Shirts,Allen Solly,42,Sea Green,4.00,C090,24,Jaipur,Rajasthan,OD0090,C090,P0073,9/30/2022,456.00,30.00%
P0091,Men,Topwear,Shirts,Allen Solly,42,Peach,2.00,C091,25,Jaipur,Rajasthan,OD0091,C091,P0074,8/5/2022,675.00,35.00%
P0092,Men,Topwear,Shirts,Allen Solly,42,Peach,5.00,C092,26,Jaipur,Rajasthan,OD0092,C092,P0075,6/25/2021,654.00,35.00%
P0093,Men,Topwear,Shirts,Allen Solly,42,Peach,5.00,C093,27,Jaipur,Rajasthan,OD0093,C093,P0076,12/1/2022,654.00,35.00%
P0094,Men,Topwear,Shirts,Allen Solly,44,Peach,5.00,C094,34,Jaipur,Rajasthan,OD0094,C094,P0077,10/21/2022,654.00,35.00%
P0095,Men,Topwear,Shirts,Roadster,44,Peach,4.00,C095,35,Jodhpur,Rajasthan,OD0095,C095,P0077,3/29/2023,654.00,35.00%
P0096,Men,Topwear,Shirts,Roadster,44,Sea Green,4.00,C096,36,Jodhpur,Rajasthan,OD0096,C096,P0077,8/18/2021,356.00,35.00%
P0097,Men,Topwear,Shirts,Roadster,44,Sea Green,4.00,C097,37,Jodhpur,Rajasthan,OD0097,C097,P0077,2/5/2021,686.00,40.00%
P0098,Men,Topwear,Shirts,Roadster,46,Sea Green,5.00,C098,38,Udaipur,Rajasthan,OD0098,C098,P0077,10/2/2021,456.00,40.00%
P0099,Men,Topwear,Shirts,Roadster,46,Brown,5.00,C099,39,Udaipur,Rajasthan,OD0099,C099,P0078,1/13/2022,516.00,15.00%
P0100,Men,Topwear,Shirts,Roadster,46,Brown,3.00,C100,40,Udaipur,Rajasthan,OD0100,C100,P0079,9/11/2021,355.00,15.00%
P0101,Men,Topwear,Shirts,Roadster,46,Brown,5.00,,,,,OD0101,C001,P0080,8/21/2022,465.00,15.00%
P0102,Men,Topwear,Shirts,Roadster,46,Brown,5.00,,,,,OD0102,C002,P0081,1/4/2021,965.00,35.00%
P0103,Men,Topwear,Shirts,Roadster,44,Brown,4.00,,,,,OD0103,C003,P0082,4/13/2022,1158.00,35.00%
P0104,Men,Topwear,Shirts,Roadster,44,Black,3.00,,,,,OD0104,C004,P0083,4/29/2022,264.00,35.00%
P0105,Men,Topwear,Shirts,Roadster,44,Black,5.00,,,,,OD0105,C005,P0084,1/4/2022,433.00,35.00%
P0106,Men,Topwear,Shirts,Roadster,44,Black,4.00,,,,,OD0106,C006,P0085,3/20/2021,562.00,55.00%
P0107,Men,Topwear,Shirts,Roadster,44,Mustard,3.00,,,,,OD0107,C007,P0086,2/26/2022,423.00,55.00%
P0108,Men,Topwear,Shirts,Roadster,44,Mustard,5.00,,,,,OD0108,C008,P0087,2/24/2021,621.00,55.00%
P0109,Men,Topwear,Shirts,Roadster,44,Mustard,5.00,,,,,OD0109,C009,P0088,4/1/2022,333.00,55.00%
P0110,Men,Topwear,Shirts,Roadster,40,Mustard,4.00,,,,,OD0110,C010,P0089,4/27/2022,236.00,50.00%
P0111,Men,Topwear,Shirts,Roadster,40,Red,2.00,,,,,OD0111,C011,P0090,9/10/2021,456.00,50.00%
P0112,Men,Topwear,Shirts,Roadster,40,Red,3.00,,,,,OD0112,C012,P0091,3/19/2021,963.00,50.00%
P0113,Men,Topwear,Shirts,Roadster,40,Red,4.00,,,,,OD0113,C013,P0092,10/27/2021,234.00,50.00%
P0114,Men,Topwear,Shirts,Roadster,38,Red,5.00,,,,,OD0114,C014,P0093,2/1/2023,456.00,50.00%
P0115,Men,Topwear,Shirts,Roadster,38,Red,4.00,,,,,OD0115,C015,P0094,2/16/2022,564.00,30.00%
P0116,Men,Topwear,Shirts,Roadster,38,Pink,4.00,,,,,OD0116,C016,P0094,12/19/2021,634.00,32.00%
P0117,Men,Topwear,Shirts,Roadster,38,Pink,4.00,,,,,OD0117,C017,P0094,3/15/2022,236.00,25.00%
P0118,Men,Topwear,Shirts,Levis,38,Pink,3.00,,,,,OD0118,C018,P0095,7/12/2021,444.00,45.00%
P0119,Men,Topwear,Shirts,Levis,38,Red,2.00,,,,,OD0119,C019,P0096,11/2/2022,456.00,15.00%
P0120,Men,Topwear,Shirts,Levis,42,Orange,5.00,,,,,OD0120,C020,P0097,4/6/2021,963.00,33.00%
P0121,Men,Topwear,Shirts,Levis,42,Orange,4.00,,,,,OD0121,C021,P0098,3/25/2022,456.00,42.00%
P0122,Men,Topwear,Shirts,Levis,42,Pink,2.00,,,,,OD0122,C022,P0099,11/3/2022,1189.00,42.00%
P0123,Men,Topwear,Shirts,Levis,42,Pink,5.00,,,,,OD0123,C023,P0100,1/18/2023,1298.00,39.00%
P0124,Men,Topwear,Shirts,Levis,46,Pink,5.00,,,,,OD0124,C024,P0101,1/31/2021,1456.00,39.00%
P0125,Men,Topwear,Shirts,Levis,46,Orange,4.00,,,,,OD0125,C025,P0102,5/26/2021,1478.00,39.00%
P0126,Men,Topwear,Shirts,Levis,46,Teal,4.00,,,,,OD0126,C026,P0103,12/5/2021,256.00,39.00%
P0127,Men,Topwear,Shirts,Levis,44,Grey,4.00,,,,,OD0127,C027,P0104,9/25/2022,2698.00,30.00%
P0128,Men,Topwear,Shirts,Levis,44,Grey,3.00,,,,,OD0128,C028,P0105,4/4/2021,2364.00,30.00%
P0129,Men,Topwear,Shirts,Levis,44,Teal,5.00,,,,,OD0129,C029,P0106,4/8/2021,1236.00,30.00%
P0130,Men,Topwear,Shirts,Levis,36,Teal,4.00,,,,,OD0130,C030,P0107,3/19/2022,756.00,25.00%
P0131,Men,Topwear,Shirts,Levis,36,Blue,2.00,,,,,OD0131,C031,P0108,4/18/2022,326.00,25.00%
P0132,Men,Topwear,Shirts,Levis,36,Black,5.00,,,,,OD0132,C032,P0108,3/31/2023,453.00,30.00%
P0133,Men,Topwear,Shirts,Levis,36,Black,5.00,,,,,OD0133,C033,P0108,4/7/2021,326.00,30.00%
P0134,Men,Topwear,Shirts,Levis,38,Black,5.00,,,,,OD0134,C034,P0108,7/4/2022,456.00,30.00%
P0135,Men,Topwear,Shirts,Levis,38,Blue,4.00,,,,,OD0135,C035,P0108,2/10/2022,675.00,40.00%
P0136,Men,Topwear,Shirts,Levis,38,Blue,4.00,,,,,OD0136,C036,P0109,3/9/2022,654.00,40.00%
P0137,Men,Topwear,Shirts,Levis,38,Blue,4.00,,,,,OD0137,C037,P0110,2/13/2021,654.00,40.00%
P0138,Men,Topwear,Shirts,Van Heusen,40,Blue,5.00,,,,,OD0138,C038,P0111,1/14/2022,654.00,40.00%
P0139,Men,Topwear,Shirts,Van Heusen,40,Blue,5.00,,,,,OD0139,C039,P0112,1/15/2022,654.00,40.00%
P0140,Men,Topwear,Shirts,Van Heusen,40,Grey,3.00,,,,,OD0140,C040,P0113,12/22/2022,356.00,40.00%
P0141,Men,Topwear,Shirts,Van Heusen,42,Grey,5.00,,,,,OD0141,C041,P0113,9/27/2021,686.00,45.00%
P0142,Men,Topwear,Shirts,Van Heusen,42,Grey,5.00,,,,,OD0142,C042,P0113,1/18/2021,456.00,45.00%
P0143,Men,Topwear,Shirts,Van Heusen,42,Black,4.00,,,,,OD0143,C043,P0114,2/23/2023,516.00,45.00%
P0144,Men,Topwear,Shirts,Van Heusen,42,Black,3.00,,,,,OD0144,C044,P0115,2/16/2021,355.00,47.00%
P0145,Men,Topwear,Shirts,Van Heusen,42,Black,3.00,,,,,OD0145,C045,P0116,3/7/2022,465.00,47.00%
P0146,Men,Topwear,Shirts,Van Heusen,42,Black,5.00,,,,,OD0146,C046,P0117,2/28/2023,965.00,46.00%
P0147,Men,Topwear,Shirts,Van Heusen,44,Magenta,5.00,,,,,OD0147,C047,P0118,5/31/2022,1158.00,46.00%
P0148,Men,Topwear,Shirts,Van Heusen,44,Magenta,4.00,,,,,OD0148,C048,P0119,9/12/2022,264.00,46.00%
P0149,Men,Topwear,Shirts,Van Heusen,44,Magenta,2.00,,,,,OD0149,C049,P0120,10/22/2022,433.00,30.00%
P0150,Men,Topwear,Shirts,Wrogn,44,Coffee Brown,3.00,,,,,OD0150,C050,P0121,6/14/2021,562.00,30.00%
P0151,Men,Topwear,Shirts,Wrogn,44,Coffee Brown,4.00,,,,,OD0151,C051,P0122,4/5/2022,423.00,30.00%
P0152,Men,Topwear,Shirts,Wrogn,46,Coffee Brown,5.00,,,,,OD0152,C052,P0123,12/26/2021,621.00,30.00%
P0153,Men,Topwear,Shirts,Wrogn,46,Skin,4.00,,,,,OD0153,C053,P0124,6/30/2021,333.00,30.00%
P0154,Men,Topwear,Shirts,Wrogn,46,Skin,4.00,,,,,OD0154,C054,P0125,12/23/2021,236.00,35.00%
P0155,Men,Topwear,Shirts,Wrogn,46,Skin,4.00,,,,,OD0155,C055,P0126,8/26/2021,456.00,35.00%
P0156,Men,Topwear,Shirts,Wrogn,38,Cream,3.00,,,,,OD0156,C056,P0127,6/19/2022,963.00,35.00%
P0157,Men,Topwear,Shirts,Wrogn,40,Cream,2.00,,,,,OD0157,C057,P0128,7/11/2022,234.00,35.00%
P0158,Men,Topwear,Shirts,Wrogn,42,Cream,5.00,,,,,OD0158,C058,P0129,8/20/2021,456.00,35.00%
P0159,Men,Topwear,Shirts,Wrogn,44,Cream,4.00,,,,,OD0159,C059,P0130,1/9/2022,564.00,35.00%
P0160,Men,Topwear,Shirts,Wrogn,38,Turquoise Blue,2.00,,,,,OD0160,C060,P0131,1/3/2022,634.00,40.00%
P0161,Men,Topwear,Shirts,Wrogn,46,Turquoise Blue,5.00,,,,,OD0161,C061,P0132,3/1/2023,236.00,40.00%
P0162,Men,Topwear,Shirts,Wrogn,38,Turquoise Blue,5.00,,,,,OD0162,C062,P0133,1/14/2021,444.00,15.00%
P0163,Men,Topwear,Shirts,Wrogn,38,Turquoise Blue,4.00,,,,,OD0163,C063,P0134,7/14/2022,456.00,15.00%
P0164,Men,Topwear,Shirts,Wrogn,38,Red,4.00,,,,,OD0164,C064,P0135,10/12/2021,963.00,15.00%
P0165,Men,Topwear,Shirts,Wrogn,38,Red,4.00,,,,,OD0165,C065,P0136,10/24/2022,456.00,35.00%
P0166,Men,Topwear,Shirts,Wrogn,38,Red,3.00,,,,,OD0166,C066,P0137,9/28/2021,1189.00,35.00%
P0167,Men,Topwear,Shirts,Wrogn,42,Orange,5.00,,,,,OD0167,C067,P0138,7/25/2022,1298.00,35.00%
P0168,Men,Topwear,Shirts,Wrogn,42,Orange,4.00,,,,,OD0168,C068,P0138,4/8/2022,1456.00,35.00%
P0169,Men,Topwear,Shirts,Wrogn,42,Orange,2.00,,,,,OD0169,C069,P0138,2/19/2021,1478.00,55.00%
P0170,Men,Topwear,Shirts,Wrogn,42,Orange,5.00,,,,,OD0170,C070,P0139,1/14/2021,256.00,55.00%
P0171,Men,Topwear,Shirts,Wrogn,36,Khaki,5.00,,,,,OD0171,C071,P0140,2/19/2023,2698.00,55.00%
P0172,Men,Topwear,Shirts,Wrogn,36,Khaki,5.00,,,,,OD0172,C072,P0141,1/2/2023,2364.00,55.00%
P0173,Men,Topwear,Shirts,Wrogn,36,Khaki,4.00,,,,,OD0173,C073,P0142,5/4/2021,1236.00,50.00%
P0174,Men,Topwear,Sweatshirts,Roadster,36,Khaki,4.00,,,,,OD0174,C074,P0143,1/24/2021,756.00,50.00%
P0175,Men,Topwear,Sweatshirts,Roadster,40,Orange,4.00,,,,,OD0175,C075,P0144,6/30/2022,326.00,50.00%
P0176,Men,Topwear,Sweatshirts,Roadster,40,Orange,5.00,,,,,OD0176,C076,P0145,12/13/2022,453.00,50.00%
P0177,Men,Topwear,Sweatshirts,Roadster,40,Orange,5.00,,,,,OD0177,C077,P0146,10/15/2022,326.00,50.00%
P0178,Men,Topwear,Sweatshirts,Roadster,40,Blue,3.00,,,,,OD0178,C078,P0147,6/30/2021,456.00,30.00%
P0179,Men,Topwear,Sweatshirts,Roadster,42,Blue,5.00,,,,,OD0179,C079,P0148,5/9/2021,456.00,32.00%
P0180,Men,Topwear,Sweatshirts,Roadster,42,Blue,5.00,,,,,OD0180,C080,P0149,3/10/2021,456.00,25.00%
P0181,Men,Topwear,Sweatshirts,Roadster,42,Black,4.00,,,,,OD0181,C081,P0150,11/19/2022,456.00,45.00%
P0182,Men,Topwear,Sweatshirts,Roadster,42,Black,3.00,,,,,OD0182,C082,P0151,8/23/2021,236.00,15.00%
P0183,Men,Topwear,Sweatshirts,Roadster,44,Black,3.00,,,,,OD0183,C083,P0152,4/18/2022,996.00,33.00%
P0184,Men,Topwear,Sweatshirts,Roadster,44,Black,3.00,,,,,OD0184,C084,P0153,3/19/2023,654.00,42.00%
P0185,Men,Topwear,Sweatshirts,Roadster,44,Grey,3.00,,,,,OD0185,C085,P0154,1/28/2021,456.00,42.00%
P0186,Men,Topwear,Sweatshirts,Roadster,44,Grey,3.00,,,,,OD0186,C086,P0155,10/10/2022,785.00,39.00%
P0187,Men,Topwear,Sweatshirts,Roadster,46,Grey,2.00,,,,,OD0187,C087,P0156,9/17/2021,365.00,39.00%
P0188,Men,Topwear,Sweatshirts,Roadster,46,Grey,2.00,,,,,OD0188,C088,P0157,4/13/2022,965.00,39.00%
P0189,Men,Topwear,Sweatshirts,Roadster,46,Purple,2.00,,,,,OD0189,C089,P0158,2/5/2021,444.00,39.00%
P0190,Men,Topwear,Sweatshirts,Roadster,46,Purple,5.00,,,,,OD0190,C090,P0159,9/3/2021,569.00,30.00%
P0191,Men,Topwear,Sweatshirts,Roadster,46,Purple,5.00,,,,,OD0191,C091,P0160,11/23/2022,475.00,30.00%
P0192,Men,Topwear,Sweatshirts,Puma,44,Purple,5.00,,,,,OD0192,C092,P0161,8/14/2021,598.00,30.00%
P0193,Men,Topwear,Sweatshirts,Puma,44,Yellow,4.00,,,,,OD0193,C093,P0162,11/11/2021,536.00,25.00%
P0194,Men,Topwear,Sweatshirts,Puma,44,Yellow,5.00,,,,,OD0194,C094,P0163,7/31/2021,256.00,25.00%
P0195,Men,Topwear,Sweatshirts,Puma,44,Yellow,3.00,,,,,OD0195,C095,P0164,2/17/2021,456.00,30.00%
P0196,Men,Topwear,Sweatshirts,Puma,44,Green,2.00,,,,,OD0196,C096,P0165,11/9/2021,456.00,30.00%
P0197,Men,Topwear,Sweatshirts,Puma,44,Green,5.00,,,,,OD0197,C097,P0166,9/24/2022,745.00,30.00%
P0198,Men,Topwear,Sweatshirts,Puma,44,Green,4.00,,,,,OD0198,C098,P0167,11/27/2021,356.00,40.00%
P0199,Men,Topwear,Sweatshirts,Puma,40,White,3.00,,,,,OD0199,C099,P0168,7/17/2022,1189.00,40.00%
P0200,Men,Topwear,Sweatshirts,Puma,40,White,5.00,,,,,OD0200,C100,P0168,3/15/2021,426.00,40.00%
P0201,Men,Topwear,Sweatshirts,Puma,40,White,4.00,,,,,OD0201,C001,P0168,10/10/2021,1126.00,40.00%
P0202,Men,Topwear,Sweatshirts,Puma,40,Off white,2.00,,,,,OD0202,C002,P0168,3/2/2021,1145.00,40.00%
P0203,Men,Topwear,Sweatshirts,Puma,38,Off white,5.00,,,,,OD0203,C003,P0169,10/20/2022,1235.00,40.00%
P0204,Men,Topwear,Sweatshirts,Puma,38,Off white,5.00,,,,,OD0204,C004,P0170,3/26/2021,1564.00,45.00%
P0205,Men,Topwear,Sweatshirts,Puma,38,Off white,4.00,,,,,OD0205,C005,P0171,5/18/2021,654.00,45.00%
P0206,Men,Topwear,Sweatshirts,Puma,38,Off white,4.00,,,,,OD0206,C006,P0172,2/22/2022,854.00,45.00%
P0207,Men,Topwear,Sweatshirts,Puma,38,Off white,4.00,,,,,OD0207,C007,P0173,12/3/2021,475.00,47.00%
P0208,Men,Topwear,Sweatshirts,Puma,38,Off white,3.00,,,,,OD0208,C008,P0174,8/19/2022,349.00,47.00%
P0209,Men,Topwear,Sweatshirts,Puma,42,Black & White,5.00,,,,,OD0209,C009,P0175,7/26/2021,350.00,46.00%
P0210,Men,Topwear,Sweatshirts,Puma,42,Black & White,4.00,,,,,OD0210,C010,P0176,3/13/2023,351.00,46.00%
P0211,Men,Topwear,Sweatshirts,Puma,42,Black & White,2.00,,,,,OD0211,C011,P0177,2/23/2022,352.00,46.00%
P0212,Men,Topwear,Sweatshirts,Puma,42,Black & White,5.00,,,,,OD0212,C012,P0178,4/11/2021,353.00,30.00%
P0213,Men,Topwear,Sweatshirts,Puma,46,Black & White,5.00,,,,,OD0213,C013,P0179,11/29/2021,354.00,30.00%
P0214,Men,Topwear,Sweatshirts,Adidas,46,Black & White,5.00,,,,,OD0214,C014,P0180,3/1/2022,355.00,30.00%
P0215,Men,Topwear,Sweatshirts,Adidas,46,Black & White,4.00,,,,,OD0215,C015,P0181,9/2/2022,356.00,30.00%
P0216,Men,Topwear,Sweatshirts,Adidas,44,Black & White,4.00,,,,,OD0216,C016,P0182,6/29/2021,999.00,30.00%
P0217,Men,Topwear,Sweatshirts,Adidas,44,Beige,4.00,,,,,OD0217,C017,P0183,7/3/2021,555.00,35.00%
P0218,Men,Topwear,Sweatshirts,Adidas,44,Beige,5.00,,,,,OD0218,C018,P0184,3/2/2021,555.00,35.00%
P0219,Men,Topwear,Sweatshirts,Adidas,36,Beige,5.00,,,,,OD0219,C019,P0185,4/2/2021,555.00,35.00%
P0220,Men,Topwear,Sweatshirts,Adidas,36,Beige,3.00,,,,,OD0220,C020,P0186,5/12/2022,555.00,35.00%
P0221,Men,Topwear,Sweatshirts,Adidas,36,Beige,5.00,,,,,OD0221,C021,P0187,10/27/2022,1025.00,35.00%
P0222,Men,Topwear,Sweatshirts,Adidas,38,Orange,5.00,,,,,OD0222,C022,P0188,9/12/2021,1025.00,35.00%
P0223,Men,Topwear,Sweatshirts,Adidas,40,Orange,4.00,,,,,OD0223,C023,P0188,2/6/2021,1025.00,40.00%
P0224,Men,Topwear,Sweatshirts,Adidas,42,Orange,3.00,,,,,OD0224,C024,P0188,2/26/2022,555.00,40.00%
P0225,Men,Topwear,Sweatshirts,Adidas,44,Orange,5.00,,,,,OD0225,C025,P0189,12/27/2022,599.00,15.00%
P0226,Men,Topwear,Sweatshirts,Adidas,38,Orange,4.00,,,,,OD0226,C026,P0190,1/26/2021,555.00,15.00%
P0227,Men,Topwear,Sweatshirts,Adidas,46,Teal,3.00,,,,,OD0227,C027,P0191,3/16/2023,555.00,15.00%
P0228,Men,Topwear,Sweatshirts,Adidas,38,Teal,5.00,,,,,OD0228,C028,P0192,4/2/2022,2245.00,35.00%
P0229,Men,Topwear,Sweatshirts,Levis,38,Teal,5.00,,,,,OD0229,C029,P0193,8/25/2022,2256.00,35.00%
P0230,Men,Topwear,Sweatshirts,Levis,38,Teal,4.00,,,,,OD0230,C030,P0194,3/13/2023,2214.00,35.00%
P0231,Men,Topwear,Sweatshirts,Levis,38,Peach,2.00,,,,,OD0231,C031,P0195,1/5/2021,2145.00,35.00%
P0232,Men,Topwear,Sweatshirts,Levis,38,Peach,3.00,,,,,OD0232,C032,P0196,1/9/2021,2325.00,55.00%
P0233,Men,Topwear,Sweatshirts,Levis,42,Peach,4.00,,,,,OD0233,C033,P0197,11/22/2021,2256.00,55.00%
P0234,Men,Topwear,Sweatshirts,Levis,42,Peach,5.00,,,,,OD0234,C034,P0198,8/15/2022,1425.00,55.00%
P0235,Men,Topwear,Sweatshirts,Levis,42,Rust,4.00,,,,,OD0235,C035,P0199,10/15/2022,2236.00,55.00%
P0236,Men,Topwear,Sweatshirts,Levis,42,Rust,4.00,,,,,OD0236,C036,P0200,1/12/2023,2525.00,50.00%
P0237,Men,Topwear,Sweatshirts,Levis,36,Rust,4.00,,,,,OD0237,C037,P0201,1/25/2021,2145.00,50.00%
P0238,Men,Topwear,Sweatshirts,Levis,36,Rust,3.00,,,,,OD0238,C038,P0202,3/28/2022,2365.00,50.00%
P0239,Men,Topwear,Sweatshirts,Levis,36,Maroon,2.00,,,,,OD0239,C039,P0203,2/17/2022,1245.00,50.00%
P0240,Men,Topwear,Sweatshirts,Levis,36,Maroon,5.00,,,,,OD0240,C040,P0204,2/6/2021,3245.00,50.00%
P0241,Men,Topwear,Sweatshirts,Levis,40,Maroon,4.00,,,,,OD0241,C041,P0205,6/21/2021,1222.00,30.00%
P0242,Men,Topwear,Sweatshirts,Levis,40,Maroon,2.00,,,,,OD0242,C042,P0206,2/5/2021,2451.00,32.00%
P0243,Men,Topwear,Sweatshirts,Levis,40,Maroon,5.00,,,,,OD0243,C043,P0207,1/25/2021,2256.00,25.00%
P0244,Men,Topwear,Sweatshirts,Levis,40,Turquoise Blue,5.00,,,,,OD0244,C044,P0208,11/19/2021,399.00,45.00%
P0245,Men,Topwear,Sweatshirts,Levis,42,Turquoise Blue,4.00,,,,,OD0245,C045,P0209,3/21/2021,399.00,15.00%
P0246,Men,Topwear,Sweatshirts,Levis,42,Turquoise Blue,4.00,,,,,OD0246,C046,P0210,9/28/2021,399.00,33.00%
P0247,Men,Topwear,Sweatshirts,Levis,42,Turquoise Blue,4.00,,,,,OD0247,C047,P0211,3/28/2021,399.00,42.00%
P0248,Men,Topwear,Sweatshirts,Levis,42,Red,3.00,,,,,OD0248,C048,P0212,1/16/2023,555.00,42.00%
P0249,Men,Topwear,Sweatshirts,Levis,44,Red,5.00,,,,,OD0249,C049,P0213,6/22/2021,555.00,39.00%
P0250,Men,Topwear,Sweatshirts,Levis,44,Red,4.00,,,,,OD0250,C050,P0214,9/24/2022,555.00,39.00%
P0251,Men,Topwear,Sweatshirts,Levis,44,Blue,2.00,,,,,OD0251,C051,P0214,3/25/2021,555.00,39.00%
P0252,Men,Topwear,Sweatshirts,Levis,44,Blue,5.00,,,,,OD0252,C052,P0214,10/3/2022,675.00,39.00%
P0253,Men,Topwear,Sweatshirts,Levis,46,Blue,5.00,,,,,OD0253,C053,P0214,10/18/2022,675.00,30.00%
P0254,Men,Topwear,Sweatshirts,Levis,46,Blue,5.00,,,,,OD0254,C054,P0214,7/27/2021,675.00,30.00%
P0255,Men,Topwear,Sweatshirts,Wrogn,46,Blue,4.00,,,,,OD0255,C055,P0215,10/5/2021,654.00,30.00%
P0256,Men,Topwear,Sweatshirts,Wrogn,46,Burgundy,4.00,,,,,OD0256,C056,P0216,4/27/2021,654.00,25.00%
P0257,Men,Topwear,Sweatshirts,Wrogn,46,Burgundy,4.00,,,,,OD0257,C057,P0217,9/13/2022,654.00,25.00%
P0258,Men,Topwear,Sweatshirts,Wrogn,44,Burgundy,5.00,,,,,OD0258,C058,P0218,4/5/2021,654.00,30.00%
P0259,Men,Topwear,Sweatshirts,Wrogn,44,Burgundy,5.00,,,,,OD0259,C059,P0219,9/4/2022,356.00,30.00%
P0260,Men,Topwear,Sweatshirts,Wrogn,44,Burgundy,3.00,,,,,OD0260,C060,P0220,3/14/2021,686.00,30.00%
P0261,Men,Topwear,Sweatshirts,Wrogn,44,Coral,5.00,,,,,OD0261,C061,P0221,1/19/2023,456.00,40.00%
P0262,Men,Topwear,Sweatshirts,Wrogn,44,Coral,5.00,,,,,OD0262,C062,P0222,10/9/2022,516.00,40.00%
P0263,Men,Topwear,Sweatshirts,Wrogn,44,Coral,4.00,,,,,OD0263,C063,P0223,9/27/2021,355.00,40.00%
P0264,Men,Topwear,Sweatshirts,Wrogn,44,Coral,3.00,,,,,OD0264,C064,P0224,3/29/2022,465.00,40.00%
P0265,Men,Topwear,Sweatshirts,Wrogn,40,Coral,3.00,,,,,OD0265,C065,P0225,10/23/2021,965.00,40.00%
P0266,Men,Topwear,Sweatshirts,Wrogn,40,Lavender,3.00,,,,,OD0266,C066,P0226,1/4/2022,1158.00,40.00%
P0267,Men,Topwear,Sweatshirts,Wrogn,40,Lavender,3.00,,,,,OD0267,C067,P0227,8/4/2021,264.00,45.00%
P0268,Men,Topwear,Sweatshirts,Wrogn,40,Lavender,3.00,,,,,OD0268,C068,P0228,1/23/2021,433.00,45.00%
P0269,Men,Topwear,Sweatshirts,Woodland,38,Lavender,3.00,,,,,OD0269,C069,P0229,10/19/2022,562.00,45.00%
P0270,Men,Topwear,Sweatshirts,Woodland,38,Gold,2.00,,,,,OD0270,C070,P0230,10/27/2022,423.00,47.00%
P0271,Men,Topwear,Sweatshirts,Woodland,38,Gold,2.00,,,,,OD0271,C071,P0231,3/29/2023,621.00,47.00%
P0272,Men,Topwear,Sweatshirts,Woodland,38,Gold,2.00,,,,,OD0272,C072,P0232,9/25/2022,333.00,46.00%
P0273,Men,Topwear,Sweatshirts,Woodland,38,Gold,2.00,,,,,OD0273,C073,P0233,3/15/2023,236.00,46.00%
P0274,Men,Topwear,Sweatshirts,Woodland,38,Gold,2.00,,,,,OD0274,C074,P0234,9/10/2021,456.00,46.00%
P0275,Men,Topwear,Sweatshirts,Woodland,42,Rose,4.00,,,,,OD0275,C075,P0235,8/2/2022,963.00,30.00%
P0276,Men,Topwear,Sweatshirts,Woodland,42,Rose,4.00,,,,,OD0276,C076,P0236,9/3/2021,234.00,30.00%
P0277,Men,Topwear,Sweatshirts,Woodland,42,Rose,4.00,,,,,OD0277,C077,P0237,7/25/2022,456.00,30.00%
P0278,Men,Topwear,Sweatshirts,Woodland,42,Rose,4.00,,,,,OD0278,C078,P0238,9/12/2021,564.00,30.00%
P0279,Men,Topwear,Sweatshirts,Woodland,46,Rose,4.00,,,,,OD0279,C079,P0239,8/30/2022,634.00,30.00%
P0280,Men,Topwear,Sweaters,Roadster,46,Rose,5.00,,,,,OD0280,C080,P0240,3/8/2021,236.00,35.00%
P0281,Men,Topwear,Sweaters,Roadster,46,Sea Green,5.00,,,,,OD0281,C081,P0241,2/26/2021,444.00,35.00%
P0282,Men,Topwear,Sweaters,Roadster,44,Sea Green,5.00,,,,,OD0282,C082,P0242,1/13/2022,456.00,35.00%
P0283,Men,Topwear,Sweaters,Roadster,44,Sea Green,5.00,,,,,OD0283,C083,P0243,9/6/2022,963.00,35.00%
P0284,Men,Topwear,Sweaters,Roadster,44,Sea Green,4.00,,,,,OD0284,C084,P0244,2/1/2021,456.00,35.00%
P0285,Men,Topwear,Sweaters,Roadster,36,Sea Green,4.00,,,,,OD0285,C085,P0245,1/23/2023,1189.00,35.00%
P0286,Men,Topwear,Sweaters,Roadster,36,Khaki,4.00,,,,,OD0286,C086,P0245,5/2/2021,1298.00,40.00%
P0287,Men,Topwear,Sweaters,Roadster,36,Khaki,4.00,,,,,OD0287,C087,P0245,1/12/2023,1456.00,40.00%
P0288,Men,Topwear,Sweaters,Roadster,36,Khaki,4.00,,,,,OD0288,C088,P0246,3/27/2021,1478.00,15.00%
P0289,Men,Topwear,Sweaters,Roadster,38,Khaki,5.00,,,,,OD0289,C089,P0247,4/24/2022,256.00,15.00%
P0290,Men,Topwear,Sweaters,Roadster,38,Khaki,3.00,,,,,OD0290,C090,P0248,3/4/2023,2698.00,15.00%
P0291,Men,Topwear,Sweaters,Roadster,38,Khaki,2.00,,,,,OD0291,C091,P0249,9/12/2022,2364.00,35.00%
P0292,Men,Topwear,Sweaters,Roadster,38,Khaki,5.00,,,,,OD0292,C092,P0250,5/15/2021,1236.00,35.00%
P0293,Men,Topwear,Sweaters,Roadster,40,Pink,4.00,,,,,OD0293,C093,P0251,3/29/2021,756.00,35.00%
P0294,Men,Topwear,Sweaters,Roadster,40,Pink,3.00,,,,,OD0294,C094,P0252,1/13/2023,326.00,35.00%
P0295,Men,Topwear,Sweaters,Roadster,40,Pink,5.00,,,,,OD0295,C095,P0253,7/22/2021,453.00,55.00%
P0296,Men,Topwear,Sweaters,Roadster,42,Yellow,4.00,,,,,OD0296,C096,P0254,2/15/2021,326.00,55.00%
P0297,Men,Topwear,Sweaters,Raymond,42,Yellow,2.00,,,,,OD0297,C097,P0255,8/29/2021,456.00,55.00%
P0298,Men,Topwear,Sweaters,Raymond,42,Yellow,5.00,,,,,OD0298,C098,P0256,3/2/2021,675.00,55.00%
P0299,Men,Topwear,Sweaters,Raymond,42,Maroon,5.00,,,,,OD0299,C099,P0257,11/27/2022,654.00,50.00%
P0300,Men,Topwear,Sweaters,Raymond,42,Maroon,4.00,,,,,OD0300,C100,P0257,2/28/2022,654.00,50.00%
P0301,Men,Topwear,Sweaters,Raymond,42,Maroon,4.00,,,,,OD0301,C100,P0257,12/19/2022,654.00,50.00%
P0302,Men,Topwear,Sweaters,Raymond,44,Maroon,4.00,,,,,OD0302,C100,P0257,8/23/2022,654.00,50.00%
P0303,Men,Topwear,Sweaters,Raymond,44,Maroon,3.00,,,,,OD0303,C100,P0257,1/17/2021,356.00,50.00%
P0304,Men,Topwear,Sweaters,Raymond,44,Navy Blue,5.00,,,,,OD0304,C100,P0257,11/3/2021,686.00,30.00%
P0305,Men,Topwear,Sweaters,Raymond,44,Navy Blue,4.00,,,,,OD0305,C100,P0258,3/19/2021,456.00,32.00%
P0306,Men,Topwear,Sweaters,Raymond,44,Navy Blue,2.00,,,,,OD0306,C100,P0259,4/14/2022,516.00,25.00%
P0307,Men,Topwear,Sweaters,Raymond,46,Navy Blue,5.00,,,,,OD0307,C100,P0260,3/6/2022,355.00,45.00%
P0308,Men,Topwear,Sweaters,H&M,46,Navy Blue,5.00,,,,,OD0308,C099,P0261,6/16/2021,465.00,15.00%
P0309,Men,Topwear,Sweaters,H&M,46,Navy Blue,5.00,,,,,OD0309,C099,P0262,1/28/2022,965.00,33.00%
P0310,Men,Topwear,Sweaters,H&M,46,Blue,4.00,,,,,OD0310,C099,P0263,12/12/2022,1158.00,42.00%
P0311,Men,Topwear,Sweaters,H&M,38,Sea Green,4.00,,,,,OD0311,C099,P0264,1/6/2021,264.00,42.00%
P0312,Men,Topwear,Sweaters,H&M,40,Sea Green,4.00,,,,,OD0312,C099,P0265,9/19/2021,433.00,39.00%
P0313,Men,Topwear,Sweaters,H&M,42,Sea Green,5.00,,,,,OD0313,C099,P0266,1/20/2023,562.00,39.00%
P0314,Men,Topwear,Sweaters,H&M,44,Blue,5.00,,,,,OD0314,C099,P0267,4/19/2021,423.00,39.00%
P0315,Men,Topwear,Sweaters,H&M,38,Blue,3.00,,,,,OD0315,C099,P0268,3/25/2021,621.00,39.00%
P0316,Men,Topwear,Sweaters,H&M,46,Beige,5.00,,,,,OD0316,C001,P0269,1/27/2022,333.00,30.00%
P0317,Men,Topwear,Sweaters,H&M,38,Beige,5.00,,,,,OD0317,C002,P0270,2/21/2021,236.00,30.00%
P0318,Men,Topwear,Sweaters,H&M,38,Beige,4.00,,,,,OD0318,C003,P0271,5/22/2022,456.00,30.00%
P0319,Men,Topwear,Sweaters,H&M,38,Beige,3.00,,,,,OD0319,C004,P0272,5/3/2021,963.00,25.00%
P0320,Men,Topwear,Sweaters,H&M,38,Beige,5.00,,,,,OD0320,C005,P0273,7/5/2021,234.00,25.00%
P0321,Men,Topwear,Sweaters,H&M,38,Grey,4.00,,,,,OD0321,C006,P0274,7/15/2022,456.00,30.00%
P0322,Men,Topwear,Sweaters,H&M,42,Grey,3.00,,,,,OD0322,C007,P0274,9/20/2022,564.00,30.00%
P0323,Men,Topwear,Sweaters,Allen Solly,42,Grey,5.00,,,,,OD0323,C008,P0274,12/21/2021,634.00,30.00%
P0324,Men,Topwear,Sweaters,Allen Solly,42,Grey,5.00,,,,,OD0324,C009,P0274,12/3/2021,236.00,40.00%
P0325,Men,Topwear,Sweaters,Allen Solly,42,Olive,4.00,,,,,OD0325,C010,P0274,5/25/2022,444.00,40.00%
P0326,Men,Topwear,Sweaters,Allen Solly,36,Olive,2.00,,,,,OD0326,C011,P0275,12/5/2021,456.00,40.00%
P0327,Men,Topwear,Sweaters,Allen Solly,36,Olive,3.00,,,,,OD0327,C012,P0276,11/7/2021,963.00,40.00%
P0328,Men,Topwear,Sweaters,Allen Solly,36,Orange,4.00,,,,,OD0328,C013,P0277,9/8/2022,456.00,40.00%
P0329,Men,Topwear,Sweaters,Allen Solly,36,Orange,5.00,,,,,OD0329,C014,P0278,12/27/2022,1189.00,40.00%
P0330,Men,Topwear,Sweaters,Allen Solly,40,Orange,4.00,,,,,OD0330,C015,P0279,10/31/2021,1298.00,45.00%
P0331,Men,Topwear,Sweaters,Allen Solly,40,Orange,4.00,,,,,OD0331,C016,P0280,5/21/2021,1456.00,45.00%
P0332,Men,Topwear,Sweaters,Allen Solly,40,Teal,4.00,,,,,OD0332,C017,P0281,7/20/2021,1478.00,45.00%
P0333,Men,Topwear,Sweaters,Allen Solly,40,Teal,3.00,,,,,OD0333,C018,P0282,9/1/2022,256.00,47.00%
P0334,Men,Topwear,Sweaters,Allen Solly,42,Teal,2.00,,,,,OD0334,C019,P0283,12/17/2021,2698.00,47.00%
P0335,Men,Topwear,Sweaters,Allen Solly,42,Teal,5.00,,,,,OD0335,C020,P0284,9/15/2021,2364.00,46.00%
P0336,Men,Topwear,Sweaters,Allen Solly,42,Beige,4.00,,,,,OD0336,C021,P0285,10/14/2021,1236.00,46.00%
P0337,Men,Topwear,Sweaters,Allen Solly,42,Beige,2.00,,,,,OD0337,C022,P0286,9/30/2021,756.00,46.00%
P0338,Men,Topwear,Jackets,Roadster,44,Beige,5.00,,,,,OD0338,C023,P0287,7/12/2022,326.00,30.00%
P0339,Men,Topwear,Jackets,Roadster,44,Beige,5.00,,,,,OD0339,C024,P0288,8/12/2021,453.00,30.00%
P0340,Men,Topwear,Jackets,Roadster,44,Beige,4.00,,,,,OD0340,C025,P0289,10/19/2022,326.00,30.00%
P0341,Men,Topwear,Jackets,Roadster,44,Brown,4.00,,,,,OD0341,C026,P0290,12/11/2022,456.00,30.00%
P0342,Men,Topwear,Jackets,Roadster,46,Brown,4.00,,,,,OD0342,C027,P0291,5/8/2022,675.00,30.00%
P0343,Men,Topwear,Jackets,Roadster,46,Brown,3.00,,,,,OD0343,C028,P0292,12/4/2021,654.00,35.00%
P0344,Men,Topwear,Jackets,Roadster,46,Brown,5.00,,,,,OD0344,C029,P0292,3/24/2022,654.00,35.00%
P0345,Men,Topwear,Jackets,Roadster,46,White,4.00,,,,,OD0345,C030,P0292,9/19/2021,654.00,35.00%
P0346,Men,Topwear,Jackets,Roadster,46,White,2.00,,,,,OD0346,C031,P0292,1/29/2022,654.00,35.00%
P0347,Men,Topwear,Jackets,Roadster,44,White,5.00,,,,,OD0347,C032,P0293,12/27/2022,356.00,35.00%
P0348,Men,Topwear,Jackets,Roadster,44,White,5.00,,,,,OD0348,C033,P0294,2/15/2022,686.00,35.00%
P0349,Men,Topwear,Jackets,Roadster,44,Black,5.00,,,,,OD0349,C034,P0295,9/21/2022,456.00,40.00%
P0350,Men,Topwear,Jackets,Roadster,44,Black,4.00,,,,,OD0350,C035,P0296,4/12/2021,516.00,40.00%
P0351,Men,Topwear,Jackets,Roadster,44,Black,4.00,,,,,OD0351,C036,P0297,10/8/2022,355.00,15.00%
P0352,Men,Topwear,Jackets,Roadster,44,Black,4.00,,,,,OD0352,C037,P0298,4/2/2021,465.00,15.00%
P0353,Men,Topwear,Jackets,Roadster,44,Black,5.00,,,,,OD0353,C038,P0299,10/28/2022,965.00,15.00%
P0354,Men,Topwear,Jackets,Roadster,40,Beige,5.00,,,,,OD0354,C039,P0300,7/3/2021,1158.00,35.00%
P0355,Men,Topwear,Jackets,Roadster,40,Beige,3.00,,,,,OD0355,C040,P0301,10/23/2022,264.00,35.00%
P0356,Men,Topwear,Jackets,Roadster,40,Beige,5.00,,,,,OD0356,C041,P0302,2/4/2021,433.00,35.00%
P0357,Men,Topwear,Jackets,Puma,40,Beige,5.00,,,,,OD0357,C042,P0303,6/28/2021,562.00,35.00%
P0358,Men,Topwear,Jackets,Puma,38,Beige,4.00,,,,,OD0358,C043,P0304,11/20/2021,423.00,55.00%
P0359,Men,Topwear,Jackets,Puma,38,Beige,3.00,,,,,OD0359,C044,P0305,6/17/2022,621.00,55.00%
P0360,Men,Topwear,Jackets,Puma,38,Beige,3.00,,,,,OD0360,C045,P0306,4/27/2022,333.00,55.00%
P0361,Men,Topwear,Jackets,Puma,38,Beige,3.00,,,,,OD0361,C046,P0307,4/8/2021,236.00,55.00%
P0362,Men,Topwear,Jackets,Puma,38,Navy Blue,3.00,,,,,OD0362,C047,P0308,6/12/2021,456.00,50.00%
P0363,Men,Topwear,Jackets,Puma,38,Navy Blue,3.00,,,,,OD0363,C048,P0309,7/19/2021,963.00,50.00%
P0364,Men,Topwear,Jackets,Puma,42,Navy Blue,3.00,,,,,OD0364,C049,P0310,1/26/2021,234.00,50.00%
P0365,Men,Topwear,Jackets,Puma,42,Peach,3.00,,,,,OD0365,C050,P0311,11/6/2022,456.00,50.00%
P0366,Men,Topwear,Jackets,Puma,42,Peach,3.00,,,,,OD0366,C051,P0312,4/21/2021,564.00,50.00%
P0367,Men,Topwear,Jackets,Puma,42,Peach,3.00,,,,,OD0367,C052,P0313,3/2/2022,634.00,30.00%
P0368,Men,Topwear,Jackets,Puma,46,Peach,3.00,,,,,OD0368,C053,P0314,1/24/2023,236.00,32.00%
P0369,Men,Topwear,Jackets,HRX by Hrithik Roshan ,46,Peach,3.00,,,,,OD0369,C054,P0315,1/6/2022,444.00,25.00%
P0370,Men,Topwear,Jackets,HRX by Hrithik Roshan ,46,Peach,4.00,,,,,OD0370,C055,P0316,8/16/2021,456.00,45.00%
P0371,Men,Topwear,Jackets,HRX by Hrithik Roshan ,44,Rust,5.00,,,,,OD0371,C056,P0317,2/9/2022,963.00,15.00%
P0372,Men,Topwear,Jackets,HRX by Hrithik Roshan ,44,Rust,3.00,,,,,OD0372,C057,P0318,2/23/2023,456.00,33.00%
P0373,Men,Topwear,Jackets,HRX by Hrithik Roshan ,44,Rust,2.00,,,,,OD0373,C058,P0319,10/12/2022,1189.00,42.00%
P0374,Men,Topwear,Jackets,HRX by Hrithik Roshan ,36,Charcoal,5.00,,,,,OD0374,C059,P0319,1/24/2023,1298.00,42.00%
P0375,Men,Topwear,Jackets,HRX by Hrithik Roshan ,36,Charcoal,4.00,,,,,OD0375,C060,P0319,1/14/2021,1456.00,39.00%
P0376,Men,Topwear,Jackets,HRX by Hrithik Roshan ,36,Charcoal,3.00,,,,,OD0376,C061,P0319,3/6/2023,1478.00,39.00%
P0377,Men,Topwear,Jackets,HRX by Hrithik Roshan ,38,Turquoise Blue,5.00,,,,,OD0377,C062,P0319,3/15/2022,256.00,39.00%
P0378,Men,Topwear,Jackets,HRX by Hrithik Roshan ,40,Turquoise Blue,4.00,,,,,OD0378,C063,P0319,1/31/2023,2698.00,39.00%
P0379,Men,Topwear,Jackets,HRX by Hrithik Roshan ,42,Turquoise Blue,2.00,,,,,OD0379,C064,P0319,2/17/2021,2364.00,30.00%
P0380,Men,Topwear,Jackets,HRX by Hrithik Roshan ,44,Peach,5.00,,,,,OD0380,C065,P0320,12/18/2022,1236.00,30.00%
P0381,Men,Topwear,Jackets,HRX by Hrithik Roshan ,38,Peach,5.00,,,,,OD0381,C066,P0321,9/19/2022,756.00,30.00%
P0382,Men,Topwear,Jackets,HRX by Hrithik Roshan ,46,Peach,4.00,,,,,OD0382,C067,P0322,3/6/2021,326.00,25.00%
P0383,Men,Topwear,Jackets,Wrogn,38,Peach,4.00,,,,,OD0383,C068,P0323,4/9/2022,453.00,25.00%
P0384,Men,Topwear,Jackets,Wrogn,38,Peach,4.00,,,,,OD0384,C069,P0324,9/24/2021,326.00,30.00%
P0385,Men,Topwear,Jackets,Wrogn,38,Beige,3.00,,,,,OD0385,C070,P0325,11/24/2021,456.00,30.00%
P0386,Men,Topwear,Jackets,Wrogn,38,Beige,5.00,,,,,OD0386,C071,P0326,2/27/2021,456.00,30.00%
P0387,Men,Topwear,Jackets,Wrogn,38,Beige,4.00,,,,,OD0387,C072,P0327,3/24/2023,456.00,40.00%
P0388,Men,Topwear,Jackets,Wrogn,42,Beige,2.00,,,,,OD0388,C073,P0328,12/28/2022,456.00,40.00%
P0389,Men,Topwear,Jackets,Wrogn,42,Beige,5.00,,,,,OD0389,C074,P0329,4/15/2022,236.00,40.00%
P0390,Men,Topwear,Jackets,Wrogn,42,White,5.00,,,,,OD0390,C075,P0330,4/3/2022,996.00,40.00%
P0391,Men,Topwear,Jackets,Wrogn,42,White,5.00,,,,,OD0391,C076,P0331,7/30/2022,654.00,40.00%
P0392,Men,Topwear,Jackets,Wrogn,36,White,4.00,,,,,OD0392,C077,P0332,3/21/2023,456.00,40.00%
P0393,Men,Topwear,Jackets,Wrogn,36,White,4.00,,,,,OD0393,C078,P0333,1/8/2023,785.00,45.00%
P0394,Men,Topwear,Jackets,Wrogn,36,White,4.00,,,,,OD0394,C079,P0334,5/20/2022,365.00,45.00%
P0395,Men,Topwear,Jackets,Wrogn,36,Off white,5.00,,,,,OD0395,C080,P0334,11/28/2022,965.00,45.00%
P0396,Men,Topwear,Jackets,Wrogn,40,Off white,5.00,,,,,OD0396,C081,P0334,1/11/2023,444.00,47.00%
P0397,Men,Topwear,Jackets,Wrogn,40,Off white,3.00,,,,,OD0397,C082,P0335,7/29/2022,569.00,47.00%
P0398,Men,Topwear,Jackets,Wrogn,40,Black,5.00,,,,,OD0398,C083,P0336,2/2/2021,475.00,46.00%
P0399,Men,Topwear,Jackets,Adidas,40,Black,5.00,,,,,OD0399,C084,P0337,2/14/2023,598.00,46.00%
P0400,Men,Topwear,Jackets,Adidas,42,Black,4.00,,,,,OD0400,C085,P0338,10/5/2022,536.00,46.00%
P0401,Men,Topwear,Jackets,Adidas,42,Black,3.00,,,,,OD0401,C086,P0339,11/10/2022,256.00,30.00%
P0402,Men,Topwear,Jackets,Adidas,42,Brown,5.00,,,,,OD0402,C087,P0340,7/23/2021,456.00,30.00%
P0403,Men,Topwear,Jackets,Adidas,42,Brown,4.00,,,,,OD0403,C088,P0341,12/20/2021,456.00,30.00%
P0404,Men,Topwear,Jackets,Adidas,44,Brown,3.00,,,,,OD0404,C089,P0342,9/19/2021,745.00,30.00%
P0405,Men,Topwear,Jackets,Adidas,44,Brown,5.00,,,,,OD0405,C090,P0343,3/1/2023,356.00,30.00%
P0406,Men,Topwear,Jackets,Adidas,44,Purple,5.00,,,,,OD0406,C091,P0344,8/28/2021,1189.00,35.00%
P0407,Men,Topwear,Jackets,Adidas,44,Purple,4.00,,,,,OD0407,C092,P0345,10/17/2021,426.00,35.00%
P0408,Men,Topwear,Jackets,Adidas,46,Black,2.00,,,,,OD0408,C093,P0346,8/9/2021,1126.00,35.00%
P0409,Men,Topwear,Jackets,Adidas,46,Black,3.00,,,,,OD0409,C094,P0347,12/18/2022,1145.00,35.00%
P0410,Men,Topwear,Jackets,Adidas,46,Brown,4.00,,,,,OD0410,C095,P0348,12/2/2021,1235.00,35.00%
P0411,Men,Topwear,Jackets,Adidas,46,Brown,5.00,,,,,OD0411,C096,P0349,3/16/2023,1564.00,35.00%
P0412,Men,Topwear,Jackets,Adidas,46,Brown,4.00,,,,,OD0412,C097,P0350,1/8/2023,654.00,40.00%
P0413,Men,Topwear,Jackets,Adidas,44,Brown,4.00,,,,,OD0413,C098,P0351,1/28/2022,854.00,40.00%
P0414,Men,Topwear,Jackets,Adidas,44,Beige,4.00,,,,,OD0414,C099,P0352,3/24/2023,475.00,15.00%
P0415,Men,Topwear,Jackets,Adidas,44,Beige,3.00,,,,,OD0415,C100,P0353,2/4/2021,349.00,15.00%
P0416,Men,Topwear,Jackets,Adidas,44,Pink,2.00,,,,,OD0416,C001,P0354,12/19/2022,350.00,15.00%
P0417,Men,Topwear,Jackets,Adidas,44,Pink,5.00,,,,,OD0417,C002,P0355,3/12/2021,351.00,35.00%
P0418,Men,Topwear,Jackets,H&M,44,Pink,4.00,,,,,OD0418,C003,P0356,11/14/2022,352.00,35.00%
P0419,Men,Topwear,Jackets,H&M,44,Orange,2.00,,,,,OD0419,C004,P0357,9/17/2021,2245.00,35.00%
P0420,Men,Topwear,Jackets,H&M,40,Orange,5.00,,,,,OD0420,C005,P0358,4/5/2021,2135.00,35.00%
P0421,Men,Topwear,Jackets,H&M,40,Orange,5.00,,,,,OD0421,C006,P0359,8/15/2022,1245.00,55.00%
P0422,Men,Topwear,Jackets,H&M,40,Yellow,4.00,,,,,OD0422,C007,P0360,10/25/2022,2145.00,55.00%
P0423,Men,Topwear,Jackets,H&M,40,Yellow,4.00,,,,,OD0423,C008,P0361,1/8/2021,2356.00,55.00%
P0424,Men,Topwear,Jackets,H&M,38,Yellow,4.00,,,,,OD0424,C009,P0362,9/17/2022,2235.00,55.00%
P0425,Men,Topwear,Jackets,H&M,38,Cream,3.00,,,,,OD0425,C010,P0363,5/8/2021,2252.00,50.00%
P0426,Men,Topwear,Jackets,H&M,38,Cream,5.00,,,,,OD0426,C011,P0364,9/25/2021,2452.00,50.00%
P0427,Men,Topwear,Jackets,H&M,38,Cream,4.00,,,,,OD0427,C012,P0365,9/4/2021,2263.00,50.00%
P0428,Men,Topwear,Jackets,H&M,38,Cream,2.00,,,,,OD0428,C013,P0366,10/6/2022,2253.00,50.00%
P0429,Men,Topwear,Jackets,H&M,38,Green,5.00,,,,,OD0429,C014,P0367,10/27/2022,1025.00,50.00%
P0430,Men,Topwear,Jackets,H&M,42,Green,5.00,,,,,OD0430,C015,P0368,12/3/2022,1025.00,30.00%
P0431,Men,Topwear,Jackets,H&M,42,Green,5.00,,,,,OD0431,C016,P0369,1/17/2023,555.00,32.00%
P0432,Men,Topwear,Jackets,H&M,42,Teal,4.00,,,,,OD0432,C017,P0370,5/23/2021,599.00,25.00%
P0433,Men,Topwear,Jackets,H&M,42,Teal,4.00,,,,,OD0433,C018,P0371,4/27/2022,555.00,45.00%
P0434,Men,Topwear,Jackets,H&M,46,Teal,4.00,,,,,OD0434,C019,P0372,9/20/2021,555.00,15.00%
P0435,Men,Topwear,Jackets,H&M,46,Teal,5.00,,,,,OD0435,C020,P0373,8/20/2022,565.00,33.00%
P0436,Men,Topwear,Jackets,H&M,46,Teal,5.00,,,,,OD0436,C021,P0374,4/9/2021,555.00,42.00%
P0437,Men,Topwear,Jackets,H&M,44,Sea Green,3.00,,,,,OD0437,C022,P0375,12/29/2022,999.00,42.00%
P0438,Men,Topwear,Jackets,H&M,44,Red ,5.00,,,,,OD0438,C023,P0376,11/14/2022,999.00,39.00%
P0439,Men,Topwear,Jackets,H&M,44,Blue,5.00,,,,,OD0439,C024,P0377,10/8/2022,999.00,39.00%
P0440,Men,Topwear,Jackets,H&M,36,Orange,4.00,,,,,OD0440,C025,P0378,6/18/2021,999.00,39.00%
P0441,Men,Topwear,Jackets,H&M,36,Green,3.00,,,,,OD0441,C026,P0379,11/6/2022,1119.00,39.00%
P0442,Men,Topwear,Jackets,H&M,36,Purple,3.00,,,,,OD0442,C027,P0380,9/28/2021,1119.00,30.00%
P0443,Men,Topwear,Jackets,Puma,36,White,3.00,,,,,OD0443,C028,P0381,8/19/2021,1119.00,30.00%
P0444,Men,Topwear,Jackets,Puma,38,Off white,3.00,,,,,OD0444,C029,P0382,9/19/2022,1119.00,30.00%
P0445,Men,Topwear,Jackets,Puma,38,Sea Green,4.00,,,,,OD0445,C030,P0383,9/28/2021,985.00,25.00%
P0446,Men,Topwear,Jackets,Puma,38,Green,4.00,,,,,OD0446,C031,P0384,1/7/2021,985.00,25.00%
P0447,Men,Topwear,Jackets,Puma,38,Peach,4.00,,,,,OD0447,C032,P0385,3/5/2021,985.00,30.00%
P0448,Men,Topwear,Jackets,Puma,40,Lavender,4.00,,,,,OD0448,C033,P0386,12/23/2021,985.00,30.00%
P0449,Men,Topwear,Jackets,Puma,40,Charcoal,4.00,,,,,OD0449,C034,P0387,11/12/2021,985.00,30.00%
P0450,Men,Topwear,Jackets,Puma,40,Beige,4.00,,,,,OD0450,C035,P0388,1/6/2021,369.00,40.00%
P0451,Men,Topwear,Jackets,Puma,42,Cream,4.00,,,,,OD0451,C036,P0388,4/22/2022,399.00,40.00%
P0452,Men,Topwear,Jackets,Puma,42,Off white,4.00,,,,,OD0452,C037,P0388,9/2/2022,399.00,40.00%
P0453,Men,Topwear,Jackets,Puma,42,Brown,4.00,,,,,OD0453,C038,P0388,7/30/2021,399.00,40.00%
P0454,Men,Topwear,Jackets,Puma,42,Mustard,4.00,,,,,OD0454,C039,P0388,2/28/2023,399.00,40.00%
P0455,Men,Topwear,Jackets,Puma,42,Burgundy,5.00,,,,,OD0455,C040,P0388,5/30/2021,555.00,40.00%
P0456,Men,Topwear,Jackets,Puma,42,Lavender,5.00,,,,,OD0456,C041,P0388,10/5/2021,555.00,45.00%
P0457,Men,Topwear,Jackets,Puma,44,Teal,5.00,,,,,OD0457,C042,P0388,5/17/2021,555.00,45.00%
P0458,Men,Topwear,Jackets,Puma,44,Rust,5.00,,,,,OD0458,C043,P0389,8/2/2021,555.00,45.00%
P0459,Men,Topwear,Jackets,Puma,44,Gold,4.00,,,,,OD0459,C044,P0390,2/11/2022,675.00,47.00%
P0460,Men,Topwear,Jackets,Puma,44,Blue,5.00,,,,,OD0460,C045,P0391,2/17/2022,675.00,47.00%
P0461,Men,Topwear,Jackets,Puma,44,White,3.00,,,,,OD0461,C046,P0392,4/4/2021,675.00,46.00%
P0462,Men,Topwear,Jackets,Puma,46,Navy Blue,2.00,,,,,OD0462,C047,P0393,5/20/2022,654.00,46.00%
P0463,Men,Topwear,Jackets,Puma,46,Pink,5.00,,,,,OD0463,C048,P0394,6/19/2022,654.00,46.00%
P0464,Men,Bottomwear,Jeans,Levis,32,Black,4.00,,,,,OD0464,C049,P0395,12/20/2022,654.00,30.00%
P0465,Men,Bottomwear,Jeans,Levis,32,Black,3.00,,,,,OD0465,C050,P0396,6/3/2021,654.00,30.00%
P0466,Men,Bottomwear,Jeans,Levis,30,Black,5.00,,,,,OD0466,C051,P0397,5/18/2022,356.00,30.00%
P0467,Men,Bottomwear,Jeans,Levis,30,Black,4.00,,,,,OD0467,C052,P0398,3/29/2021,686.00,30.00%
P0468,Men,Bottomwear,Jeans,Levis,30,Grey,2.00,,,,,OD0468,C053,P0399,6/28/2021,456.00,30.00%
P0469,Men,Bottomwear,Jeans,Levis,30,Grey,5.00,,,,,OD0469,C054,P0400,11/11/2021,516.00,35.00%
P0470,Men,Bottomwear,Jeans,Levis,30,Grey,5.00,,,,,OD0470,C055,P0401,12/24/2022,355.00,35.00%
P0471,Men,Bottomwear,Jeans,Levis,30,Blue,4.00,,,,,OD0471,C056,P0402,10/6/2021,465.00,35.00%
P0472,Men,Bottomwear,Jeans,Levis,30,Blue,4.00,,,,,OD0472,C057,P0403,2/10/2022,965.00,35.00%
P0473,Men,Bottomwear,Jeans,Levis,30,Blue,4.00,,,,,OD0473,C058,P0404,8/26/2021,1158.00,35.00%
P0474,Men,Bottomwear,Jeans,Levis,32,Navy Blue,3.00,,,,,OD0474,C059,P0404,4/6/2021,264.00,35.00%
P0475,Men,Bottomwear,Jeans,Levis,32,Navy Blue,5.00,,,,,OD0475,C060,P0404,1/18/2021,433.00,40.00%
P0476,Men,Bottomwear,Jeans,Levis,32,Navy Blue,4.00,,,,,OD0476,C061,P0404,10/30/2021,562.00,40.00%
P0477,Men,Bottomwear,Jeans,Levis,32,Navy Blue,2.00,,,,,OD0477,C062,P0404,7/29/2022,423.00,15.00%
P0478,Men,Bottomwear,Jeans,Levis,32,Grey,5.00,,,,,OD0478,C063,P0404,11/23/2022,621.00,15.00%
P0479,Men,Bottomwear,Jeans,Levis,32,Grey,5.00,,,,,OD0479,C064,P0405,12/17/2021,333.00,15.00%
P0480,Men,Bottomwear,Jeans,Levis,32,Grey,5.00,,,,,OD0480,C065,P0406,5/12/2021,236.00,35.00%
P0481,Men,Bottomwear,Jeans,Levis,32,Grey,4.00,,,,,OD0481,C066,P0407,2/25/2021,456.00,35.00%
P0482,Men,Bottomwear,Jeans,Levis,34,Charcoal,4.00,,,,,OD0482,C067,P0408,2/15/2023,963.00,35.00%
P0483,Men,Bottomwear,Jeans,Levis,34,Charcoal,4.00,,,,,OD0483,C068,P0409,7/8/2021,234.00,35.00%
P0484,Men,Bottomwear,Jeans,Levis,34,Charcoal,5.00,,,,,OD0484,C069,P0410,11/29/2021,456.00,55.00%
P0485,Men,Bottomwear,Jeans,H&M,34,Charcoal,5.00,,,,,OD0485,C070,P0411,2/12/2022,564.00,55.00%
P0486,Men,Bottomwear,Jeans,H&M,34,Charcoal,3.00,,,,,OD0486,C071,P0412,11/27/2022,634.00,55.00%
P0487,Men,Bottomwear,Jeans,H&M,36,Charcoal,5.00,,,,,OD0487,C072,P0413,5/8/2022,236.00,55.00%
P0488,Men,Bottomwear,Jeans,H&M,36,Off white,5.00,,,,,OD0488,C073,P0414,2/16/2021,444.00,50.00%
P0489,Men,Bottomwear,Jeans,H&M,36,Off white,4.00,,,,,OD0489,C074,P0415,1/12/2023,456.00,50.00%
P0490,Men,Bottomwear,Jeans,H&M,36,Beige,3.00,,,,,OD0490,C075,P0416,2/23/2021,963.00,50.00%
P0491,Men,Bottomwear,Jeans,H&M,36,Beige,5.00,,,,,OD0491,C076,P0417,6/30/2021,456.00,50.00%
P0492,Men,Bottomwear,Jeans,H&M,36,Beige,4.00,,,,,OD0492,C077,P0417,3/19/2023,1189.00,50.00%
P0493,Men,Bottomwear,Jeans,H&M,36,Khaki,3.00,,,,,OD0493,C078,P0417,1/28/2021,1298.00,30.00%
P0494,Men,Bottomwear,Jeans,H&M,36,Khaki,5.00,,,,,OD0494,C079,P0417,11/23/2022,1456.00,32.00%
P0495,Men,Bottomwear,Jeans,H&M,36,Khaki,5.00,,,,,OD0495,C080,P0417,1/20/2022,1478.00,25.00%
P0496,Men,Bottomwear,Jeans,H&M,36,Khaki,4.00,,,,,OD0496,C081,P0417,3/3/2022,256.00,45.00%
P0497,Men,Bottomwear,Jeans,H&M,36,Cream,2.00,,,,,OD0497,C082,P0418,8/21/2021,2698.00,15.00%
P0498,Men,Bottomwear,Jeans,H&M,32,Cream,3.00,,,,,OD0498,C083,P0419,10/17/2022,2364.00,33.00%
P0499,Men,Bottomwear,Jeans,H&M,32,Cream,4.00,,,,,OD0499,C084,P0420,11/23/2022,1236.00,42.00%
P0500,Men,Bottomwear,Jeans,H&M,32,Cream,5.00,,,,,OD0500,C085,P0421,4/23/2022,756.00,42.00%
P0501,Men,Bottomwear,Jeans,H&M,32,Rust,4.00,,,,,OD0501,C086,P0422,5/22/2021,326.00,39.00%
P0502,Men,Bottomwear,Jeans,H&M,34,Rust,4.00,,,,,OD0502,C087,P0423,12/5/2022,453.00,39.00%
P0503,Men,Bottomwear,Jeans,H&M,34,Rust,4.00,,,,,OD0503,C088,P0424,9/22/2022,326.00,39.00%
P0504,Men,Bottomwear,Jeans,H&M,34,Black,3.00,,,,,OD0504,C089,P0425,11/8/2022,456.00,39.00%
P0505,Men,Bottomwear,Jeans,H&M,34,Black,2.00,,,,,OD0505,C090,P0426,4/15/2021,675.00,30.00%
P0506,Men,Bottomwear,Jeans,H&M,34,Black,5.00,,,,,OD0506,C091,P0427,6/3/2021,654.00,30.00%
P0507,Men,Bottomwear,Jeans,H&M,34,Black,4.00,,,,,OD0507,C092,P0428,2/8/2021,654.00,30.00%
P0508,Men,Bottomwear,Jeans,H&M,34,Off white,2.00,,,,,OD0508,C093,P0429,11/24/2022,654.00,25.00%
P0509,Men,Bottomwear,Jeans,H&M,34,Off white,5.00,,,,,OD0509,C094,P0430,1/28/2022,654.00,25.00%
P0510,Men,Bottomwear,Jeans,H&M,36,Off white,5.00,,,,,OD0510,C095,P0431,12/19/2022,356.00,30.00%
P0511,Men,Bottomwear,Jeans,H&M,36,White,4.00,,,,,OD0511,C096,P0432,7/2/2022,686.00,30.00%
P0512,Men,Bottomwear,Jeans,H&M,36,White,4.00,,,,,OD0512,C097,P0433,12/7/2021,456.00,30.00%
P0513,Men,Bottomwear,Jeans,H&M,36,Cream,4.00,,,,,OD0513,C098,P0434,8/1/2022,516.00,40.00%
P0514,Men,Bottomwear,Jeans,H&M,36,Cream,3.00,,,,,OD0514,C099,P0434,4/5/2022,355.00,40.00%
P0515,Men,Bottomwear,Jeans,H&M,36,Teal,5.00,,,,,OD0515,C100,P0434,8/8/2022,465.00,40.00%
P0516,Men,Bottomwear,Jeans,Roadster,36,Teal,4.00,,,,,OD0516,C001,P0434,7/8/2022,965.00,40.00%
P0517,Men,Bottomwear,Jeans,Roadster,36,Rust,2.00,,,,,OD0517,C002,P0434,2/8/2022,1158.00,40.00%
P0518,Men,Bottomwear,Jeans,Roadster,36,Rust,5.00,,,,,OD0518,C003,P0434,10/12/2022,264.00,40.00%
P0519,Men,Bottomwear,Jeans,Roadster,36,Rust,5.00,,,,,OD0519,C004,P0434,9/11/2022,433.00,45.00%
P0520,Men,Bottomwear,Jeans,Roadster,36,Black,5.00,,,,,OD0520,C005,P0434,1/7/2021,562.00,45.00%
P0521,Men,Bottomwear,Jeans,Roadster,36,Black,4.00,,,,,OD0521,C006,P0434,3/2/2022,423.00,45.00%
P0522,Men,Bottomwear,Jeans,Roadster,36,Black,4.00,,,,,OD0522,C007,P0434,2/18/2021,621.00,47.00%
P0523,Men,Bottomwear,Jeans,Roadster,36,Black,4.00,,,,,OD0523,C008,P0435,2/23/2023,333.00,47.00%
P0524,Men,Bottomwear,Jeans,Roadster,36,Grey,5.00,,,,,OD0524,C009,P0436,1/19/2023,236.00,46.00%
P0525,Men,Bottomwear,Jeans,Roadster,36,Grey,5.00,,,,,OD0525,C010,P0437,4/19/2022,456.00,46.00%
P0526,Men,Bottomwear,Jeans,Roadster,36,Grey,3.00,,,,,OD0526,C011,P0438,9/19/2022,963.00,46.00%
P0527,Men,Bottomwear,Jeans,Roadster,32,Blue,5.00,,,,,OD0527,C012,P0439,8/11/2022,234.00,30.00%
P0528,Men,Bottomwear,Jeans,Roadster,32,Blue,5.00,,,,,OD0528,C013,P0440,9/12/2021,456.00,30.00%
P0529,Men,Bottomwear,Jeans,Roadster,32,Blue,4.00,,,,,OD0529,C014,P0441,1/20/2021,564.00,30.00%
P0530,Men,Bottomwear,Jeans,Roadster,32,Navy Blue,3.00,,,,,OD0530,C015,P0442,9/19/2022,634.00,30.00%
P0531,Men,Bottomwear,Jeans,Roadster,32,Navy Blue,3.00,,,,,OD0531,C016,P0443,11/7/2022,236.00,30.00%
P0532,Men,Bottomwear,Jeans,Roadster,32,Navy Blue,3.00,,,,,OD0532,C017,P0444,3/14/2021,2245.00,35.00%
P0533,Men,Bottomwear,Jeans,Roadster,32,Navy Blue,5.00,,,,,OD0533,C018,P0445,2/9/2023,2235.00,35.00%
P0534,Men,Bottomwear,Jeans,Roadster,32,Grey,4.00,,,,,OD0534,C019,P0446,8/6/2021,2145.00,35.00%
P0535,Men,Bottomwear,Jeans,Roadster,32,Grey,4.00,,,,,OD0535,C020,P0447,9/30/2021,2145.00,35.00%
P0536,Men,Bottomwear,Jeans,Roadster,32,Grey,5.00,,,,,OD0536,C021,P0448,2/11/2021,2356.00,35.00%
P0537,Men,Bottomwear,Jeans,Roadster,32,Grey,4.00,,,,,OD0537,C022,P0449,7/25/2021,2245.00,35.00%
P0538,Men,Bottomwear,Jeans,Roadster,30,Charcoal,3.00,,,,,OD0538,C023,P0450,10/23/2022,2451.00,40.00%
P0539,Men,Bottomwear,Jeans,Roadster,30,Charcoal,2.00,,,,,OD0539,C024,P0451,4/14/2022,2145.00,40.00%
P0540,Men,Bottomwear,Jeans,Roadster,30,Charcoal,4.00,,,,,OD0540,C025,P0452,2/27/2023,2245.00,15.00%
P0541,Men,Bottomwear,Jeans,Roadster,30,Charcoal,5.00,,,,,OD0541,C026,P0453,4/2/2022,2698.00,15.00%
P0542,Men,Bottomwear,Jeans,Louis Philippe,30,Charcoal,4.00,,,,,OD0542,C027,P0454,11/19/2021,1215.00,15.00%
P0543,Men,Bottomwear,Jeans,Louis Philippe,30,Charcoal,4.00,,,,,OD0543,C028,P0455,3/22/2022,2245.00,35.00%
P0544,Men,Bottomwear,Jeans,Louis Philippe,30,Off white,4.00,,,,,OD0544,C029,P0456,12/29/2021,1245.00,35.00%
P0545,Men,Bottomwear,Jeans,Louis Philippe,30,Off white,4.00,,,,,OD0545,C030,P0457,1/15/2022,3456.00,35.00%
P0546,Men,Bottomwear,Jeans,Louis Philippe,30,Beige,5.00,,,,,OD0546,C031,P0458,4/16/2021,3654.00,35.00%
P0547,Men,Bottomwear,Jeans,Louis Philippe,30,Beige,5.00,,,,,OD0547,C032,P0459,7/19/2021,4563.00,55.00%
P0548,Men,Bottomwear,Jeans,Louis Philippe,30,Beige,5.00,,,,,OD0548,C033,P0460,11/15/2022,3214.00,55.00%
P0549,Men,Bottomwear,Jeans,Louis Philippe,34,Khaki,5.00,,,,,OD0549,C034,P0461,1/8/2022,4123.00,55.00%
P0550,Men,Bottomwear,Jeans,Louis Philippe,34,Khaki,5.00,,,,,OD0550,C035,P0462,5/1/2022,3214.00,55.00%
P0551,Men,Bottomwear,Jeans,Louis Philippe,34,Khaki,5.00,,,,,OD0551,C036,P0462,3/1/2022,654.00,50.00%
P0552,Men,Bottomwear,Jeans,Louis Philippe,34,Khaki,2.00,,,,,OD0552,C037,P0462,11/25/2022,654.00,50.00%
P0553,Men,Bottomwear,Jeans,Louis Philippe,34,Cream,2.00,,,,,OD0553,C038,P0462,2/22/2021,654.00,50.00%
P0554,Men,Bottomwear,Jeans,Louis Philippe,34,Cream,2.00,,,,,OD0554,C039,P0462,9/29/2022,356.00,50.00%
P0555,Men,Bottomwear,Jeans,Louis Philippe,36,Cream,2.00,,,,,OD0555,C040,P0463,3/11/2023,686.00,50.00%
P0556,Men,Bottomwear,Jeans,Louis Philippe,36,Cream,2.00,,,,,OD0556,C041,P0464,6/13/2021,456.00,30.00%
P0557,Men,Bottomwear,Jeans,Wrogn,36,Rust,2.00,,,,,OD0557,C042,P0465,9/26/2022,516.00,32.00%
P0558,Men,Bottomwear,Jeans,Wrogn,36,Rust,2.00,,,,,OD0558,C043,P0466,12/22/2021,355.00,25.00%
P0559,Men,Bottomwear,Jeans,Wrogn,36,Rust,2.00,,,,,OD0559,C044,P0467,1/5/2022,465.00,45.00%
P0560,Men,Bottomwear,Jeans,Wrogn,36,Black,2.00,,,,,OD0560,C045,P0468,12/31/2022,965.00,15.00%
P0561,Men,Bottomwear,Jeans,Wrogn,36,Black,2.00,,,,,OD0561,C046,P0469,11/24/2022,1158.00,33.00%
P0562,Men,Bottomwear,Jeans,Wrogn,36,Black,2.00,,,,,OD0562,C047,P0470,2/4/2023,264.00,42.00%
P0563,Men,Bottomwear,Jeans,Wrogn,36,Black,2.00,,,,,OD0563,C048,P0471,1/26/2023,433.00,42.00%
P0564,Men,Bottomwear,Jeans,Wrogn,36,Off white,5.00,,,,,OD0564,C049,P0472,10/7/2021,562.00,39.00%
P0565,Men,Bottomwear,Jeans,Wrogn,36,Off white,5.00,,,,,OD0565,C050,P0473,12/29/2022,423.00,39.00%
P0566,Men,Bottomwear,Jeans,Wrogn,36,Off white,5.00,,,,,OD0566,C051,P0474,3/22/2021,621.00,39.00%
P0567,Men,Bottomwear,Jeans,Wrogn,36,White,5.00,,,,,OD0567,C052,P0475,6/13/2022,333.00,39.00%
P0568,Men,Bottomwear,Jeans,Wrogn,36,White,5.00,,,,,OD0568,C053,P0476,1/9/2023,236.00,30.00%
P0569,Men,Bottomwear,Jeans,Wrogn,36,Cream,5.00,,,,,OD0569,C054,P0477,1/17/2022,456.00,30.00%
P0570,Men,Bottomwear,Jeans,Wrogn,34,Cream,5.00,,,,,OD0570,C055,P0478,8/11/2021,963.00,30.00%
P0571,Men,Bottomwear,Jeans,Wrogn,34,Teal,4.00,,,,,OD0571,C056,P0479,10/5/2022,234.00,25.00%
P0572,Men,Bottomwear,Jeans,Wrogn,34,Teal,4.00,,,,,OD0572,C057,P0480,12/17/2021,456.00,25.00%
P0573,Men,Bottomwear,Jeans,Wrogn,32,Rust,5.00,,,,,OD0573,C058,P0480,4/17/2021,564.00,30.00%
P0574,Men,Bottomwear,Jeans,Wrogn,32,Rust,3.00,,,,,OD0574,C059,P0480,3/24/2023,634.00,30.00%
P0575,Men,Bottomwear,Jeans,Wrogn,32,Rust,2.00,,,,,OD0575,C060,P0480,10/24/2021,236.00,30.00%
P0576,Men,Bottomwear,Jeans,Wrogn,34,Blue,5.00,,,,,OD0576,C061,P0480,10/23/2021,444.00,40.00%
P0577,Men,Bottomwear,Jeans,Wrogn,34,Blue,4.00,,,,,OD0577,C062,P0481,12/31/2021,456.00,40.00%
P0578,Men,Bottomwear,Trouser,Louis Philippe,34,Blue,3.00,,,,,OD0578,C063,P0482,4/25/2022,963.00,40.00%
P0579,Men,Bottomwear,Trouser,Louis Philippe,34,Blue,5.00,,,,,OD0579,C064,P0483,7/3/2021,456.00,40.00%
P0580,Men,Bottomwear,Trouser,Louis Philippe,34,Blue,4.00,,,,,OD0580,C065,P0484,7/8/2022,1189.00,40.00%
P0581,Men,Bottomwear,Trouser,Louis Philippe,34,Teal,2.00,,,,,OD0581,C066,P0485,5/15/2022,1298.00,40.00%
P0582,Men,Bottomwear,Trouser,Louis Philippe,34,Teal,5.00,,,,,OD0582,C067,P0486,8/8/2022,1456.00,45.00%
P0583,Men,Bottomwear,Trouser,Louis Philippe,34,Sea Green,5.00,,,,,OD0583,C068,P0487,1/31/2023,1478.00,45.00%
P0584,Men,Bottomwear,Trouser,Louis Philippe,34,Red ,4.00,,,,,OD0584,C069,P0488,3/2/2022,256.00,45.00%
P0585,Men,Bottomwear,Trouser,Louis Philippe,38,Blue,4.00,,,,,OD0585,C070,P0489,10/4/2021,2698.00,47.00%
P0586,Men,Bottomwear,Trouser,Louis Philippe,38,Orange,4.00,,,,,OD0586,C071,P0490,11/21/2022,2364.00,47.00%
P0587,Men,Bottomwear,Trouser,Louis Philippe,38,Green,3.00,,,,,OD0587,C072,P0491,9/12/2021,1236.00,46.00%
P0588,Men,Bottomwear,Trouser,Louis Philippe,38,Purple,5.00,,,,,OD0588,C073,P0492,1/28/2022,756.00,46.00%
P0589,Men,Bottomwear,Trouser,Louis Philippe,38,White,4.00,,,,,OD0589,C074,P0493,3/30/2022,326.00,46.00%
P0590,Men,Bottomwear,Trouser,Louis Philippe,38,Off white,2.00,,,,,OD0590,C075,P0494,2/14/2023,453.00,30.00%
P0591,Men,Bottomwear,Trouser,Louis Philippe,36,Sea Green,5.00,,,,,OD0591,C076,P0495,9/6/2021,326.00,30.00%
P0592,Men,Bottomwear,Trouser,Louis Philippe,36,Green,5.00,,,,,OD0592,C077,P0496,1/6/2023,456.00,30.00%
P0593,Men,Bottomwear,Trouser,Louis Philippe,36,Peach,5.00,,,,,OD0593,C078,P0497,1/7/2023,456.00,30.00%
P0594,Men,Bottomwear,Trouser,Van Heusen,36,Lavender,4.00,,,,,OD0594,C079,P0497,3/7/2022,456.00,30.00%
P0595,Men,Bottomwear,Trouser,Van Heusen,36,Charcoal,4.00,,,,,OD0595,C080,P0497,1/8/2022,456.00,35.00%
P0596,Men,Bottomwear,Trouser,Van Heusen,36,Beige,4.00,,,,,OD0596,C081,P0497,1/11/2023,236.00,35.00%
P0597,Men,Bottomwear,Trouser,Van Heusen,36,Cream,5.00,,,,,OD0597,C082,P0497,8/22/2022,996.00,35.00%
P0598,Men,Bottomwear,Trouser,Van Heusen,32,Off white,5.00,,,,,OD0598,C083,P0497,7/16/2022,654.00,35.00%
P0599,Men,Bottomwear,Trouser,Van Heusen,32,Brown,3.00,,,,,OD0599,C084,P0497,8/31/2021,456.00,35.00%
P0600,Men,Bottomwear,Trouser,Van Heusen,32,Mustard,5.00,,,,,OD0600,C085,P0498,12/3/2022,785.00,35.00%
P0601,Men,Bottomwear,Trouser,Van Heusen,32,Burgundy,5.00,,,,,OD0601,C086,P0499,12/16/2021,365.00,40.00%
P0602,Men,Bottomwear,Trouser,Van Heusen,32,Lavender,4.00,,,,,OD0602,C087,P0500,12/9/2021,965.00,40.00%
P0603,Men,Bottomwear,Trouser,Van Heusen,32,Teal,3.00,,,,,OD0603,C088,P0501,4/6/2021,444.00,15.00%
P0604,Men,Bottomwear,Trouser,Van Heusen,32,Rust,5.00,,,,,OD0604,C089,P0502,2/27/2021,569.00,15.00%
P0605,Men,Bottomwear,Trouser,Van Heusen,32,Gold,4.00,,,,,OD0605,C090,P0503,10/30/2021,475.00,15.00%
P0606,Men,Bottomwear,Trouser,Van Heusen,30,Blue,3.00,,,,,OD0606,C091,P0504,1/6/2023,598.00,35.00%
P0607,Men,Bottomwear,Trouser,Van Heusen,30,White,5.00,,,,,OD0607,C092,P0505,3/7/2023,536.00,35.00%
P0608,Men,Bottomwear,Trouser,Van Heusen,30,Navy Blue,5.00,,,,,OD0608,C093,P0506,6/20/2021,256.00,35.00%
P0609,Men,Bottomwear,Trouser,Van Heusen,30,Pink,4.00,,,,,OD0609,C094,P0507,2/10/2023,456.00,35.00%
P0610,Men,Bottomwear,Trouser,Van Heusen,30,Black,2.00,,,,,OD0610,C095,P0508,1/4/2023,456.00,55.00%
P0611,Men,Bottomwear,Trouser,Van Heusen,30,Black,3.00,,,,,OD0611,C096,P0509,9/17/2022,745.00,55.00%
P0612,Men,Bottomwear,Trouser,Van Heusen,30,Teal,4.00,,,,,OD0612,C097,P0510,5/27/2021,356.00,55.00%
P0613,Men,Bottomwear,Trouser,Van Heusen,30,Teal,5.00,,,,,OD0613,C098,P0511,12/8/2021,1189.00,55.00%
P0614,Men,Bottomwear,Trouser,Van Heusen,32,Sea Green,4.00,,,,,OD0614,C099,P0512,3/7/2023,426.00,50.00%
P0615,Men,Bottomwear,Trouser,Raymond,32,Red ,4.00,,,,,OD0615,C100,P0513,3/31/2023,1126.00,50.00%
P0616,Men,Bottomwear,Trouser,Raymond,32,Blue,4.00,,,,,OD0616,C001,P0514,12/28/2021,1145.00,50.00%
P0617,Men,Bottomwear,Trouser,Raymond,32,Orange,3.00,,,,,OD0617,C002,P0515,8/17/2021,1235.00,50.00%
P0618,Men,Bottomwear,Trouser,Raymond,32,Green,2.00,,,,,OD0618,C003,P0516,1/16/2022,1564.00,50.00%
P0619,Men,Bottomwear,Trouser,Raymond,32,Purple,5.00,,,,,OD0619,C004,P0517,6/17/2022,654.00,30.00%
P0620,Men,Bottomwear,Trouser,Raymond,32,White,4.00,,,,,OD0620,C005,P0518,7/13/2021,854.00,32.00%
P0621,Men,Bottomwear,Trouser,Raymond,32,Off white,2.00,,,,,OD0621,C006,P0519,4/23/2022,475.00,25.00%
P0622,Men,Bottomwear,Trouser,Raymond,34,Sea Green,5.00,,,,,OD0622,C007,P0520,12/18/2021,475.00,45.00%
P0623,Men,Bottomwear,Trouser,Raymond,34,Green,5.00,,,,,OD0623,C008,P0521,8/19/2022,475.00,15.00%
P0624,Men,Bottomwear,Trouser,Raymond,34,Peach,4.00,,,,,OD0624,C009,P0522,1/10/2021,475.00,33.00%
P0625,Men,Bottomwear,Trouser,Raymond,34,Lavender,4.00,,,,,OD0625,C010,P0523,12/17/2021,475.00,42.00%
P0626,Men,Bottomwear,Trouser,Raymond,34,Charcoal,4.00,,,,,OD0626,C011,P0523,11/23/2022,475.00,42.00%
P0627,Men,Bottomwear,Trouser,Raymond,36,Beige,3.00,,,,,OD0627,C012,P0523,1/17/2021,475.00,39.00%
P0628,Men,Bottomwear,Trouser,Raymond,36,Cream,5.00,,,,,OD0628,C013,P0523,2/19/2021,475.00,39.00%
P0629,Men,Bottomwear,Trouser,Raymond,36,Off white,4.00,,,,,OD0629,C014,P0523,6/11/2022,564.00,39.00%
P0630,Men,Bottomwear,Trouser,Raymond,36,Brown,2.00,,,,,OD0630,C015,P0524,2/5/2023,478.00,39.00%
P0631,Men,Bottomwear,Trouser,Raymond,36,Mustard,5.00,,,,,OD0631,C016,P0525,2/19/2021,1264.00,30.00%
P0632,Men,Bottomwear,Trouser,Raymond,36,Burgundy,5.00,,,,,OD0632,C017,P0526,9/3/2022,458.00,30.00%
P0633,Men,Bottomwear,Trouser,Raymond,36,Lavender,5.00,,,,,OD0633,C018,P0527,2/21/2021,899.00,30.00%
P0634,Men,Bottomwear,Trouser,Raymond,36,Teal,4.00,,,,,OD0634,C019,P0528,5/19/2022,859.00,30.00%
P0635,Men,Bottomwear,Trouser,Raymond,36,Rust,4.00,,,,,OD0635,C020,P0529,4/27/2021,758.00,30.00%
P0636,Men,Bottomwear,Trouser,Cantabil,36,Gold,4.00,,,,,OD0636,C021,P0530,1/15/2023,2354.00,30.00%
P0637,Men,Bottomwear,Trouser,Cantabil,36,Blue,5.00,,,,,OD0637,C022,P0531,7/22/2021,2344.00,30.00%
P0638,Men,Bottomwear,Trouser,Cantabil,32,White,5.00,,,,,OD0638,C023,P0532,2/4/2022,2453.00,30.00%
P0639,Men,Bottomwear,Trouser,Cantabil,32,Navy Blue,3.00,,,,,OD0639,C024,P0533,5/31/2021,2154.00,30.00%
P0640,Men,Bottomwear,Trouser,Cantabil,32,Pink,5.00,,,,,OD0640,C025,P0534,5/3/2022,896.00,30.00%
P0641,Men,Bottomwear,Trouser,Cantabil,32,Black,5.00,,,,,OD0641,C026,P0535,1/18/2023,756.00,30.00%
P0642,Men,Bottomwear,Trouser,Cantabil,34,Black,4.00,,,,,OD0642,C027,P0536,5/2/2022,236.00,30.00%
P0643,Men,Bottomwear,Trouser,Cantabil,34,Black,3.00,,,,,OD0643,C028,P0537,11/11/2021,475.00,30.00%
P0644,Men,Bottomwear,Trouser,Cantabil,34,Black,5.00,,,,,OD0644,C029,P0538,2/16/2021,589.00,30.00%
P0645,Men,Bottomwear,Trouser,Cantabil,34,Black,4.00,,,,,OD0645,C030,P0539,10/17/2021,365.00,30.00%
P0646,Men,Bottomwear,Trouser,Cantabil,34,Black,3.00,,,,,OD0646,C031,P0540,12/22/2021,1233.00,30.00%
P0647,Men,Bottomwear,Trouser,Cantabil,34,Black,2.00,,,,,OD0647,C032,P0541,5/25/2021,1233.00,30.00%
P0648,Men,Bottomwear,Trouser,Allen Solly,34,Sea Green,4.00,,,,,OD0648,C033,P0542,1/27/2022,1233.00,30.00%
P0649,Men,Bottomwear,Trouser,Allen Solly,34,Sea Green,4.00,,,,,OD0649,C034,P0543,11/24/2021,1233.00,30.00%
P0650,Men,Bottomwear,Trouser,Allen Solly,36,Sea Green,4.00,,,,,OD0650,C035,P0544,7/18/2022,1233.00,30.00%
P0651,Men,Bottomwear,Trouser,Allen Solly,36,Sea Green,5.00,,,,,OD0651,C036,P0545,11/29/2021,1233.00,30.00%
P0652,Men,Bottomwear,Trouser,Allen Solly,36,Sea Green,3.00,,,,,OD0652,C037,P0546,8/23/2021,456.00,30.00%
P0653,Men,Bottomwear,Trouser,Allen Solly,36,Pink,4.00,,,,,OD0653,C038,P0547,2/23/2021,456.00,30.00%
P0654,Men,Bottomwear,Shorts,Puma,36,Pink,4.00,,,,,OD0654,C039,P0548,6/5/2021,456.00,30.00%
P0655,Men,Bottomwear,Shorts,Puma,36,Pink,4.00,,,,,OD0655,C040,P0549,2/19/2023,456.00,30.00%
P0656,Men,Bottomwear,Shorts,Puma,36,Pink,5.00,,,,,OD0656,C041,P0550,4/1/2021,786.00,30.00%
P0657,Men,Bottomwear,Shorts,Puma,36,Pink,3.00,,,,,OD0657,C042,P0551,6/14/2021,786.00,30.00%
P0658,Men,Bottomwear,Shorts,Puma,36,Orange,4.00,,,,,OD0658,C043,P0552,3/10/2022,786.00,30.00%
P0659,Men,Bottomwear,Shorts,Puma,36,Orange,4.00,,,,,OD0659,C044,P0553,7/14/2021,786.00,30.00%
P0660,Men,Bottomwear,Shorts,Puma,36,Orange,5.00,,,,,OD0660,C045,P0554,6/20/2021,786.00,30.00%
P0661,Men,Bottomwear,Shorts,Puma,36,Orange,5.00,,,,,OD0661,C046,P0555,1/26/2023,786.00,30.00%
P0662,Men,Bottomwear,Shorts,Puma,36,Orange,5.00,,,,,OD0662,C047,P0556,3/12/2023,569.00,30.00%
P0663,Men,Bottomwear,Shorts,Puma,36,Brown,3.00,,,,,OD0663,C048,P0557,5/28/2022,569.00,30.00%
P0664,Men,Bottomwear,Shorts,Puma,36,Brown,4.00,,,,,OD0664,C049,P0557,7/2/2021,569.00,30.00%
P0665,Men,Bottomwear,Shorts,Puma,36,Brown,4.00,,,,,OD0665,C050,P0557,10/9/2022,569.00,30.00%
P0666,Men,Bottomwear,Shorts,Puma,36,Brown,4.00,,,,,OD0666,C051,P0557,4/14/2022,569.00,30.00%
P0667,Men,Bottomwear,Shorts,Puma,32,Brown,4.00,,,,,OD0667,C052,P0557,10/1/2022,569.00,30.00%
P0668,Men,Bottomwear,Shorts,Puma,32,Brown,4.00,,,,,OD0668,C053,P0557,3/4/2022,569.00,30.00%
P0669,Men,Bottomwear,Shorts,Puma,32,Brown,5.00,,,,,OD0669,C054,P0557,5/13/2022,569.00,30.00%
P0670,Men,Bottomwear,Shorts,Puma,32,White,3.00,,,,,OD0670,C055,P0558,2/1/2023,349.00,30.00%
P0671,Men,Bottomwear,Shorts,Puma,32,White,3.00,,,,,OD0671,C056,P0559,6/25/2022,350.00,30.00%
P0672,Men,Bottomwear,Shorts,Puma,32,White,4.00,,,,,OD0672,C057,P0560,1/28/2022,351.00,30.00%
P0673,Men,Bottomwear,Shorts,HRX by Hrithik Roshan ,32,White,4.00,,,,,OD0673,C058,P0561,2/5/2022,352.00,30.00%
P0674,Men,Bottomwear,Shorts,HRX by Hrithik Roshan ,32,White,4.00,,,,,OD0674,C059,P0562,3/14/2022,353.00,30.00%
P0675,Men,Bottomwear,Shorts,HRX by Hrithik Roshan ,32,Off white,3.00,,,,,OD0675,C060,P0563,5/8/2022,354.00,30.00%
P0676,Men,Bottomwear,Shorts,HRX by Hrithik Roshan ,32,Off white,3.00,,,,,OD0676,C061,P0564,4/6/2022,355.00,30.00%
P0677,Men,Bottomwear,Shorts,HRX by Hrithik Roshan ,32,Off white,5.00,,,,,OD0677,C062,P0565,11/19/2022,356.00,30.00%
P0678,Men,Bottomwear,Shorts,HRX by Hrithik Roshan ,30,Off white,4.00,,,,,OD0678,C063,P0566,12/31/2021,999.00,30.00%
P0679,Men,Bottomwear,Shorts,HRX by Hrithik Roshan ,30,Black,5.00,,,,,OD0679,C064,P0567,10/11/2022,555.00,30.00%
P0680,Men,Bottomwear,Shorts,HRX by Hrithik Roshan ,30,Black,5.00,,,,,OD0680,C065,P0568,2/19/2023,555.00,30.00%
P0681,Men,Bottomwear,Shorts,HRX by Hrithik Roshan ,30,Black,5.00,,,,,OD0681,C066,P0569,10/13/2021,555.00,30.00%
P0682,Men,Bottomwear,Shorts,HRX by Hrithik Roshan ,30,Black,4.00,,,,,OD0682,C067,P0570,1/10/2022,555.00,30.00%
P0683,Men,Bottomwear,Shorts,HRX by Hrithik Roshan ,30,Black,4.00,,,,,OD0683,C068,P0571,1/2/2023,1025.00,30.00%
P0684,Men,Bottomwear,Shorts,HRX by Hrithik Roshan ,30,Beige,4.00,,,,,OD0684,C069,P0572,3/28/2022,1025.00,30.00%
P0685,Men,Bottomwear,Shorts,HRX by Hrithik Roshan ,30,Beige,4.00,,,,,OD0685,C070,P0573,2/18/2023,1025.00,30.00%
P0686,Men,Bottomwear,Shorts,HRX by Hrithik Roshan ,30,Beige,4.00,,,,,OD0686,C071,P0574,4/17/2022,555.00,30.00%
P0687,Men,Bottomwear,Shorts,HRX by Hrithik Roshan ,30,Navy Blue,4.00,,,,,OD0687,C072,P0575,5/1/2021,599.00,30.00%
P0688,Men,Bottomwear,Shorts,HRX by Hrithik Roshan ,30,Navy Blue,3.00,,,,,OD0688,C073,P0576,10/19/2022,555.00,30.00%
P0689,Men,Bottomwear,Shorts,HRX by Hrithik Roshan ,34,Navy Blue,2.00,,,,,OD0689,C074,P0577,10/18/2022,555.00,30.00%
P0690,Men,Bottomwear,Shorts,HRX by Hrithik Roshan ,34,Navy Blue,3.00,,,,,OD0690,C075,P0578,8/24/2021,565.00,30.00%
P0691,Men,Bottomwear,Shorts,HRX by Hrithik Roshan ,34,Navy Blue,3.00,,,,,OD0691,C076,P0579,2/21/2022,555.00,30.00%
P0692,Men,Bottomwear,Shorts,Jockey,34,Navy Blue,5.00,,,,,OD0692,C077,P0580,11/15/2022,999.00,30.00%
P0693,Men,Bottomwear,Shorts,Jockey,34,Blue,4.00,,,,,OD0693,C078,P0581,1/27/2023,999.00,30.00%
P0694,Men,Bottomwear,Shorts,Jockey,34,Blue,3.00,,,,,OD0694,C079,P0581,1/11/2023,999.00,30.00%
P0695,Men,Bottomwear,Shorts,Jockey,36,Blue,3.00,,,,,OD0695,C080,P0581,5/28/2022,999.00,30.00%
P0696,Men,Bottomwear,Shorts,Jockey,36,Blue,5.00,,,,,OD0696,C081,P0581,11/28/2021,1119.00,30.00%
P0697,Men,Bottomwear,Shorts,Jockey,36,Blue,4.00,,,,,OD0697,C082,P0581,4/4/2021,1119.00,30.00%
P0698,Men,Bottomwear,Shorts,Jockey,36,White,3.00,,,,,OD0698,C083,P0582,9/28/2022,1119.00,30.00%
P0699,Men,Bottomwear,Shorts,Jockey,36,White,5.00,,,,,OD0699,C084,P0583,5/12/2021,1119.00,30.00%
P0700,Men,Bottomwear,Shorts,Jockey,36,White,4.00,,,,,OD0700,C085,P0584,8/26/2022,985.00,30.00%
P0701,Men,Bottomwear,Shorts,H&M,36,White,4.00,,,,,OD0701,C086,P0585,7/8/2022,985.00,30.00%
P0702,Men,Bottomwear,Shorts,H&M,36,White,5.00,,,,,OD0702,C087,P0586,12/17/2021,985.00,30.00%
P0703,Men,Bottomwear,Shorts,H&M,36,Charcoal,3.00,,,,,OD0703,C088,P0587,11/19/2022,985.00,30.00%
P0704,Men,Bottomwear,Shorts,H&M,36,Charcoal,2.00,,,,,OD0704,C089,P0588,4/30/2021,985.00,30.00%
P0705,Men,Bottomwear,Shorts,H&M,36,Charcoal,5.00,,,,,OD0705,C090,P0589,1/30/2022,369.00,30.00%
P0706,Men,Bottomwear,Shorts,H&M,36,Charcoal,4.00,,,,,OD0706,C091,P0590,2/14/2023,399.00,30.00%
P0707,Men,Bottomwear,Shorts,H&M,36,Charcoal,3.00,,,,,OD0707,C092,P0591,2/8/2022,399.00,30.00%
P0708,Men,Bottomwear,Shorts,H&M,36,khaki,5.00,,,,,OD0708,C093,P0592,2/17/2023,399.00,30.00%
P0709,Men,Bottomwear,Shorts,H&M,36,khaki,4.00,,,,,OD0709,C094,P0593,7/21/2021,399.00,30.00%
P0710,Men,Bottomwear,Shorts,H&M,34,khaki,2.00,,,,,OD0710,C095,P0594,4/5/2022,555.00,30.00%
P0711,Men,Bottomwear,Shorts,H&M,34,Sea Green,5.00,,,,,OD0711,C096,P0595,4/5/2021,555.00,30.00%
P0712,Men,Bottomwear,Shorts,H&M,34,Sea Green,5.00,,,,,OD0712,C097,P0596,11/13/2022,555.00,30.00%
P0713,Men,Bottomwear,Shorts,H&M,32,Sea Green,4.00,,,,,OD0713,C098,P0596,3/16/2023,555.00,30.00%
P0714,Men,Bottomwear,Shorts,H&M,32,Yellow,4.00,,,,,OD0714,C099,P0596,4/8/2022,675.00,30.00%
P0715,Men,Bottomwear,Shorts,H&M,32,Yellow,4.00,,,,,OD0715,C100,P0596,9/28/2021,675.00,30.00%
P0716,Men,Bottomwear,Shorts,Adidas,34,Yellow,3.00,,,,,OD0716,C001,P0596,2/8/2022,675.00,30.00%
P0717,Men,Bottomwear,Shorts,Adidas,34,Yellow,5.00,,,,,OD0717,C002,P0597,1/7/2022,654.00,30.00%
P0718,Men,Bottomwear,Shorts,Adidas,34,Yellow,4.00,,,,,OD0718,C003,P0598,11/25/2022,654.00,30.00%
P0719,Men,Bottomwear,Shorts,Adidas,34,Grey,2.00,,,,,OD0719,C004,P0599,9/25/2022,654.00,30.00%
P0720,Men,Bottomwear,Shorts,Adidas,34,Grey,5.00,,,,,OD0720,C005,P0600,6/1/2021,654.00,30.00%
P0721,Men,Bottomwear,Shorts,Adidas,34,Grey,5.00,,,,,OD0721,C006,P0601,11/15/2021,356.00,30.00%
P0722,Men,Bottomwear,Shorts,Adidas,34,Grey,5.00,,,,,OD0722,C007,P0602,10/16/2021,686.00,30.00%
P0723,Men,Bottomwear,Shorts,Adidas,34,Purple,4.00,,,,,OD0723,C008,P0603,9/15/2022,456.00,30.00%
P0724,Men,Bottomwear,Shorts,Adidas,34,Purple,4.00,,,,,OD0724,C009,P0604,6/1/2022,516.00,30.00%
P0725,Men,Bottomwear,Shorts,Adidas,38,Purple,4.00,,,,,OD0725,C010,P0605,6/29/2022,355.00,30.00%
P0726,Men,Bottomwear,Shorts,Adidas,38,Purple,5.00,,,,,OD0726,C011,P0606,3/19/2023,465.00,30.00%
P0727,Men,Bottomwear,Shorts,Adidas,38,Purple,5.00,,,,,OD0727,C012,P0607,7/29/2021,965.00,30.00%
P0728,Men,Bottomwear,Shorts,Adidas,38,Teal,3.00,,,,,OD0728,C013,P0608,10/6/2022,1158.00,30.00%
P0729,Men,Bottomwear,Shorts,Adidas,38,Teal,5.00,,,,,OD0729,C014,P0609,3/28/2023,264.00,30.00%
P0730,Men,Bottomwear,Shorts,Adidas,38,Teal,5.00,,,,,OD0730,C015,P0610,7/19/2021,433.00,30.00%
P0731,Men,Bottomwear,Shorts,Adidas,36,Red,4.00,,,,,OD0731,C016,P0611,8/25/2021,562.00,30.00%
P0732,Men,Bottomwear,Shorts,Adidas,36,Red,3.00,,,,,OD0732,C017,P0612,4/5/2022,423.00,30.00%
P0733,Men,Bottomwear,Shorts,Adidas,36,Red,5.00,,,,,OD0733,C018,P0613,9/27/2021,621.00,30.00%
P0734,Men,Bottomwear,Shorts,Adidas,36,Mustard,4.00,,,,,OD0734,C019,P0614,1/31/2021,333.00,30.00%
P0735,Men,Bottomwear,Shorts,Nike,36,Mustard,3.00,,,,,OD0735,C020,P0615,5/8/2022,236.00,30.00%
P0736,Men,Bottomwear,Shorts,Nike,36,Mustard,5.00,,,,,OD0736,C021,P0616,5/12/2022,456.00,30.00%
P0737,Men,Bottomwear,Shorts,Nike,36,Mustard,5.00,,,,,OD0737,C022,P0617,8/3/2021,963.00,30.00%
P0738,Men,Bottomwear,Shorts,Nike,32,Mustard,4.00,,,,,OD0738,C023,P0618,2/13/2022,234.00,30.00%
P0739,Men,Bottomwear,Shorts,Nike,32,Teal,2.00,,,,,OD0739,C024,P0619,11/5/2021,456.00,30.00%
P0740,Men,Bottomwear,Shorts,Nike,32,Teal,3.00,,,,,OD0740,C025,P0620,11/17/2022,564.00,30.00%
P0741,Men,Bottomwear,Shorts,Nike,32,Teal,4.00,,,,,OD0741,C026,P0621,4/15/2021,634.00,30.00%
P0742,Men,Bottomwear,Shorts,Nike,32,Teal,5.00,,,,,OD0742,C027,P0622,2/27/2021,236.00,30.00%
P0743,Men,Bottomwear,Shorts,Nike,32,Blue,4.00,,,,,OD0743,C028,P0623,3/7/2023,444.00,30.00%
P0744,Men,Bottomwear,Shorts,Nike,32,Blue,4.00,,,,,OD0744,C029,P0624,9/26/2022,456.00,30.00%
P0745,Men,Bottomwear,Shorts,Nike,32,Blue,4.00,,,,,OD0745,C030,P0625,12/4/2021,963.00,30.00%
P0746,Men,Bottomwear,Shorts,Nike,32,Blue,3.00,,,,,OD0746,C031,P0626,2/17/2021,456.00,30.00%
P0747,Men,Bottomwear,Shorts,Nike,32,Black,2.00,,,,,OD0747,C032,P0627,8/7/2022,1189.00,30.00%
P0748,Men,Bottomwear,Shorts,Nike,32,Blue,5.00,,,,,OD0748,C033,P0628,10/23/2021,1298.00,30.00%
P0749,Men,Bottomwear,Shorts,Nike,32,White,4.00,,,,,OD0749,C034,P0628,12/25/2021,1456.00,30.00%
P0750,Men,Bottomwear,Shorts,Nike,34,Green,2.00,,,,,OD0750,C035,P0628,4/24/2021,1478.00,30.00%
P0751,Men,Bottomwear,Shorts,Nike,34,Olive,5.00,,,,,OD0751,C036,P0628,12/30/2022,256.00,30.00%
P0752,Men,Bottomwear,Shorts,Nike,34,Pink,5.00,,,,,OD0752,C037,P0629,11/18/2021,2698.00,30.00%
P0753,Men,Bottomwear,Shorts,Puma,34,Orange,4.00,,,,,OD0753,C038,P0630,5/29/2022,2364.00,30.00%
P0754,Men,Bottomwear,Shorts,Puma,34,Beige,4.00,,,,,OD0754,C039,P0631,7/5/2021,1236.00,30.00%
P0755,Men,Bottomwear,Shorts,Puma,34,Off white,4.00,,,,,OD0755,C040,P0632,2/13/2022,756.00,30.00%
P0756,Men,Bottomwear,Shorts,Puma,34,Purple,3.00,,,,,OD0756,C041,P0633,1/21/2021,326.00,30.00%
P0757,Men,Bottomwear,Shorts,Puma,36,Peach,5.00,,,,,OD0757,C042,P0634,4/13/2021,453.00,30.00%
P0758,Men,Bottomwear,Shorts,Puma,36,Sea Green,4.00,,,,,OD0758,C043,P0635,2/23/2021,326.00,30.00%
P0759,Men,Bottomwear,Shorts,Puma,36,Lavender,2.00,,,,,OD0759,C044,P0636,12/16/2022,456.00,30.00%
P0760,Men,Bottomwear,Shorts,Puma,36,Black,5.00,,,,,OD0760,C045,P0637,9/20/2022,675.00,30.00%
P0761,Men,Bottomwear,Shorts,Puma,36,Blue,5.00,,,,,OD0761,C046,P0638,5/28/2021,654.00,30.00%
P0762,Men,Bottomwear,Shorts,Puma,36,White,5.00,,,,,OD0762,C047,P0639,10/10/2021,654.00,30.00%
P0763,Men,Bottomwear,Shorts,Puma,36,Green,4.00,,,,,OD0763,C048,P0640,10/10/2021,654.00,30.00%
P0764,Men,Bottomwear,Shorts,Puma,36,Black,4.00,,,,,OD0764,C049,P0641,9/27/2022,654.00,30.00%
P0765,Men,Bottomwear,Shorts,Puma,36,Black,4.00,,,,,OD0765,C050,P0642,2/5/2021,356.00,30.00%
P0766,Men,Bottomwear,Shorts,Puma,36,Orange,5.00,,,,,OD0766,C051,P0643,7/14/2022,686.00,30.00%
P0767,Men,Bottomwear,Shorts,Puma,36,Beige,5.00,,,,,OD0767,C052,P0643,4/20/2022,456.00,30.00%
P0768,Men,Bottomwear,Shorts,Puma,36,Off white,3.00,,,,,OD0768,C053,P0643,2/10/2022,516.00,30.00%
P0769,Men,Bottomwear,Shorts,Puma,38,Purple,5.00,,,,,OD0769,C054,P0643,8/22/2022,355.00,30.00%
P0770,Men,Bottomwear,Shorts,Puma,38,Peach,5.00,,,,,OD0770,C055,P0643,1/29/2021,465.00,30.00%
P0771,Men,Bottomwear,Shorts,Puma,38,Sea Green,4.00,,,,,OD0771,C056,P0644,11/4/2022,965.00,30.00%
P0772,Men,Bottomwear,Shorts,Puma,38,Lavender,3.00,,,,,OD0772,C057,P0645,5/21/2022,1158.00,30.00%
P0773,Men,Bottomwear,Pants,Puma,38,Black,4.00,,,,,OD0773,C058,P0646,8/15/2022,264.00,30.00%
P0774,Men,Bottomwear,Pants,Puma,38,Blue,5.00,,,,,OD0774,C059,P0647,1/6/2021,433.00,30.00%
P0775,Men,Bottomwear,Pants,Puma,38,White,3.00,,,,,OD0775,C060,P0648,4/26/2022,562.00,30.00%
P0776,Men,Bottomwear,Pants,Puma,38,Green,2.00,,,,,OD0776,C061,P0649,5/9/2022,423.00,30.00%
P0777,Men,Bottomwear,Pants,Puma,38,Olive,5.00,,,,,OD0777,C062,P0650,9/29/2022,621.00,30.00%
P0778,Men,Bottomwear,Pants,Puma,38,Pink,4.00,,,,,OD0778,C063,P0651,6/29/2022,333.00,30.00%
P0779,Men,Bottomwear,Pants,Puma,32,Orange,3.00,,,,,OD0779,C064,P0652,10/14/2021,236.00,30.00%
P0780,Men,Bottomwear,Pants,Puma,32,Beige,5.00,,,,,OD0780,C065,P0653,3/31/2021,456.00,30.00%
P0781,Men,Bottomwear,Pants,Puma,32,Off white,4.00,,,,,OD0781,C066,P0654,6/2/2021,963.00,30.00%
P0782,Men,Bottomwear,Pants,Puma,32,Purple,2.00,,,,,OD0782,C067,P0655,7/19/2021,234.00,30.00%
P0783,Men,Bottomwear,Pants,Puma,32,Peach,5.00,,,,,OD0783,C068,P0656,2/3/2023,456.00,30.00%
P0784,Men,Bottomwear,Pants,Puma,32,Sea Green,5.00,,,,,OD0784,C069,P0657,4/23/2022,564.00,30.00%
P0785,Men,Bottomwear,Pants,Puma,32,Lavender,4.00,,,,,OD0785,C070,P0658,1/11/2023,634.00,30.00%
P0786,Men,Bottomwear,Pants,Puma,32,Lavender,4.00,,,,,OD0786,C071,P0659,10/6/2022,236.00,30.00%
P0787,Men,Bottomwear,Pants,Puma,32,Lavender,4.00,,,,,OD0787,C072,P0660,11/18/2022,444.00,30.00%
P0788,Men,Bottomwear,Pants,Puma,32,Lavender,3.00,,,,,OD0788,C073,P0661,12/15/2022,456.00,30.00%
P0789,Men,Bottomwear,Pants,Puma,30,Lavender,5.00,,,,,OD0789,C074,P0662,1/1/2023,963.00,30.00%
P0790,Men,Bottomwear,Pants,Puma,30,Lavender,4.00,,,,,OD0790,C075,P0663,9/2/2022,456.00,30.00%
P0791,Men,Bottomwear,Pants,Puma,30,Black,2.00,,,,,OD0791,C076,P0664,9/8/2021,1189.00,30.00%
P0792,Men,Bottomwear,Pants,HRX by Hrithik Roshan ,30,Black,5.00,,,,,OD0792,C077,P0665,1/21/2022,1298.00,30.00%
P0793,Men,Bottomwear,Pants,HRX by Hrithik Roshan ,30,Beige,5.00,,,,,OD0793,C078,P0666,1/13/2021,1456.00,30.00%
P0794,Men,Bottomwear,Pants,HRX by Hrithik Roshan ,30,Beige,5.00,,,,,OD0794,C079,P0667,1/17/2021,1478.00,30.00%
P0795,Men,Bottomwear,Pants,HRX by Hrithik Roshan ,30,Beige,4.00,,,,,OD0795,C080,P0668,1/5/2021,256.00,30.00%
P0796,Men,Bottomwear,Pants,HRX by Hrithik Roshan ,30,Black,4.00,,,,,OD0796,C081,P0669,12/13/2021,2698.00,30.00%
P0797,Men,Bottomwear,Pants,HRX by Hrithik Roshan ,30,Blue,4.00,,,,,OD0797,C082,P0670,11/5/2022,2364.00,30.00%
P0798,Men,Bottomwear,Pants,HRX by Hrithik Roshan ,30,Black,5.00,,,,,OD0798,C083,P0671,8/17/2022,1236.00,30.00%
P0799,Men,Bottomwear,Pants,HRX by Hrithik Roshan ,30,Black,5.00,,,,,OD0799,C084,P0672,1/14/2022,756.00,30.00%
P0800,Men,Bottomwear,Pants,HRX by Hrithik Roshan ,36,Black,3.00,,,,,OD0800,C085,P0673,4/26/2021,326.00,30.00%
P0801,Men,Bottomwear,Pants,HRX by Hrithik Roshan ,36,Black,5.00,,,,,OD0801,C086,P0674,6/10/2022,453.00,30.00%
P0802,Men,Bottomwear,Pants,HRX by Hrithik Roshan ,36,Brown,5.00,,,,,OD0802,C087,P0675,3/14/2022,326.00,30.00%
P0803,Men,Bottomwear,Pants,HRX by Hrithik Roshan ,36,Brown,4.00,,,,,OD0803,C088,P0676,8/8/2022,456.00,30.00%
P0804,Men,Bottomwear,Pants,HRX by Hrithik Roshan ,36,Brown,3.00,,,,,OD0804,C089,P0677,3/11/2022,675.00,30.00%
P0805,Men,Bottomwear,Pants,HRX by Hrithik Roshan ,36,Brown,5.00,,,,,OD0805,C090,P0678,6/29/2022,654.00,30.00%
P0806,Men,Bottomwear,Pants,HRX by Hrithik Roshan ,36,Purple,4.00,,,,,OD0806,C091,P0679,6/21/2021,654.00,30.00%
P0807,Men,Bottomwear,Pants,HRX by Hrithik Roshan ,36,Purple,3.00,,,,,OD0807,C092,P0680,11/21/2022,654.00,30.00%
P0808,Men,Bottomwear,Pants,HRX by Hrithik Roshan ,36,Black,5.00,,,,,OD0808,C093,P0681,7/27/2021,654.00,30.00%
P0809,Men,Bottomwear,Pants,HRX by Hrithik Roshan ,32,Black,5.00,,,,,OD0809,C094,P0682,3/17/2021,356.00,30.00%
P0810,Men,Bottomwear,Pants,HRX by Hrithik Roshan ,32,Brown,4.00,,,,,OD0810,C095,P0683,3/19/2023,686.00,30.00%
P0811,Men,Bottomwear,Pants,HRX by Hrithik Roshan ,32,Brown,2.00,,,,,OD0811,C096,P0684,3/7/2022,456.00,30.00%
P0812,Men,Bottomwear,Pants,Adidas,32,Brown,3.00,,,,,OD0812,C097,P0685,11/3/2022,516.00,30.00%
P0813,Men,Bottomwear,Pants,Adidas,32,Brown,4.00,,,,,OD0813,C098,P0686,3/16/2022,355.00,30.00%
P0814,Men,Bottomwear,Pants,Adidas,32,Beige,5.00,,,,,OD0814,C099,P0686,5/5/2021,465.00,30.00%
P0815,Men,Bottomwear,Pants,Adidas,32,Beige,4.00,,,,,OD0815,C100,P0686,3/31/2023,965.00,30.00%
P0816,Men,Bottomwear,Pants,Adidas,34,Pink,4.00,,,,,OD0816,C001,P0686,3/10/2023,1158.00,30.00%
P0817,Men,Bottomwear,Pants,Adidas,34,Pink,4.00,,,,,OD0817,C002,P0686,4/19/2022,264.00,30.00%
P0818,Men,Bottomwear,Pants,Adidas,34,Pink,3.00,,,,,OD0818,C003,P0686,3/23/2023,433.00,30.00%
P0819,Men,Bottomwear,Pants,Adidas,34,Orange,2.00,,,,,OD0819,C004,P0687,4/19/2022,562.00,30.00%
P0820,Men,Bottomwear,Pants,Adidas,34,Orange,5.00,,,,,OD0820,C005,P0688,12/5/2021,423.00,30.00%
P0821,Men,Bottomwear,Pants,Adidas,34,Orange,4.00,,,,,OD0821,C006,P0689,7/31/2021,621.00,30.00%
P0822,Men,Bottomwear,Pants,Adidas,34,Yellow,2.00,,,,,OD0822,C007,P0690,10/11/2022,333.00,30.00%
P0823,Men,Bottomwear,Pants,Adidas,34,Yellow,5.00,,,,,OD0823,C008,P0691,12/12/2021,236.00,30.00%
P0824,Men,Bottomwear,Pants,Adidas,38,Yellow,5.00,,,,,OD0824,C009,P0692,2/10/2023,456.00,30.00%
P0825,Men,Bottomwear,Pants,Adidas,38,Cream,4.00,,,,,OD0825,C010,P0693,2/21/2023,963.00,30.00%
P0826,Men,Bottomwear,Pants,Adidas,38,Cream,4.00,,,,,OD0826,C011,P0694,9/28/2021,234.00,30.00%
P0827,Men,Bottomwear,Pants,Adidas,38,Cream,4.00,,,,,OD0827,C012,P0695,3/30/2021,456.00,30.00%
P0828,Men,Bottomwear,Pants,Adidas,38,Cream,3.00,,,,,OD0828,C013,P0696,7/1/2022,564.00,30.00%
P0829,Men,Bottomwear,Pants,Adidas,38,Green,5.00,,,,,OD0829,C014,P0697,1/23/2021,634.00,30.00%
P0830,Men,Bottomwear,Pants,Adidas,38,Green,4.00,,,,,OD0830,C015,P0698,5/29/2022,236.00,30.00%
P0831,Men,Bottomwear,Pants,Jockey,38,Green,2.00,,,,,OD0831,C016,P0699,7/15/2021,444.00,30.00%
P0832,Men,Bottomwear,Pants,Jockey,38,Teal,5.00,,,,,OD0832,C017,P0700,11/22/2022,456.00,30.00%
P0833,Men,Bottomwear,Pants,Jockey,38,Teal,5.00,,,,,OD0833,C018,P0701,1/10/2023,963.00,30.00%
P0834,Men,Bottomwear,Pants,Jockey,38,Teal,5.00,,,,,OD0834,C019,P0702,10/21/2022,456.00,30.00%
P0835,Men,Bottomwear,Pants,Jockey,38,Teal,4.00,,,,,OD0835,C020,P0703,1/18/2021,1189.00,30.00%
P0836,Men,Bottomwear,Pants,Jockey,38,Teal,4.00,,,,,OD0836,C021,P0704,3/24/2023,1298.00,30.00%
P0837,Men,Bottomwear,Pants,Jockey,38,Sea Green,4.00,,,,,OD0837,C022,P0705,8/13/2022,1456.00,30.00%
P0838,Men,Bottomwear,Pants,Jockey,36,Red ,5.00,,,,,OD0838,C023,P0706,12/4/2022,1478.00,30.00%
P0839,Men,Bottomwear,Pants,Jockey,36,Blue,5.00,,,,,OD0839,C024,P0707,12/10/2021,256.00,30.00%
P0840,Men,Bottomwear,Pants,Jockey,36,Orange,3.00,,,,,OD0840,C025,P0708,2/6/2021,2698.00,30.00%
P0841,Men,Footwear,Casual Shoes,Puma,6  UK,Green,5.00,,,,,OD0841,C026,P0709,6/22/2022,2364.00,30.00%
P0842,Men,Footwear,Casual Shoes,Puma,7  UK,Purple,5.00,,,,,OD0842,C027,P0710,3/3/2022,1236.00,30.00%
P0843,Men,Footwear,Casual Shoes,Puma,8  UK,White,4.00,,,,,OD0843,C028,P0711,5/26/2022,756.00,30.00%
P0844,Men,Footwear,Casual Shoes,Puma,9  UK,Off white,3.00,,,,,OD0844,C029,P0712,10/19/2022,326.00,30.00%
P0845,Men,Footwear,Casual Shoes,Puma,10  UK,Off white,3.00,,,,,OD0845,C030,P0713,4/3/2022,453.00,30.00%
P0846,Men,Footwear,Casual Shoes,Puma,11  UK,Off white,5.00,,,,,OD0846,C031,P0714,7/26/2021,326.00,30.00%
P0847,Men,Footwear,Casual Shoes,Puma,11  UK,Off white,5.00,,,,,OD0847,C032,P0715,10/8/2021,456.00,30.00%
P0848,Men,Footwear,Casual Shoes,Puma,11  UK,Off white,4.00,,,,,OD0848,C033,P0716,3/16/2022,456.00,30.00%
P0849,Men,Footwear,Casual Shoes,Puma,11  UK,Off white,2.00,,,,,OD0849,C034,P0717,3/19/2021,456.00,30.00%
P0850,Men,Footwear,Casual Shoes,Puma,11  UK,Off white,3.00,,,,,OD0850,C035,P0718,7/21/2022,456.00,30.00%
P0851,Men,Footwear,Casual Shoes,Puma,11  UK,Off white,4.00,,,,,OD0851,C036,P0719,8/7/2022,236.00,30.00%
P0852,Men,Footwear,Casual Shoes,Puma,11  UK,Off white,5.00,,,,,OD0852,C037,P0720,3/25/2022,996.00,30.00%
P0853,Men,Footwear,Casual Shoes,Puma,10 UK,Brown,4.00,,,,,OD0853,C038,P0721,4/20/2021,654.00,30.00%
P0854,Men,Footwear,Casual Shoes,Puma,10 UK,Brown,4.00,,,,,OD0854,C039,P0722,5/3/2021,456.00,30.00%
P0855,Men,Footwear,Casual Shoes,Puma,10 UK,Brown,4.00,,,,,OD0855,C040,P0722,12/4/2021,785.00,30.00%
P0856,Men,Footwear,Casual Shoes,Puma,10 UK,Brown,3.00,,,,,OD0856,C041,P0722,8/11/2022,365.00,25.00%
P0857,Men,Footwear,Casual Shoes,Puma,10 UK,Brown,2.00,,,,,OD0857,C042,P0722,6/15/2022,965.00,25.00%
P0858,Men,Footwear,Casual Shoes,Puma,10 UK,Brown,5.00,,,,,OD0858,C043,P0722,10/4/2022,444.00,30.00%
P0859,Men,Footwear,Casual Shoes,Puma,10 UK,Brown,4.00,,,,,OD0859,C044,P0723,9/9/2022,569.00,30.00%
P0860,Men,Footwear,Casual Shoes,Puma,10 UK,Brown,2.00,,,,,OD0860,C045,P0724,11/18/2021,475.00,30.00%
P0861,Men,Footwear,Casual Shoes,Puma,9 UK,Brown,5.00,,,,,OD0861,C046,P0725,8/15/2022,598.00,40.00%
P0862,Men,Footwear,Casual Shoes,Puma,9 UK,Navy Blue,5.00,,,,,OD0862,C047,P0726,7/10/2022,536.00,40.00%
P0863,Men,Footwear,Casual Shoes,Adidas,9 UK,Navy Blue,4.00,,,,,OD0863,C048,P0727,1/29/2021,256.00,40.00%
P0864,Men,Footwear,Casual Shoes,Adidas,9 UK,Navy Blue,4.00,,,,,OD0864,C049,P0728,3/13/2022,456.00,40.00%
P0865,Men,Footwear,Casual Shoes,Adidas,9 UK,Navy Blue,4.00,,,,,OD0865,C050,P0729,4/21/2021,456.00,40.00%
P0866,Men,Footwear,Casual Shoes,Adidas,9 UK,Navy Blue,3.00,,,,,OD0866,C051,P0730,1/25/2023,745.00,40.00%
P0867,Men,Footwear,Casual Shoes,Adidas,9 UK,Navy Blue,5.00,,,,,OD0867,C052,P0731,7/7/2022,356.00,45.00%
P0868,Men,Footwear,Casual Shoes,Adidas,9 UK,Navy Blue,4.00,,,,,OD0868,C053,P0732,7/20/2021,1189.00,45.00%
P0869,Men,Footwear,Casual Shoes,Adidas,8 UK,Navy Blue,2.00,,,,,OD0869,C054,P0733,6/18/2022,426.00,45.00%
P0870,Men,Footwear,Casual Shoes,Nike,8 UK,Navy Blue,5.00,,,,,OD0870,C055,P0734,2/21/2023,1126.00,47.00%
P0871,Men,Footwear,Casual Shoes,Nike,8 UK,Blue,5.00,,,,,OD0871,C056,P0735,9/11/2021,1145.00,47.00%
P0872,Men,Footwear,Casual Shoes,Nike,8 UK,Blue,5.00,,,,,OD0872,C057,P0736,3/9/2021,1235.00,46.00%
P0873,Men,Footwear,Casual Shoes,Nike,8 UK,Blue,4.00,,,,,OD0873,C058,P0737,10/7/2021,1564.00,46.00%
P0874,Men,Footwear,Casual Shoes,Nike,8 UK,Blue,4.00,,,,,OD0874,C059,P0738,5/12/2022,654.00,46.00%
P0875,Men,Footwear,Casual Shoes,Nike,6 UK,Blue,4.00,,,,,OD0875,C060,P0739,9/17/2021,854.00,30.00%
P0876,Men,Footwear,Casual Shoes,Nike,6 UK,Blue,5.00,,,,,OD0876,C061,P0740,5/22/2021,475.00,30.00%
P0877,Men,Footwear,Casual Shoes,Nike,6 UK,Blue,5.00,,,,,OD0877,C062,P0741,10/14/2022,349.00,30.00%
P0878,Men,Footwear,Casual Shoes,Nike,6 UK,Blue,3.00,,,,,OD0878,C063,P0742,10/30/2022,350.00,30.00%
P0879,Men,Footwear,Casual Shoes,Nike,6 UK,Grey,5.00,,,,,OD0879,C064,P0743,5/16/2022,351.00,30.00%
P0880,Men,Footwear,Casual Shoes,Nike,6 UK,Grey,5.00,,,,,OD0880,C065,P0744,3/27/2021,352.00,35.00%
P0881,Men,Footwear,Casual Shoes,Nike,6 UK,Grey,4.00,,,,,OD0881,C066,P0745,6/28/2021,353.00,35.00%
P0882,Men,Footwear,Casual Shoes,Nike,6 UK,Grey,3.00,,,,,OD0882,C067,P0746,9/27/2021,354.00,35.00%
P0883,Men,Footwear,Casual Shoes,Nike,7 UK,Grey,4.00,,,,,OD0883,C068,P0747,7/2/2022,355.00,35.00%
P0884,Men,Footwear,Casual Shoes,Nike,7 UK,Grey,4.00,,,,,OD0884,C069,P0748,2/10/2022,356.00,35.00%
P0885,Men,Footwear,Casual Shoes,Nike,7 UK,Charcoal,4.00,,,,,OD0885,C070,P0749,8/30/2022,999.00,35.00%
P0886,Men,Footwear,Casual Shoes,Roadster,7 UK,Charcoal,4.00,,,,,OD0886,C071,P0750,3/3/2023,555.00,40.00%
P0887,Men,Footwear,Casual Shoes,Roadster,7 UK,Charcoal,4.00,,,,,OD0887,C072,P0751,7/30/2021,555.00,40.00%
P0888,Men,Footwear,Casual Shoes,Roadster,7 UK,Charcoal,4.00,,,,,OD0888,C073,P0752,7/11/2021,555.00,15.00%
P0889,Men,Footwear,Casual Shoes,Roadster,7 UK,Charcoal,4.00,,,,,OD0889,C074,P0753,6/28/2022,555.00,15.00%
P0890,Men,Footwear,Casual Shoes,Roadster,7 UK,Charcoal,4.00,,,,,OD0890,C075,P0754,5/25/2021,1025.00,15.00%
P0891,Men,Footwear,Casual Shoes,Roadster,7 UK,Charcoal,3.00,,,,,OD0891,C076,P0754,11/11/2021,1025.00,35.00%
P0892,Men,Footwear,Casual Shoes,Roadster,6  UK,Beige,3.00,,,,,OD0892,C077,P0754,2/4/2023,1025.00,35.00%
P0893,Men,Footwear,Casual Shoes,Roadster,7  UK,Beige,4.00,,,,,OD0893,C078,P0754,2/5/2023,555.00,35.00%
P0894,Men,Footwear,Casual Shoes,Roadster,8  UK,Beige,5.00,,,,,OD0894,C079,P0754,10/11/2021,599.00,35.00%
P0895,Men,Footwear,Casual Shoes,Roadster,9  UK,Beige,3.00,,,,,OD0895,C080,P0754,6/27/2022,555.00,55.00%
P0896,Men,Footwear,Casual Shoes,Roadster,10  UK,Beige,2.00,,,,,OD0896,C081,P0754,1/3/2021,555.00,55.00%
P0897,Men,Footwear,Casual Shoes,Roadster,11  UK,Beige,5.00,,,,,OD0897,C082,P0754,11/26/2022,565.00,55.00%
P0898,Men,Footwear,Casual Shoes,Roadster,11  UK,Beige,4.00,,,,,OD0898,C083,P0755,6/29/2021,555.00,55.00%
P0899,Men,Footwear,Casual Shoes,Wrogn,11  UK,Brown,3.00,,,,,OD0899,C084,P0756,3/14/2023,999.00,50.00%
P0900,Men,Footwear,Casual Shoes,Wrogn,11  UK,Brown,5.00,,,,,OD0900,C085,P0757,3/31/2023,999.00,50.00%
P0901,Men,Footwear,Casual Shoes,Wrogn,11  UK,Brown,4.00,,,,,OD0901,C086,P0758,1/2/2023,999.00,50.00%
P0902,Men,Footwear,Casual Shoes,Wrogn,11  UK,Black,2.00,,,,,OD0902,C087,P0759,1/13/2022,999.00,50.00%
P0903,Men,Footwear,Casual Shoes,Wrogn,11  UK,Black,5.00,,,,,OD0903,C088,P0760,7/7/2022,1119.00,50.00%
P0904,Men,Footwear,Casual Shoes,Wrogn,10 UK,Black,5.00,,,,,OD0904,C089,P0761,3/2/2021,1119.00,30.00%
P0905,Men,Footwear,Casual Shoes,Wrogn,10 UK,Black,4.00,,,,,OD0905,C090,P0762,5/9/2021,1119.00,32.00%
P0906,Men,Footwear,Casual Shoes,Wrogn,10 UK,Black,4.00,,,,,OD0906,C091,P0763,4/21/2022,1119.00,25.00%
P0907,Men,Footwear,Casual Shoes,Wrogn,10 UK,Brown,4.00,,,,,OD0907,C092,P0764,9/16/2022,2234.00,45.00%
P0908,Men,Footwear,Casual Shoes,Wrogn,10 UK,Brown,3.00,,,,,OD0908,C093,P0765,4/9/2021,2345.00,15.00%
P0909,Men,Footwear,Casual Shoes,Wrogn,10 UK,Brown,5.00,,,,,OD0909,C094,P0766,7/30/2022,2245.00,33.00%
P0910,Men,Footwear,Casual Shoes,Wrogn,10 UK,Brown,4.00,,,,,OD0910,C095,P0767,7/25/2021,2145.00,42.00%
P0911,Men,Footwear,Casual Shoes,Wrogn,10 UK,Brown,2.00,,,,,OD0911,C096,P0768,9/13/2021,2354.00,42.00%
P0912,Men,Footwear,Casual Shoes,Wrogn,9 UK,Brown,5.00,,,,,OD0912,C097,P0769,12/20/2022,2214.00,39.00%
P0913,Men,Footwear,Casual Shoes,Wrogn,9 UK,Brown,5.00,,,,,OD0913,C098,P0770,10/2/2021,2145.00,39.00%
P0914,Men,Footwear,Casual Shoes,Wrogn,9 UK,Yellow,5.00,,,,,OD0914,C099,P0771,4/15/2021,2235.00,39.00%
P0915,Men,Footwear,Casual Shoes,Wrogn,9 UK,Yellow,4.00,,,,,OD0915,C100,P0772,1/11/2022,2354.00,39.00%
P0916,Men,Footwear,Casual Shoes,Wrogn,9 UK,Yellow,4.00,,,,,OD0916,C001,P0773,3/17/2022,2345.00,30.00%
P0917,Men,Footwear,Casual Shoes,Wrogn,9 UK,Yellow,4.00,,,,,OD0917,C002,P0774,10/30/2022,2214.00,30.00%
P0918,Men,Footwear,Casual Shoes,Wrogn,9 UK,Yellow,5.00,,,,,OD0918,C003,P0775,7/4/2021,2145.00,30.00%
P0919,Men,Footwear,Formal Shoes,Red Tape,9 UK,Cream,5.00,,,,,OD0919,C004,P0776,6/13/2022,2365.00,25.00%
P0920,Men,Footwear,Formal Shoes,Red Tape,8 UK,Cream,3.00,,,,,OD0920,C005,P0777,4/16/2022,2541.00,25.00%
P0921,Men,Footwear,Formal Shoes,Red Tape,8 UK,Cream,5.00,,,,,OD0921,C006,P0778,1/30/2022,2145.00,30.00%
P0922,Men,Footwear,Formal Shoes,Red Tape,8 UK,Cream,5.00,,,,,OD0922,C007,P0779,11/12/2022,2214.00,30.00%
P0923,Men,Footwear,Formal Shoes,Red Tape,8 UK,Cream,4.00,,,,,OD0923,C008,P0780,2/22/2023,2354.00,30.00%
P0924,Men,Footwear,Formal Shoes,Red Tape,8 UK,Cream,3.00,,,,,OD0924,C009,P0781,4/27/2022,3452.00,40.00%
P0925,Men,Footwear,Formal Shoes,Red Tape,8 UK,Cream,5.00,,,,,OD0925,C010,P0782,7/12/2022,1452.00,40.00%
P0926,Men,Footwear,Formal Shoes,Red Tape,6 UK,Navy Blue,4.00,,,,,OD0926,C011,P0783,8/6/2021,1246.00,40.00%
P0927,Men,Footwear,Formal Shoes,Red Tape,6 UK,Navy Blue,3.00,,,,,OD0927,C012,P0784,2/17/2022,2345.00,40.00%
P0928,Men,Footwear,Formal Shoes,Red Tape,6 UK,Navy Blue,5.00,,,,,OD0928,C013,P0785,7/27/2021,2235.00,40.00%
P0929,Men,Footwear,Formal Shoes,Red Tape,6 UK,Navy Blue,5.00,,,,,OD0929,C014,P0786,11/23/2022,2234.00,40.00%
P0930,Men,Footwear,Formal Shoes,Red Tape,6 UK,Teal,4.00,,,,,OD0930,C015,P0787,1/14/2023,1452.00,45.00%
P0931,Men,Footwear,Formal Shoes,Red Tape,6 UK,Sea Green,2.00,,,,,OD0931,C016,P0788,11/27/2021,2356.00,45.00%
P0932,Men,Footwear,Formal Shoes,Red Tape,6 UK,Red ,3.00,,,,,OD0932,C017,P0789,6/22/2021,2245.00,45.00%
P0933,Men,Footwear,Formal Shoes,Red Tape,6 UK,Blue,4.00,,,,,OD0933,C018,P0790,3/2/2023,2235.00,47.00%
P0934,Men,Footwear,Formal Shoes,Red Tape,7 UK,Orange,5.00,,,,,OD0934,C019,P0790,4/19/2021,965.00,47.00%
P0935,Men,Footwear,Formal Shoes,Red Tape,7 UK,Green,4.00,,,,,OD0935,C020,P0790,1/4/2022,1158.00,46.00%
P0936,Men,Footwear,Formal Shoes,Red Tape,7 UK,Purple,4.00,,,,,OD0936,C021,P0790,2/9/2022,264.00,46.00%
P0937,Men,Footwear,Formal Shoes,Red Tape,7 UK,White,4.00,,,,,OD0937,C022,P0790,10/17/2022,433.00,46.00%
P0938,Men,Footwear,Formal Shoes,Bata,7 UK,Off white,3.00,,,,,OD0938,C023,P0790,11/18/2022,562.00,30.00%
P0939,Men,Footwear,Formal Shoes,Bata,7 UK,Sea Green,2.00,,,,,OD0939,C024,P0791,9/20/2022,423.00,30.00%
P0940,Men,Footwear,Formal Shoes,Bata,7 UK,Green,5.00,,,,,OD0940,C025,P0792,3/4/2021,621.00,30.00%
P0941,Men,Footwear,Formal Shoes,Bata,7 UK,Peach,4.00,,,,,OD0941,C026,P0793,3/5/2021,333.00,30.00%
P0942,Men,Footwear,Formal Shoes,Bata,7 UK,Lavender,2.00,,,,,OD0942,C027,P0794,6/23/2021,236.00,30.00%
P0943,Men,Footwear,Formal Shoes,Bata,6  UK,Charcoal,5.00,,,,,OD0943,C028,P0795,12/11/2022,456.00,35.00%
P0944,Men,Footwear,Formal Shoes,Bata,7  UK,Beige,5.00,,,,,OD0944,C029,P0796,2/3/2023,963.00,35.00%
P0945,Men,Footwear,Formal Shoes,Bata,8  UK,Cream,4.00,,,,,OD0945,C030,P0797,9/9/2021,234.00,35.00%
P0946,Men,Footwear,Formal Shoes,Bata,9  UK,Off white,4.00,,,,,OD0946,C031,P0798,1/27/2022,456.00,35.00%
P0947,Men,Footwear,Formal Shoes,Bata,10  UK,Brown,4.00,,,,,OD0947,C032,P0799,10/24/2022,564.00,35.00%
P0948,Men,Footwear,Formal Shoes,Bata,11  UK,Mustard,3.00,,,,,OD0948,C033,P0800,10/16/2022,634.00,35.00%
P0949,Men,Footwear,Formal Shoes,Bata,11  UK,Burgundy,5.00,,,,,OD0949,C034,P0801,2/20/2022,236.00,40.00%
P0950,Men,Footwear,Formal Shoes,Bata,11  UK,Lavender,4.00,,,,,OD0950,C035,P0802,7/7/2021,444.00,40.00%
P0951,Men,Footwear,Formal Shoes,Bata,11  UK,Teal,2.00,,,,,OD0951,C036,P0803,7/30/2022,456.00,15.00%
P0952,Men,Footwear,Formal Shoes,Bata,11  UK,Rust,5.00,,,,,OD0952,C037,P0804,7/30/2022,963.00,15.00%
P0953,Men,Footwear,Formal Shoes,Bata,11  UK,Gold,5.00,,,,,OD0953,C038,P0805,2/25/2023,456.00,15.00%
P0954,Men,Footwear,Formal Shoes,Bata,11  UK,Blue,5.00,,,,,OD0954,C039,P0806,6/6/2022,1189.00,34.00%
P0955,Men,Footwear,Formal Shoes,Bata,10 UK,White,4.00,,,,,OD0955,C040,P0807,5/24/2021,1298.00,34.00%
P0956,Men,Footwear,Formal Shoes,Bata,10 UK,Navy Blue,4.00,,,,,OD0956,C041,P0808,1/10/2022,1456.00,34.00%
P0957,Men,Footwear,Formal Shoes,Bata,10 UK,Pink,4.00,,,,,OD0957,C042,P0809,12/12/2022,1478.00,34.00%
P0958,Men,Footwear,Formal Shoes,Bata,10 UK,Black,5.00,,,,,OD0958,C043,P0810,2/3/2022,256.00,34.00%
P0959,Men,Footwear,Formal Shoes,Woodland,10 UK,Black,5.00,,,,,OD0959,C044,P0811,10/21/2021,2698.00,34.00%
P0960,Men,Footwear,Formal Shoes,Woodland,10 UK,Black,3.00,,,,,OD0960,C045,P0812,2/9/2021,2364.00,44.00%
P0961,Men,Footwear,Formal Shoes,Woodland,10 UK,Black,5.00,,,,,OD0961,C046,P0813,12/27/2021,1236.00,44.00%
P0962,Men,Footwear,Formal Shoes,Woodland,10 UK,Grey,5.00,,,,,OD0962,C047,P0814,7/9/2021,756.00,44.00%
P0963,Men,Footwear,Formal Shoes,Woodland,9 UK,Grey,4.00,,,,,OD0963,C048,P0815,8/9/2022,326.00,44.00%
P0964,Men,Footwear,Formal Shoes,Woodland,9 UK,Grey,3.00,,,,,OD0964,C049,P0816,9/22/2021,453.00,44.00%
P0965,Men,Footwear,Sports Shoes,Red Tape,9 UK,Blue,4.00,,,,,OD0965,C050,P0817,1/17/2021,326.00,10.00%
P0966,Men,Footwear,Sports Shoes,Red Tape,9 UK,Blue,5.00,,,,,OD0966,C051,P0818,2/10/2022,456.00,10.00%
P0967,Men,Footwear,Sports Shoes,Red Tape,9 UK,Blue,3.00,,,,,OD0967,C052,P0819,10/8/2022,675.00,10.00%
P0968,Men,Footwear,Sports Shoes,Red Tape,9 UK,Navy Blue,2.00,,,,,OD0968,C053,P0820,7/26/2022,654.00,30.00%
P0969,Men,Footwear,Sports Shoes,Red Tape,9 UK,Navy Blue,5.00,,,,,OD0969,C054,P0821,1/30/2022,654.00,30.00%
P0970,Men,Footwear,Sports Shoes,Red Tape,9 UK,Navy Blue,4.00,,,,,OD0970,C055,P0822,8/2/2021,654.00,30.00%
P0971,Men,Footwear,Sports Shoes,Red Tape,8 UK,Navy Blue,3.00,,,,,OD0971,C056,P0823,9/16/2021,654.00,25.00%
P0972,Men,Footwear,Sports Shoes,Red Tape,8 UK,Grey,5.00,,,,,OD0972,C057,P0824,2/3/2021,356.00,25.00%
P0973,Men,Footwear,Sports Shoes,Red Tape,8 UK,Grey,4.00,,,,,OD0973,C058,P0825,7/9/2022,686.00,30.00%
P0974,Men,Footwear,Sports Shoes,Red Tape,8 UK,Grey,2.00,,,,,OD0974,C059,P0826,1/30/2021,456.00,30.00%
P0975,Men,Footwear,Sports Shoes,Red Tape,8 UK,Grey,5.00,,,,,OD0975,C060,P0826,7/2/2021,516.00,30.00%
P0976,Men,Footwear,Sports Shoes,Red Tape,8 UK,Charcoal,5.00,,,,,OD0976,C061,P0826,7/14/2021,355.00,40.00%
P0977,Men,Footwear,Sports Shoes,Red Tape,6 UK,Charcoal,4.00,,,,,OD0977,C062,P0826,1/21/2022,465.00,40.00%
P0978,Men,Footwear,Sports Shoes,Red Tape,6 UK,Charcoal,4.00,,,,,OD0978,C063,P0827,12/14/2021,965.00,40.00%
P0979,Men,Footwear,Sports Shoes,Puma,6 UK,Charcoal,4.00,,,,,OD0979,C064,P0828,2/6/2023,1158.00,40.00%
P0980,Men,Footwear,Sports Shoes,Puma,6 UK,Charcoal,3.00,,,,,OD0980,C065,P0829,7/23/2021,264.00,40.00%
P0981,Men,Footwear,Sports Shoes,Puma,6 UK,Charcoal,5.00,,,,,OD0981,C066,P0830,2/22/2023,433.00,40.00%
P0982,Men,Footwear,Sports Shoes,Puma,6 UK,Off white,4.00,,,,,OD0982,C067,P0831,2/6/2022,562.00,45.00%
P0983,Men,Footwear,Sports Shoes,Puma,6 UK,Off white,2.00,,,,,OD0983,C068,P0832,9/17/2021,423.00,45.00%
P0984,Men,Footwear,Sports Shoes,Puma,6 UK,Beige,5.00,,,,,OD0984,C069,P0833,5/31/2022,621.00,45.00%
P0985,Men,Footwear,Sports Shoes,Puma,7 UK,Beige,5.00,,,,,OD0985,C070,P0834,5/29/2022,333.00,47.00%
P0986,Men,Footwear,Sports Shoes,Puma,7 UK,Rust,5.00,,,,,OD0986,C071,P0835,3/17/2022,236.00,47.00%
P0987,Men,Footwear,Sports Shoes,Puma,7 UK,Rust,4.00,,,,,OD0987,C072,P0836,3/20/2021,456.00,46.00%
P0988,Men,Footwear,Sports Shoes,Puma,7 UK,Charcoal,4.00,,,,,OD0988,C073,P0837,1/29/2021,963.00,46.00%
P0989,Men,Footwear,Sports Shoes,Puma,7 UK,Charcoal,4.00,,,,,OD0989,C074,P0838,12/13/2021,234.00,46.00%
P0990,Men,Footwear,Sports Shoes,Puma,7 UK,Charcoal,5.00,,,,,OD0990,C075,P0839,3/7/2021,456.00,30.00%
P0991,Men,Footwear,Sports Shoes,Puma,7 UK,Turquoise Blue,5.00,,,,,OD0991,C076,P0840,5/29/2021,564.00,30.00%
P0992,Men,Footwear,Sports Shoes,Puma,7 UK,Turquoise Blue,3.00,,,,,OD0992,C077,P0841,2/1/2022,634.00,30.00%
P0993,Men,Footwear,Sports Shoes,Puma,7 UK,Turquoise Blue,5.00,,,,,OD0993,C078,P0842,5/23/2021,236.00,30.00%
P0994,Men,Footwear,Sports Shoes,Adidas,8 UK,Peach,5.00,,,,,OD0994,C079,P0843,8/31/2021,444.00,30.00%
P0995,Men,Footwear,Sports Shoes,Adidas,9 UK,Peach,4.00,,,,,OD0995,C080,P0844,9/11/2021,456.00,35.00%
P0996,Men,Footwear,Sports Shoes,Adidas,10 UK,Peach,3.00,,,,,OD0996,C081,P0845,10/13/2021,963.00,35.00%
P0997,Men,Footwear,Sports Shoes,Adidas,11 UK,Peach,5.00,,,,,OD0997,C082,P0846,4/11/2022,456.00,35.00%
P0998,Men,Footwear,Sports Shoes,Adidas,12 UK,Peach,4.00,,,,,OD0998,C083,P0847,11/19/2022,1189.00,35.00%
P0999,Men,Footwear,Sports Shoes,Adidas,6 UK,Beige,3.00,,,,,OD0999,C084,P0848,4/26/2021,1298.00,35.00%
P1000,Men,Footwear,Sports Shoes,Adidas,6 UK,Beige,5.00,,,,,OD1000,C085,P0849,11/25/2022,1456.00,35.00%
P1001,Men,Footwear,Sports Shoes,Adidas,6 UK,Beige,5.00,,,,,OD1001,C086,P0850,7/9/2022,1478.00,40.00%
P1002,Men,Footwear,Sports Shoes,Adidas,6 UK,Beige,4.00,,,,,OD1002,C087,P0851,6/23/2021,256.00,40.00%
P1003,Men,Footwear,Sports Shoes,Adidas,6 UK,Beige,2.00,,,,,OD1003,C088,P0852,8/6/2022,2698.00,15.00%
P1004,Men,Footwear,Sports Shoes,Adidas,6 UK,White,3.00,,,,,OD1004,C089,P0853,3/9/2022,2364.00,15.00%
P1005,Men,Footwear,Sports Shoes,Adidas,6 UK,White,4.00,,,,,OD1005,C090,P0854,7/3/2022,1236.00,15.00%
P1006,Men,Footwear,Sports Shoes,Adidas,6 UK,White,5.00,,,,,OD1006,C091,P0855,3/10/2022,756.00,35.00%
P1007,Men,Footwear,Sports Shoes,Adidas,7 UK,White,4.00,,,,,OD1007,C092,P0856,3/9/2021,326.00,35.00%
P1008,Men,Footwear,Sports Shoes,Nike,7 UK,White,4.00,,,,,OD1008,C093,P0857,12/18/2022,453.00,35.00%
P1009,Men,Footwear,Sports Shoes,Nike,7 UK,Off white,4.00,,,,,OD1009,C094,P0858,8/24/2022,326.00,35.00%
P1010,Men,Footwear,Sports Shoes,Nike,7 UK,Off white,3.00,,,,,OD1010,C095,P0859,11/20/2022,456.00,55.00%
P1011,Men,Footwear,Sports Shoes,Nike,7 UK,Off white,2.00,,,,,OD1011,C096,P0860,1/5/2023,675.00,55.00%
P1012,Men,Footwear,Sports Shoes,Nike,7 UK,Black,5.00,,,,,OD1012,C097,P0861,3/3/2023,654.00,55.00%
P1013,Men,Footwear,Sports Shoes,Nike,7 UK,Black,4.00,,,,,OD1013,C098,P0862,5/25/2022,654.00,55.00%
P1014,Men,Footwear,Sports Shoes,Nike,7 UK,Black,2.00,,,,,OD1014,C099,P0863,11/16/2022,654.00,50.00%
P1015,Men,Footwear,Sports Shoes,Nike,7 UK,Black,5.00,,,,,OD1015,C100,P0863,1/30/2023,654.00,50.00%
P1016,Men,Footwear,Sports Shoes,Nike,8 UK,Brown,5.00,,,,,OD1016,C001,P0863,2/27/2022,356.00,50.00%
P1017,Men,Footwear,Sports Shoes,Nike,9 UK,Brown,4.00,,,,,OD1017,C002,P0863,8/19/2021,686.00,50.00%
P1018,Men,Footwear,Sports Shoes,Nike,10 UK,Brown,4.00,,,,,OD1018,C003,P0863,2/12/2021,456.00,50.00%
P1019,Men,Footwear,Sports Shoes,Nike,11 UK,Brown,4.00,,,,,OD1019,C004,P0864,3/5/2023,516.00,30.00%
P1020,Men,Footwear,Sports Shoes,Nike,11 UK,Purple,3.00,,,,,OD1020,C005,P0865,1/15/2023,355.00,32.00%
P1021,Men,Footwear,Sports Shoes,Nike,11 UK,Purple,5.00,,,,,OD1021,C006,P0866,2/13/2021,465.00,25.00%
P1022,Men,Footwear,Sports Shoes,Nike,11 UK,Black,4.00,,,,,OD1022,C007,P0867,1/7/2021,965.00,45.00%
P1023,Men,Footwear,Sports Shoes,Nike,11 UK,Black,2.00,,,,,OD1023,C008,P0868,6/16/2022,1158.00,15.00%
P1024,Men,Footwear,Sports Shoes,Nike,10 UK,Brown,5.00,,,,,OD1024,C009,P0869,1/9/2023,264.00,33.00%
P1025,Men,Footwear,Sports Shoes,Nike,10 UK,Brown,5.00,,,,,OD1025,C010,P0870,8/12/2021,433.00,42.00%
P1026,Men,Footwear,Sports Shoes,Nike,10 UK,Brown,5.00,,,,,OD1026,C011,P0871,1/23/2022,562.00,42.00%
P1027,Men,Footwear,Sports Shoes,Nike,10 UK,Brown,4.00,,,,,OD1027,C012,P0872,6/5/2022,423.00,39.00%
P1028,Men,Footwear,Sports Shoes,Nike,10 UK,Beige,4.00,,,,,OD1028,C013,P0873,3/24/2022,621.00,39.00%
P1029,Men,Footwear,Sports Shoes,Nike,10 UK,Beige,4.00,,,,,OD1029,C014,P0874,8/21/2022,333.00,39.00%
P1030,Men,Footwear,Sports Shoes,Nike,10 UK,Pink,5.00,,,,,OD1030,C015,P0875,3/22/2022,236.00,39.00%
P1031,Men,Footwear,Sports Shoes,Nike,10 UK,Pink,5.00,,,,,OD1031,C016,P0876,1/17/2023,456.00,30.00%
P1032,Men,Footwear,Sports Shoes,Nike,8 UK,Pink,3.00,,,,,OD1032,C017,P0877,11/13/2021,963.00,30.00%
P1033,Men,Footwear,Sports Shoes,Reebok,8 UK,Orange,5.00,,,,,OD1033,C018,P0878,3/5/2022,234.00,30.00%
P1034,Men,Footwear,Sports Shoes,Reebok,8 UK,Orange,5.00,,,,,OD1034,C019,P0879,7/3/2021,456.00,25.00%
P1035,Men,Footwear,Sports Shoes,Reebok,8 UK,Orange,4.00,,,,,OD1035,C020,P0880,1/13/2023,564.00,25.00%
P1036,Men,Footwear,Sports Shoes,Reebok,8 UK,Yellow,3.00,,,,,OD1036,C021,P0881,11/6/2022,634.00,30.00%
P1037,Men,Footwear,Sports Shoes,Reebok,8 UK,Yellow,3.00,,,,,OD1037,C022,P0882,5/24/2021,236.00,30.00%
P1038,Men,Footwear,Sports Shoes,Reebok,7 UK,Yellow,5.00,,,,,OD1038,C023,P0883,11/6/2021,444.00,30.00%
P1039,Men,Footwear,Sports Shoes,Reebok,8 UK,Cream,5.00,,,,,OD1039,C024,P0884,1/5/2021,456.00,40.00%
P1040,Men,Footwear,Sports Shoes,Reebok,9 UK,Cream,4.00,,,,,OD1040,C025,P0885,12/8/2021,963.00,40.00%
P1041,Men,Footwear,Sports Shoes,Reebok,10 UK,Cream,2.00,,,,,OD1041,C026,P0886,9/7/2022,456.00,40.00%
P1042,Men,Footwear,Sports Shoes,Reebok,11 UK,Cream,3.00,,,,,OD1042,C027,P0887,10/29/2022,1189.00,40.00%
P1043,Men,Footwear,Sports Shoes,Reebok,12 UK,Green,4.00,,,,,OD1043,C028,P0888,2/14/2023,1298.00,40.00%
P1044,Men,Footwear,Sports Shoes,Reebok,6 UK,Green,5.00,,,,,OD1044,C029,P0889,9/2/2022,1456.00,40.00%
P1045,Men,Footwear,Sports Shoes,Reebok,7 UK,Green,4.00,,,,,OD1045,C030,P0890,2/13/2023,1478.00,45.00%
P1046,Men,Footwear,Sports Shoes,Reebok,8 UK,Teal,4.00,,,,,OD1046,C031,P0891,8/3/2021,256.00,45.00%
P1047,Men,Footwear,Sports Shoes,Reebok,9 UK,Teal,4.00,,,,,OD1047,C032,P0892,5/10/2022,2698.00,45.00%
P1048,Men,Footwear,Sports Shoes,Reebok,10 UK,Teal,3.00,,,,,OD1048,C033,P0893,11/16/2022,2364.00,47.00%
P1049,Men,Footwear,Sports Shoes,Reebok,11 UK,Teal,2.00,,,,,OD1049,C034,P0894,2/8/2023,1236.00,47.00%
P1050,Women,Indian & Fusion Wear,Kurtis,Biba,S,Teal,5.00,,,,,OD1050,C035,P0895,9/1/2022,756.00,46.00%
P1051,Women,Indian & Fusion Wear,Kurtis,Biba,S,Sea Green,4.00,,,,,OD1051,C036,P0896,7/1/2021,326.00,46.00%
P1052,Women,Indian & Fusion Wear,Kurtis,Biba,S,Red ,2.00,,,,,OD1052,C037,P0897,4/28/2021,453.00,46.00%
P1053,Women,Indian & Fusion Wear,Kurtis,Biba,S,Pink,5.00,,,,,OD1053,C038,P0898,9/29/2021,326.00,30.00%
P1054,Women,Indian & Fusion Wear,Kurtis,Biba,S,Orange,5.00,,,,,OD1054,C039,P0899,7/7/2022,456.00,30.00%
P1055,Women,Indian & Fusion Wear,Kurtis,Biba,S,Green,4.00,,,,,OD1055,C040,P0900,3/23/2022,456.00,30.00%
P1056,Women,Indian & Fusion Wear,Kurtis,Biba,S,Purple,4.00,,,,,OD1056,C041,P0901,8/13/2022,456.00,30.00%
P1057,Women,Indian & Fusion Wear,Kurtis,Biba,M,White,4.00,,,,,OD1057,C042,P0902,7/21/2021,456.00,30.00%
P1058,Women,Indian & Fusion Wear,Kurtis,Biba,M,Off white,3.00,,,,,OD1058,C043,P0903,9/16/2022,236.00,35.00%
P1059,Women,Indian & Fusion Wear,Kurtis,Biba,M,Sea Green,5.00,,,,,OD1059,C044,P0904,1/31/2023,996.00,35.00%
P1060,Women,Indian & Fusion Wear,Kurtis,Biba,M,Green,4.00,,,,,OD1060,C045,P0905,10/5/2022,654.00,35.00%
P1061,Women,Indian & Fusion Wear,Kurtis,Biba,M,Peach,2.00,,,,,OD1061,C046,P0906,5/6/2022,456.00,35.00%
P1062,Women,Indian & Fusion Wear,Kurtis,Biba,M,Lavender,5.00,,,,,OD1062,C047,P0907,7/12/2022,785.00,35.00%
P1063,Women,Indian & Fusion Wear,Kurtis,Biba,M,Charcoal,5.00,,,,,OD1063,C048,P0908,5/3/2021,365.00,35.00%
P1064,Women,Indian & Fusion Wear,Kurtis,Biba,M,Pink,5.00,,,,,OD1064,C049,P0909,11/5/2022,965.00,40.00%
P1065,Women,Indian & Fusion Wear,Kurtis,Biba,M,Cream,4.00,,,,,OD1065,C050,P0910,7/10/2022,444.00,40.00%
P1066,Women,Indian & Fusion Wear,Kurtis,Biba,M,Off white,4.00,,,,,OD1066,C051,P0911,8/26/2021,569.00,15.00%
P1067,Women,Indian & Fusion Wear,Kurtis,Biba,M,Brown,4.00,,,,,OD1067,C052,P0911,3/31/2022,475.00,15.00%
P1068,Women,Indian & Fusion Wear,Kurtis,Biba,L,Mustard,5.00,,,,,OD1068,C053,P0911,11/5/2022,598.00,15.00%
P1069,Women,Indian & Fusion Wear,Kurtis,W,L,Burgundy,5.00,,,,,OD1069,C054,P0911,9/5/2021,536.00,30.00%
P1070,Women,Indian & Fusion Wear,Kurtis,W,L,Lavender,3.00,,,,,OD1070,C055,P0911,1/19/2023,256.00,30.00%
P1071,Women,Indian & Fusion Wear,Kurtis,W,L,Teal,5.00,,,,,OD1071,C056,P0911,9/10/2022,456.00,30.00%
P1072,Women,Indian & Fusion Wear,Kurtis,W,L,Rust,5.00,,,,,OD1072,C057,P0911,10/17/2022,456.00,25.00%
P1073,Women,Indian & Fusion Wear,Kurtis,W,L,Gold,4.00,,,,,OD1073,C058,P0912,12/29/2021,745.00,25.00%
P1074,Women,Indian & Fusion Wear,Kurtis,W,L,Pink,3.00,,,,,OD1074,C059,P0913,12/1/2021,356.00,30.00%
P1075,Women,Indian & Fusion Wear,Kurtis,W,L,White,4.00,,,,,OD1075,C060,P0914,9/20/2021,1189.00,30.00%
P1076,Women,Indian & Fusion Wear,Kurtis,W,XL,Navy Blue,5.00,,,,,OD1076,C061,P0915,1/23/2021,426.00,30.00%
P1077,Women,Indian & Fusion Wear,Kurtis,W,XL,Pink,3.00,,,,,OD1077,C062,P0916,12/23/2022,1126.00,40.00%
P1078,Women,Indian & Fusion Wear,Kurtis,W,XL,Pink,2.00,,,,,OD1078,C063,P0917,9/22/2021,1145.00,40.00%
P1079,Women,Indian & Fusion Wear,Kurtis,W,XL,Black,5.00,,,,,OD1079,C064,P0918,6/6/2021,1235.00,40.00%
P1080,Women,Indian & Fusion Wear,Kurtis,W,XL,Black,4.00,,,,,OD1080,C065,P0919,4/29/2022,1564.00,40.00%
P1081,Women,Indian & Fusion Wear,Kurtis,W,XL,Black,3.00,,,,,OD1081,C066,P0920,12/24/2021,654.00,40.00%
P1082,Women,Indian & Fusion Wear,Kurtis,W,XXL,Grey,5.00,,,,,OD1082,C067,P0921,2/28/2023,854.00,40.00%
P1083,Women,Indian & Fusion Wear,Kurtis,W,XXL,Grey,4.00,,,,,OD1083,C068,P0922,7/5/2022,475.00,45.00%
P1084,Women,Indian & Fusion Wear,Kurtis,W,XXL,Grey,2.00,,,,,OD1084,C069,P0923,3/25/2022,349.00,45.00%
P1085,Women,Indian & Fusion Wear,Kurtis,W,XXL,Pink,5.00,,,,,OD1085,C070,P0924,9/7/2021,350.00,45.00%
P1086,Women,Indian & Fusion Wear,Kurtis,W,XXL,Pink,5.00,,,,,OD1086,C071,P0925,8/18/2022,351.00,47.00%
P1087,Women,Indian & Fusion Wear,Kurtis,W,XXL,Blue,4.00,,,,,OD1087,C072,P0926,6/2/2022,352.00,47.00%
P1088,Women,Indian & Fusion Wear,Kurtis,House of Pataudi,XXL,Navy Blue,4.00,,,,,OD1088,C073,P0927,7/8/2022,353.00,46.00%
P1089,Women,Indian & Fusion Wear,Kurtis,House of Pataudi,XXL,Navy Blue,4.00,,,,,OD1089,C074,P0928,2/24/2021,354.00,46.00%
P1090,Women,Indian & Fusion Wear,Kurtis,House of Pataudi,XXL,Navy Blue,3.00,,,,,OD1090,C075,P0929,6/22/2022,355.00,46.00%
P1091,Women,Indian & Fusion Wear,Kurtis,House of Pataudi,S,Navy Blue,5.00,,,,,OD1091,C076,P0930,7/12/2021,356.00,30.00%
P1092,Women,Indian & Fusion Wear,Kurtis,House of Pataudi,S,Teal,4.00,,,,,OD1092,C077,P0931,4/19/2021,999.00,30.00%
P1093,Women,Indian & Fusion Wear,Kurtis,House of Pataudi,S,Teal,2.00,,,,,OD1093,C078,P0932,9/23/2022,555.00,30.00%
P1094,Women,Indian & Fusion Wear,Kurtis,House of Pataudi,S,Teal,5.00,,,,,OD1094,C079,P0933,10/21/2022,555.00,30.00%
P1095,Women,Indian & Fusion Wear,Kurtis,House of Pataudi,S,Sea Green,5.00,,,,,OD1095,C080,P0934,11/17/2022,555.00,30.00%
P1096,Women,Indian & Fusion Wear,Kurtis,House of Pataudi,S,Red ,5.00,,,,,OD1096,C081,P0935,3/21/2023,555.00,35.00%
P1097,Women,Indian & Fusion Wear,Kurtis,House of Pataudi,S,Blue,4.00,,,,,OD1097,C082,P0936,10/11/2021,1025.00,35.00%
P1098,Women,Indian & Fusion Wear,Kurtis,House of Pataudi,S,Orange,4.00,,,,,OD1098,C083,P0936,3/8/2021,1025.00,35.00%
P1099,Women,Indian & Fusion Wear,Kurtis,House of Pataudi,S,Green,4.00,,,,,OD1099,C084,P0936,6/18/2022,1025.00,35.00%
P1100,Women,Indian & Fusion Wear,Kurtis,House of Pataudi,M,Purple,5.00,,,,,OD1100,C085,P0936,3/15/2022,555.00,35.00%
P1101,Women,Indian & Fusion Wear,Kurtis,House of Pataudi,M,White,5.00,,,,,OD1101,C086,P0936,3/28/2023,599.00,35.00%
P1102,Women,Indian & Fusion Wear,Kurtis,House of Pataudi,M,Off white,3.00,,,,,OD1102,C087,P0937,2/15/2023,555.00,40.00%
P1103,Women,Indian & Fusion Wear,Kurtis,House of Pataudi,M,Sea Green,5.00,,,,,OD1103,C088,P0938,3/4/2022,555.00,40.00%
P1104,Women,Indian & Fusion Wear,Kurtis,H&M,M,Green,5.00,,,,,OD1104,C089,P0939,2/14/2022,565.00,15.00%
P1105,Women,Indian & Fusion Wear,Kurtis,H&M,M,Peach,4.00,,,,,OD1105,C090,P0940,5/29/2022,555.00,15.00%
P1106,Women,Indian & Fusion Wear,Kurtis,H&M,M,Lavender,3.00,,,,,OD1106,C091,P0941,6/19/2021,999.00,15.00%
P1107,Women,Indian & Fusion Wear,Kurtis,H&M,M,Charcoal,5.00,,,,,OD1107,C092,P0942,4/11/2022,999.00,35.00%
P1108,Women,Indian & Fusion Wear,Kurtis,H&M,M,Pink,4.00,,,,,OD1108,C093,P0943,5/23/2022,999.00,35.00%
P1109,Women,Indian & Fusion Wear,Kurtis,H&M,L,Cream,3.00,,,,,OD1109,C094,P0944,7/15/2022,999.00,35.00%
P1110,Women,Indian & Fusion Wear,Kurtis,H&M,L,Off white,5.00,,,,,OD1110,C095,P0945,11/19/2022,1119.00,35.00%
P1111,Women,Indian & Fusion Wear,Kurtis,H&M,L,Brown,5.00,,,,,OD1111,C096,P0946,9/18/2021,1119.00,55.00%
P1112,Women,Indian & Fusion Wear,Kurtis,H&M,L,Mustard,4.00,,,,,OD1112,C097,P0947,10/4/2021,1119.00,55.00%
P1113,Women,Indian & Fusion Wear,Kurtis,H&M,L,Burgundy,2.00,,,,,OD1113,C098,P0948,11/18/2022,1119.00,55.00%
P1114,Women,Indian & Fusion Wear,Kurtis,H&M,L,Lavender,3.00,,,,,OD1114,C099,P0949,11/8/2021,985.00,55.00%
P1115,Women,Indian & Fusion Wear,Kurtis,H&M,L,Teal,4.00,,,,,OD1115,C100,P0950,7/10/2021,985.00,50.00%
P1116,Women,Indian & Fusion Wear,Kurtis,H&M,L,Rust,5.00,,,,,OD1116,C001,P0951,8/29/2021,985.00,50.00%
P1117,Women,Indian & Fusion Wear,Kurtis,Libas,L,Gold,4.00,,,,,OD1117,C002,P0952,10/28/2021,985.00,50.00%
P1118,Women,Indian & Fusion Wear,Kurtis,Libas,L,Blue,4.00,,,,,OD1118,C003,P0953,4/13/2021,985.00,50.00%
P1119,Women,Indian & Fusion Wear,Kurtis,Libas,XL,White,4.00,,,,,OD1119,C004,P0954,12/30/2021,369.00,50.00%
P1120,Women,Indian & Fusion Wear,Kurtis,Libas,XL,Navy Blue,3.00,,,,,OD1120,C005,P0955,6/30/2021,399.00,30.00%
P1121,Women,Indian & Fusion Wear,Kurtis,Libas,XL,Pink,2.00,,,,,OD1121,C006,P0956,6/23/2022,399.00,32.00%
P1122,Women,Indian & Fusion Wear,Kurtis,Libas,XL,Pink,5.00,,,,,OD1122,C007,P0957,3/7/2021,399.00,25.00%
P1123,Women,Indian & Fusion Wear,Kurtis,Libas,XL,Pink,4.00,,,,,OD1123,C008,P0958,1/28/2023,399.00,45.00%
P1124,Women,Indian & Fusion Wear,Kurtis,Libas,XXL,Pink,2.00,,,,,OD1124,C009,P0959,1/15/2022,555.00,15.00%
P1125,Women,Indian & Fusion Wear,Kurtis,Libas,XXL,Black,5.00,,,,,OD1125,C010,P0960,10/23/2021,555.00,33.00%
P1126,Women,Indian & Fusion Wear,Kurtis,Libas,XXL,Grey,5.00,,,,,OD1126,C011,P0961,9/12/2021,555.00,42.00%
P1127,Women,Indian & Fusion Wear,Kurtis,Libas,XXL,Grey,4.00,,,,,OD1127,C012,P0962,3/14/2022,555.00,42.00%
P1128,Women,Indian & Fusion Wear,Kurtis,Libas,XXL,Grey,4.00,,,,,OD1128,C013,P0963,9/16/2021,675.00,39.00%
P1129,Women,Indian & Fusion Wear,Kurtis,Libas,XXL,Pink,4.00,,,,,OD1129,C014,P0964,2/15/2022,675.00,39.00%
P1130,Women,Indian & Fusion Wear,Kurtis,Libas,XXL,Pink,3.00,,,,,OD1130,C015,P0965,3/22/2022,675.00,39.00%
P1131,Women,Indian & Fusion Wear,Kurtis,Libas,XXL,Pink,5.00,,,,,OD1131,C016,P0966,11/5/2021,654.00,39.00%
P1132,Women,Indian & Fusion Wear,Kurtis,Libas,XXL,Navy Blue,4.00,,,,,OD1132,C017,P0967,5/5/2021,654.00,30.00%
P1133,Women,Indian & Fusion Wear,Kurtis,Here&Now,XXL,Navy Blue,2.00,,,,,OD1133,C018,P0968,3/21/2021,654.00,30.00%
P1134,Women,Indian & Fusion Wear,Kurtis,Here&Now,XXL,Navy Blue,5.00,,,,,OD1134,C019,P0969,12/12/2021,654.00,30.00%
P1135,Women,Indian & Fusion Wear,Kurtis,Here&Now,M,Navy Blue,5.00,,,,,OD1135,C020,P0970,3/30/2023,356.00,25.00%
P1136,Women,Indian & Fusion Wear,Kurtis,Here&Now,M,Pink,5.00,,,,,OD1136,C021,P0971,6/20/2022,686.00,25.00%
P1137,Women,Indian & Fusion Wear,Kurtis,Here&Now,M,Pink,4.00,,,,,OD1137,C022,P0972,8/4/2022,456.00,30.00%
P1138,Women,Indian & Fusion Wear,Kurtis,Here&Now,M,Pink,4.00,,,,,OD1138,C023,P0973,11/27/2021,516.00,30.00%
P1139,Women,Indian & Fusion Wear,Kurtis,Here&Now,M,Pink,4.00,,,,,OD1139,C024,P0974,4/11/2022,355.00,30.00%
P1140,Women,Indian & Fusion Wear,Kurtis,Here&Now,M,Grey,5.00,,,,,OD1140,C025,P0975,12/12/2022,465.00,40.00%
P1141,Women,Indian & Fusion Wear,Kurtis,Here&Now,M,Pink,5.00,,,,,OD1141,C026,P0976,9/29/2022,965.00,40.00%
P1142,Women,Indian & Fusion Wear,Kurtis,Mayra,M,Pink,3.00,,,,,OD1142,C027,P0977,5/27/2021,1158.00,40.00%
P1143,Women,Indian & Fusion Wear,Kurtis,Mayra,M,Pink,5.00,,,,,OD1143,C028,P0978,4/13/2022,264.00,40.00%
P1144,Women,Indian & Fusion Wear,Kurtis,Mayra,M,Navy Blue,5.00,,,,,OD1144,C029,P0979,3/23/2023,433.00,40.00%
P1145,Women,Indian & Fusion Wear,Kurtis,Mayra,M,Navy Blue,4.00,,,,,OD1145,C030,P0980,3/27/2022,562.00,40.00%
P1146,Women,Indian & Fusion Wear,Kurtis,Mayra,M,Navy Blue,3.00,,,,,OD1146,C031,P0980,2/19/2023,423.00,45.00%
P1147,Women,Indian & Fusion Wear,Kurtis,Mayra,S,Navy Blue,4.00,,,,,OD1147,C032,P0980,6/22/2021,621.00,45.00%
P1148,Women,Indian & Fusion Wear,Kurtis,Mayra,S,Red ,5.00,,,,,OD1148,C033,P0980,8/20/2022,333.00,45.00%
P1149,Women,Indian & Fusion Wear,Kurtis,Mayra,S,Red ,3.00,,,,,OD1149,C034,P0980,11/8/2022,236.00,47.00%
P1150,Women,Indian & Fusion Wear,Kurtis,Mayra,S,Red ,2.00,,,,,OD1150,C035,P0981,2/14/2022,456.00,47.00%
P1151,Women,Indian & Fusion Wear,Kurtis,Mayra,S,Red ,5.00,,,,,OD1151,C036,P0982,5/25/2022,963.00,46.00%
P1152,Women,Indian & Fusion Wear,Kurtis,Mayra,S,Red ,4.00,,,,,OD1152,C037,P0983,3/20/2022,234.00,46.00%
P1153,Women,Indian & Fusion Wear,Kurtis,Mayra,S,White,3.00,,,,,OD1153,C038,P0984,12/1/2022,456.00,46.00%
P1154,Women,Indian & Fusion Wear,Kurtis,Mayra,S,White,5.00,,,,,OD1154,C039,P0985,1/1/2022,564.00,30.00%
P1155,Women,Indian & Fusion Wear,Kurtis,Mayra,L,White,4.00,,,,,OD1155,C040,P0986,1/21/2022,634.00,30.00%
P1156,Women,Indian & Fusion Wear,Suits,House of Pataudi,L,White,2.00,,,,,OD1156,C041,P0987,7/7/2021,236.00,30.00%
P1157,Women,Indian & Fusion Wear,Suits,House of Pataudi,L,White,5.00,,,,,OD1157,C042,P0988,6/1/2022,444.00,30.00%
P1158,Women,Indian & Fusion Wear,Suits,House of Pataudi,L,Off white,5.00,,,,,OD1158,C043,P0989,1/7/2022,456.00,30.00%
P1159,Women,Indian & Fusion Wear,Suits,House of Pataudi,L,Off white,4.00,,,,,OD1159,C044,P0990,5/31/2021,963.00,35.00%
P1160,Women,Indian & Fusion Wear,Suits,House of Pataudi,L,Off white,4.00,,,,,OD1160,C045,P0991,11/7/2021,456.00,35.00%
P1161,Women,Indian & Fusion Wear,Suits,House of Pataudi,L,Off white,4.00,,,,,OD1161,C046,P0992,11/7/2022,1189.00,35.00%
P1162,Women,Indian & Fusion Wear,Suits,House of Pataudi,L,Off white,3.00,,,,,OD1162,C047,P0993,5/2/2022,1298.00,35.00%
P1163,Women,Indian & Fusion Wear,Suits,House of Pataudi,XL,Cream,5.00,,,,,OD1163,C048,P0994,11/8/2021,1456.00,35.00%
P1164,Women,Indian & Fusion Wear,Suits,House of Pataudi,XL,Turquoise Blue,4.00,,,,,OD1164,C049,P0995,10/16/2021,1478.00,35.00%
P1165,Women,Indian & Fusion Wear,Suits,House of Pataudi,XL,Cream,2.00,,,,,OD1165,C050,P0995,6/19/2021,256.00,40.00%
P1166,Women,Indian & Fusion Wear,Suits,House of Pataudi,XL,Mustard,5.00,,,,,OD1166,C051,P0995,4/15/2022,2698.00,40.00%
P1167,Women,Indian & Fusion Wear,Suits,House of Pataudi,XL,Cream,5.00,,,,,OD1167,C052,P0995,12/16/2021,2364.00,15.00%
P1168,Women,Indian & Fusion Wear,Suits,House of Pataudi,XL,Grey,5.00,,,,,OD1168,C053,P0995,12/10/2021,1236.00,15.00%
P1169,Women,Indian & Fusion Wear,Suits,Here&Now,XL,Purple,4.00,,,,,OD1169,C054,P0996,7/13/2021,756.00,15.00%
P1170,Women,Indian & Fusion Wear,Suits,Here&Now,XL,Brown,4.00,,,,,OD1170,C055,P0997,1/28/2021,326.00,30.00%
P1171,Women,Indian & Fusion Wear,Suits,Here&Now,XL,Mustard,4.00,,,,,OD1171,C056,P0998,10/30/2022,453.00,30.00%
P1172,Women,Indian & Fusion Wear,Suits,Here&Now,M,Teal,5.00,,,,,OD1172,C057,P0999,5/11/2021,326.00,40.00%
P1173,Women,Indian & Fusion Wear,Suits,Here&Now,M,Pink,5.00,,,,,OD1173,C058,P1000,2/4/2021,456.00,40.00%
P1174,Women,Indian & Fusion Wear,Suits,Here&Now,M,Olive,3.00,,,,,OD1174,C059,P1001,6/2/2021,675.00,40.00%
P1175,Women,Indian & Fusion Wear,Suits,Here&Now,M,Green,5.00,,,,,OD1175,C060,P1002,4/4/2022,654.00,40.00%
P1176,Women,Indian & Fusion Wear,Suits,Here&Now,XXL,Red ,5.00,,,,,OD1176,C061,P1003,1/19/2023,654.00,40.00%
P1177,Women,Indian & Fusion Wear,Suits,Here&Now,XXL,Khaki,4.00,,,,,OD1177,C062,P1004,5/7/2021,654.00,40.00%
P1178,Women,Indian & Fusion Wear,Suits,Here&Now,XXL,Blue,3.00,,,,,OD1178,C063,P1005,2/13/2022,654.00,45.00%
P1179,Women,Indian & Fusion Wear,Suits,Here&Now,XXL,Rust,5.00,,,,,OD1179,C064,P1006,8/8/2021,356.00,45.00%
P1180,Women,Indian & Fusion Wear,Suits,Here&Now,XXL,Grey,4.00,,,,,OD1180,C065,P1007,8/17/2021,686.00,45.00%
P1181,Women,Indian & Fusion Wear,Suits,Here&Now,XXL,Charcoal,3.00,,,,,OD1181,C066,P1008,9/11/2022,456.00,47.00%
P1182,Women,Indian & Fusion Wear,Suits,Here&Now,XXL,Tan,5.00,,,,,OD1182,C067,P1009,2/8/2022,516.00,47.00%
P1183,Women,Indian & Fusion Wear,Suits,Here&Now,XL,Yellow,5.00,,,,,OD1183,C068,P1010,9/13/2021,355.00,46.00%
P1184,Women,Indian & Fusion Wear,Suits,Here&Now,XL,Lavender,4.00,,,,,OD1184,C069,P1011,3/26/2021,465.00,46.00%
P1185,Women,Indian & Fusion Wear,Suits,Biba,XL,Purple,2.00,,,,,OD1185,C070,P1012,12/31/2021,965.00,46.00%
P1186,Women,Indian & Fusion Wear,Suits,Biba,XL,Blue,3.00,,,,,OD1186,C071,P1013,1/20/2022,1158.00,30.00%
P1187,Women,Indian & Fusion Wear,Suits,Biba,XL,Coral,4.00,,,,,OD1187,C072,P1014,1/21/2023,264.00,30.00%
P1188,Women,Indian & Fusion Wear,Suits,Biba,XL,Copper,5.00,,,,,OD1188,C073,P1015,1/21/2023,433.00,30.00%
P1189,Women,Indian & Fusion Wear,Suits,Biba,M,Charcoal,4.00,,,,,OD1189,C074,P1016,7/18/2021,562.00,30.00%
P1190,Women,Indian & Fusion Wear,Suits,Biba,M,Black,4.00,,,,,OD1190,C075,P1017,6/6/2022,423.00,30.00%
P1191,Women,Indian & Fusion Wear,Suits,Biba,M,Magenta,4.00,,,,,OD1191,C076,P1018,8/20/2022,621.00,35.00%
P1192,Women,Indian & Fusion Wear,Suits,Biba,M,Off white,3.00,,,,,OD1192,C077,P1019,10/24/2021,333.00,35.00%
P1193,Women,Indian & Fusion Wear,Suits,Biba,M,Sea Green,2.00,,,,,OD1193,C078,P1020,2/21/2022,236.00,35.00%
P1194,Women,Indian & Fusion Wear,Suits,Biba,M,Red ,5.00,,,,,OD1194,C079,P1021,8/31/2021,456.00,35.00%
P1195,Women,Indian & Fusion Wear,Suits,Biba,M,Red ,4.00,,,,,OD1195,C080,P1022,5/21/2022,963.00,35.00%
P1196,Women,Indian & Fusion Wear,Suits,Biba,S,Red ,2.00,,,,,OD1196,C081,P1022,1/11/2021,234.00,35.00%
P1197,Women,Indian & Fusion Wear,Suits,Biba,S,Red ,5.00,,,,,OD1197,C082,P1022,8/24/2021,456.00,40.00%
P1198,Women,Indian & Fusion Wear,Suits,Biba,S,White,5.00,,,,,OD1198,C083,P1022,1/13/2021,564.00,40.00%
P1199,Women,Indian & Fusion Wear,Suits,Biba,S,White,4.00,,,,,OD1199,C084,P1022,6/22/2021,634.00,15.00%
P1200,Women,Indian & Fusion Wear,Suits,Biba,S,White,4.00,,,,,OD1200,C085,P1023,6/8/2022,236.00,15.00%
P1201,Women,Indian & Fusion Wear,Suits,Libas,S,White,4.00,,,,,OD1201,C086,P1024,1/19/2023,444.00,15.00%
P1202,Women,Indian & Fusion Wear,Suits,Libas,S,White,3.00,,,,,OD1202,C087,P1025,3/6/2022,456.00,35.00%
P1203,Women,Indian & Fusion Wear,Suits,Libas,S,Off white,5.00,,,,,OD1203,C088,P1026,7/25/2021,963.00,35.00%
P1204,Women,Indian & Fusion Wear,Suits,Libas,L,Off white,4.00,,,,,OD1204,C089,P1027,1/31/2023,456.00,35.00%
P1205,Women,Indian & Fusion Wear,Suits,Libas,L,Off white,2.00,,,,,OD1205,C090,P1028,8/10/2022,1189.00,35.00%
P1206,Women,Indian & Fusion Wear,Suits,Libas,L,Off white,5.00,,,,,OD1206,C091,P1029,6/24/2021,1298.00,55.00%
P1207,Women,Indian & Fusion Wear,Suits,Libas,L,Off white,5.00,,,,,OD1207,C092,P1030,11/5/2022,1456.00,55.00%
P1208,Women,Indian & Fusion Wear,Suits,Libas,L,Cream,5.00,,,,,OD1208,C093,P1031,2/10/2022,1478.00,55.00%
P1209,Women,Indian & Fusion Wear,Suits,Libas,L,Turquoise Blue,4.00,,,,,OD1209,C094,P1032,2/10/2021,256.00,55.00%
P1210,Women,Indian & Fusion Wear,Suits,Libas,L,Cream,4.00,,,,,OD1210,C095,P1033,6/27/2022,2698.00,50.00%
P1211,Women,Indian & Fusion Wear,Suits,Libas,L,Mustard,4.00,,,,,OD1211,C096,P1034,5/17/2022,2364.00,50.00%
P1212,Women,Indian & Fusion Wear,Suits,Libas,M,Cream,5.00,,,,,OD1212,C097,P1035,5/6/2021,1236.00,50.00%
P1213,Women,Indian & Fusion Wear,Suits,Libas,M,Grey,5.00,,,,,OD1213,C098,P1036,8/6/2021,756.00,50.00%
P1214,Women,Indian & Fusion Wear,Suits,Libas,M,Purple,3.00,,,,,OD1214,C099,P1037,6/6/2021,326.00,50.00%
P1215,Women,Indian & Fusion Wear,Suits,Libas,M,Brown,5.00,,,,,OD1215,C100,P1038,1/31/2022,453.00,30.00%
P1216,Women,Indian & Fusion Wear,Ethnic Wear,Kalini,M,Mustard,5.00,,,,,OD1216,C001,P1039,5/9/2021,326.00,32.00%
P1217,Women,Indian & Fusion Wear,Ethnic Wear,Kalini,M,Teal,4.00,,,,,OD1217,C002,P1040,7/29/2021,456.00,25.00%
P1218,Women,Indian & Fusion Wear,Ethnic Wear,Kalini,M,Pink,3.00,,,,,OD1218,C003,P1041,5/8/2021,675.00,45.00%
P1219,Women,Indian & Fusion Wear,Ethnic Wear,Kalini,M,Olive,3.00,,,,,OD1219,C004,P1042,1/16/2023,654.00,15.00%
P1220,Women,Indian & Fusion Wear,Ethnic Wear,Kalini,L,Green,5.00,,,,,OD1220,C005,P1043,3/13/2021,654.00,33.00%
P1221,Women,Indian & Fusion Wear,Ethnic Wear,Kalini,L,Red ,5.00,,,,,OD1221,C006,P1044,4/30/2021,654.00,42.00%
P1222,Women,Indian & Fusion Wear,Ethnic Wear,Kalini,L,Khaki,4.00,,,,,OD1222,C007,P1045,5/23/2022,654.00,42.00%
P1223,Women,Indian & Fusion Wear,Ethnic Wear,Kalini,L,Blue,2.00,,,,,OD1223,C008,P1046,1/16/2023,356.00,39.00%
P1224,Women,Indian & Fusion Wear,Ethnic Wear,Kalini,L,Rust,3.00,,,,,OD1224,C009,P1047,2/25/2021,686.00,39.00%
P1225,Women,Indian & Fusion Wear,Ethnic Wear,Kalini,L,Grey,4.00,,,,,OD1225,C010,P1048,5/23/2021,456.00,39.00%
P1226,Women,Indian & Fusion Wear,Ethnic Wear,Kalini,L,Charcoal,5.00,,,,,OD1226,C011,P1049,12/27/2021,516.00,39.00%
P1227,Women,Indian & Fusion Wear,Ethnic Wear,Kalini,M,Tan,4.00,,,,,OD1227,C012,P1050,12/14/2022,355.00,30.00%
P1228,Women,Indian & Fusion Wear,Ethnic Wear,Kalini,M,Yellow,4.00,,,,,OD1228,C013,P1051,1/11/2021,465.00,30.00%
P1229,Women,Indian & Fusion Wear,Ethnic Wear,Kalini,M,Lavender,4.00,,,,,OD1229,C014,P1052,7/1/2022,965.00,30.00%
P1230,Women,Indian & Fusion Wear,Ethnic Wear,Kalini,M,Purple,3.00,,,,,OD1230,C015,P1053,10/14/2022,1158.00,25.00%
P1231,Women,Indian & Fusion Wear,Ethnic Wear,Kalini,M,Blue,2.00,,,,,OD1231,C016,P1054,8/26/2021,264.00,25.00%
P1232,Women,Indian & Fusion Wear,Ethnic Wear,Kalini,M,Coral,5.00,,,,,OD1232,C017,P1055,4/15/2022,433.00,30.00%
P1233,Women,Indian & Fusion Wear,Ethnic Wear,Kalini,M,Copper,4.00,,,,,OD1233,C018,P1056,8/13/2022,562.00,30.00%
P1234,Women,Indian & Fusion Wear,Ethnic Wear,Kalini,M,Charcoal,2.00,,,,,OD1234,C019,P1057,1/18/2022,423.00,30.00%
P1235,Women,Indian & Fusion Wear,Ethnic Wear,Kalini,XL,Black,5.00,,,,,OD1235,C020,P1058,8/28/2022,621.00,40.00%
P1236,Women,Indian & Fusion Wear,Ethnic Wear,Kalini,XL,Magenta,5.00,,,,,OD1236,C021,P1059,11/2/2021,333.00,40.00%
P1237,Women,Indian & Fusion Wear,Ethnic Wear,Libas,XL,Off white,4.00,,,,,OD1237,C022,P1060,1/16/2021,236.00,40.00%
P1238,Women,Indian & Fusion Wear,Ethnic Wear,Libas,XL,Sea Green,4.00,,,,,OD1238,C023,P1061,3/3/2021,456.00,40.00%
P1239,Women,Indian & Fusion Wear,Ethnic Wear,Libas,XL,Multicolor,4.00,,,,,OD1239,C024,P1062,2/10/2021,963.00,40.00%
P1240,Women,Indian & Fusion Wear,Ethnic Wear,Libas,XL,Multicolor,3.00,,,,,OD1240,C025,P1063,4/14/2022,234.00,40.00%
P1241,Women,Indian & Fusion Wear,Ethnic Wear,Libas,XXL,Multicolor,5.00,,,,,OD1241,C026,P1064,3/5/2023,456.00,45.00%
P1242,Women,Indian & Fusion Wear,Ethnic Wear,Libas,XXL,Multicolor,4.00,,,,,OD1242,C027,P1065,7/8/2021,564.00,45.00%
P1243,Women,Indian & Fusion Wear,Ethnic Wear,Libas,XXL,Multicolor,2.00,,,,,OD1243,C028,P1066,3/12/2022,634.00,45.00%
P1244,Women,Indian & Fusion Wear,Ethnic Wear,Libas,XXL,Multicolor,5.00,,,,,OD1244,C029,P1067,4/27/2022,236.00,47.00%
P1245,Women,Indian & Fusion Wear,Ethnic Wear,Libas,XXL,Multicolor,5.00,,,,,OD1245,C030,P1068,1/2/2021,444.00,47.00%
P1246,Women,Indian & Fusion Wear,Ethnic Wear,Libas,XXL,Multicolor,5.00,,,,,OD1246,C031,P1069,4/23/2021,456.00,46.00%
P1247,Women,Indian & Fusion Wear,Ethnic Wear,Libas,XXL,Coral,4.00,,,,,OD1247,C032,P1070,5/27/2021,963.00,46.00%
P1248,Women,Indian & Fusion Wear,Ethnic Wear,Libas,XXL,Peach,4.00,,,,,OD1248,C033,P1071,6/8/2021,456.00,46.00%
P1249,Women,Indian & Fusion Wear,Ethnic Wear,Libas,S,Pink,4.00,,,,,OD1249,C034,P1071,3/7/2022,1189.00,30.00%
P1250,Women,Indian & Fusion Wear,Ethnic Wear,Libas,S,White,5.00,,,,,OD1250,C035,P1071,12/9/2021,1298.00,30.00%
P1251,Women,Indian & Fusion Wear,Ethnic Wear,Libas,S,Off white,5.00,,,,,OD1251,C036,P1071,4/12/2021,1456.00,30.00%
P1252,Women,Indian & Fusion Wear,Ethnic Wear,Libas,S,Lavender,3.00,,,,,OD1252,C037,P1071,9/11/2021,1478.00,30.00%
P1253,Women,Indian & Fusion Wear,Ethnic Wear,Libas,S,Teal,5.00,,,,,OD1253,C038,P1071,11/9/2022,256.00,30.00%
P1254,Women,Indian & Fusion Wear,Ethnic Wear,Biba,S,Blue,5.00,,,,,OD1254,C039,P1072,3/17/2022,2698.00,35.00%
P1255,Women,Indian & Fusion Wear,Ethnic Wear,Biba,S,Navy Blue,4.00,,,,,OD1255,C040,P1073,3/29/2021,2364.00,35.00%
P1256,Women,Indian & Fusion Wear,Ethnic Wear,Biba,S,Sea Green,3.00,,,,,OD1256,C041,P1074,4/22/2021,1236.00,35.00%
P1257,Women,Indian & Fusion Wear,Ethnic Wear,Biba,S,Green,4.00,,,,,OD1257,C042,P1075,9/8/2022,756.00,35.00%
P1258,Women,Indian & Fusion Wear,Ethnic Wear,Biba,S,Tan,4.00,,,,,OD1258,C043,P1076,6/17/2021,326.00,35.00%
P1259,Women,Indian & Fusion Wear,Ethnic Wear,Biba,S,Charcoal,5.00,,,,,OD1259,C044,P1077,8/10/2022,453.00,35.00%
P1260,Women,Indian & Fusion Wear,Ethnic Wear,Biba,M,Red ,4.00,,,,,OD1260,C045,P1078,2/16/2022,326.00,40.00%
P1261,Women,Indian & Fusion Wear,Ethnic Wear,Biba,M,Multicolor,4.00,,,,,OD1261,C046,P1079,8/29/2021,456.00,40.00%
P1262,Women,Indian & Fusion Wear,Ethnic Wear,Biba,M,Multicolor,4.00,,,,,OD1262,C047,P1080,1/24/2023,456.00,15.00%
P1263,Women,Indian & Fusion Wear,Ethnic Wear,Biba,M,Multicolor,3.00,,,,,OD1263,C048,P1081,2/14/2023,456.00,15.00%
P1264,Women,Indian & Fusion Wear,Ethnic Wear,Biba,M,Coral,5.00,,,,,OD1264,C049,P1082,7/9/2021,456.00,15.00%
P1265,Women,Indian & Fusion Wear,Ethnic Wear,Biba,M,Peach,5.00,,,,,OD1265,C050,P1083,6/27/2021,236.00,30.00%
P1266,Women,Indian & Fusion Wear,Ethnic Wear,Biba,M,Beige,4.00,,,,,OD1266,C051,P1084,10/9/2021,996.00,30.00%
P1267,Women,Indian & Fusion Wear,Ethnic Wear,Biba,M,White,4.00,,,,,OD1267,C052,P1085,6/12/2021,654.00,30.00%
P1268,Women,Indian & Fusion Wear,Ethnic Wear,Biba,M,Off white,5.00,,,,,OD1268,C053,P1086,3/9/2021,456.00,25.00%
P1269,Women,Indian & Fusion Wear,Ethnic Wear,Biba,M,Lavender,3.00,,,,,OD1269,C054,P1087,10/7/2022,785.00,25.00%
P1270,Women,Indian & Fusion Wear,Ethnic Wear,Biba,M,Teal,2.00,,,,,OD1270,C055,P1088,8/29/2021,365.00,30.00%
P1271,Women,Indian & Fusion Wear,Ethnic Wear,Biba,M,Blue,5.00,,,,,OD1271,C056,P1089,2/27/2022,965.00,30.00%
P1272,Women,Indian & Fusion Wear,Ethnic Wear,Biba,M,Navy Blue,4.00,,,,,OD1272,C057,P1090,8/29/2022,444.00,30.00%
P1273,Women,Indian & Fusion Wear,Ethnic Wear,Here&Now,M,Sea Green,3.00,,,,,OD1273,C058,P1091,4/15/2021,569.00,40.00%
P1274,Women,Indian & Fusion Wear,Ethnic Wear,Here&Now,M,Green,5.00,,,,,OD1274,C059,P1092,10/12/2022,475.00,40.00%
P1275,Women,Indian & Fusion Wear,Ethnic Wear,Here&Now,M,Tan,4.00,,,,,OD1275,C060,P1093,3/22/2023,598.00,40.00%
P1276,Women,Indian & Fusion Wear,Ethnic Wear,Here&Now,L,Charcoal,2.00,,,,,OD1276,C061,P1094,10/10/2021,536.00,40.00%
P1277,Women,Indian & Fusion Wear,Ethnic Wear,Here&Now,L,Red ,5.00,,,,,OD1277,C062,P1095,12/29/2021,256.00,40.00%
P1278,Women,Indian & Fusion Wear,Ethnic Wear,Here&Now,L,Black,5.00,,,,,OD1278,C063,P1096,8/12/2021,456.00,40.00%
P1279,Women,Indian & Fusion Wear,Ethnic Wear,Here&Now,L,Blue,4.00,,,,,OD1279,C064,P1097,12/14/2021,456.00,45.00%
P1280,Women,Indian & Fusion Wear,Ethnic Wear,Here&Now,L,White,4.00,,,,,OD1280,C065,P1098,1/11/2021,745.00,45.00%
P1281,Women,Indian & Fusion Wear,Ethnic Wear,Here&Now,XL,Green,4.00,,,,,OD1281,C066,P1099,10/3/2021,356.00,45.00%
P1282,Women,Indian & Fusion Wear,Ethnic Wear,Here&Now,XL,Olive,3.00,,,,,OD1282,C067,P1100,9/4/2021,1189.00,47.00%
P1283,Women,Indian & Fusion Wear,Ethnic Wear,Here&Now,XL,Pink,5.00,,,,,OD1283,C068,P1101,2/11/2023,426.00,47.00%
P1284,Women,Indian & Fusion Wear,Ethnic Wear,Here&Now,XL,Orange,4.00,,,,,OD1284,C069,P1102,8/24/2022,1126.00,46.00%
P1285,Women,Indian & Fusion Wear,Ethnic Wear,Here&Now,XXL,Beige,2.00,,,,,OD1285,C070,P1103,11/2/2022,1145.00,46.00%
P1286,Women,Indian & Fusion Wear,Ethnic Wear,Here&Now,XXL,Off white,5.00,,,,,OD1286,C071,P1104,11/24/2022,1235.00,46.00%
P1287,Women,Indian & Fusion Wear,Ethnic Wear,Here&Now,XXL,Purple,5.00,,,,,OD1287,C072,P1105,8/11/2022,1564.00,30.00%
P1288,Women,Indian & Fusion Wear,Ethnic Wear,House of Pataudi,XXL,Peach,5.00,,,,,OD1288,C073,P1106,5/16/2022,654.00,30.00%
P1289,Women,Indian & Fusion Wear,Ethnic Wear,House of Pataudi,XXL,Sea Green,4.00,,,,,OD1289,C074,P1107,11/29/2022,854.00,30.00%
P1290,Women,Indian & Fusion Wear,Ethnic Wear,House of Pataudi,XXL,Lavender,4.00,,,,,OD1290,C075,P1108,2/8/2023,475.00,30.00%
P1291,Women,Indian & Fusion Wear,Ethnic Wear,House of Pataudi,XXL,Black,4.00,,,,,OD1291,C076,P1109,2/15/2022,475.00,30.00%
P1292,Women,Indian & Fusion Wear,Ethnic Wear,House of Pataudi,XXL,Blue,5.00,,,,,OD1292,C077,P1110,10/13/2022,475.00,35.00%
P1293,Women,Indian & Fusion Wear,Ethnic Wear,House of Pataudi,L,White,5.00,,,,,OD1293,C078,P1111,9/29/2021,475.00,35.00%
P1294,Women,Indian & Fusion Wear,Ethnic Wear,House of Pataudi,L,Green,3.00,,,,,OD1294,C079,P1112,8/27/2022,475.00,35.00%
P1295,Women,Indian & Fusion Wear,Ethnic Wear,House of Pataudi,L,Pink,5.00,,,,,OD1295,C080,P1113,8/24/2022,475.00,35.00%
P1296,Women,Indian & Fusion Wear,Ethnic Wear,House of Pataudi,L,Black,5.00,,,,,OD1296,C081,P1114,2/20/2023,475.00,35.00%
P1297,Women,Indian & Fusion Wear,Ethnic Wear,House of Pataudi,L,Orange,4.00,,,,,OD1297,C082,P1115,5/24/2022,475.00,35.00%
P1298,Women,Indian & Fusion Wear,Ethnic Wear,House of Pataudi,L,Beige,3.00,,,,,OD1298,C083,P1116,7/18/2022,564.00,40.00%
P1299,Women,Indian & Fusion Wear,Skirts,V&M,L,Off white,5.00,,,,,OD1299,C084,P1116,9/13/2021,478.00,40.00%
P1300,Women,Indian & Fusion Wear,Skirts,V&M,L,Purple,4.00,,,,,OD1300,C085,P1116,9/1/2022,1264.00,15.00%
P1301,Women,Indian & Fusion Wear,Skirts,V&M,L,Peach,3.00,,,,,OD1301,C086,P1116,12/26/2022,458.00,15.00%
P1302,Women,Indian & Fusion Wear,Skirts,V&M,M,Sea Green,5.00,,,,,OD1302,C087,P1116,3/21/2023,899.00,15.00%
P1303,Women,Indian & Fusion Wear,Skirts,V&M,M,Lavender,5.00,,,,,OD1303,C088,P1116,10/14/2022,859.00,35.00%
P1304,Women,Indian & Fusion Wear,Skirts,V&M,M,Black,4.00,,,,,OD1304,C089,P1117,2/4/2021,758.00,35.00%
P1305,Women,Indian & Fusion Wear,Skirts,V&M,M,Pink,2.00,,,,,OD1305,C090,P1118,12/6/2022,2354.00,35.00%
P1306,Women,Indian & Fusion Wear,Skirts,V&M,M,Pink,3.00,,,,,OD1306,C091,P1119,8/17/2021,2344.00,35.00%
P1307,Women,Indian & Fusion Wear,Skirts,V&M,M,Pink,4.00,,,,,OD1307,C092,P1120,3/10/2021,2453.00,55.00%
P1308,Women,Indian & Fusion Wear,Skirts,V&M,M,Pink,5.00,,,,,OD1308,C093,P1121,12/19/2022,2154.00,55.00%
P1309,Women,Indian & Fusion Wear,Skirts,V&M,M,Pink,4.00,,,,,OD1309,C094,P1122,8/18/2021,896.00,55.00%
P1310,Women,Indian & Fusion Wear,Skirts,V&M,M,Pink,4.00,,,,,OD1310,C095,P1123,4/25/2022,756.00,55.00%
P1311,Women,Indian & Fusion Wear,Skirts,V&M,M,Beige,4.00,,,,,OD1311,C096,P1124,11/5/2021,236.00,50.00%
P1312,Women,Indian & Fusion Wear,Skirts,V&M,M,Off white,3.00,,,,,OD1312,C097,P1125,8/28/2022,475.00,50.00%
P1313,Women,Indian & Fusion Wear,Skirts,V&M,M,Purple,2.00,,,,,OD1313,C098,P1126,10/8/2022,589.00,50.00%
P1314,Women,Indian & Fusion Wear,Skirts,La Zoire,S,Peach,5.00,,,,,OD1314,C099,P1127,11/28/2022,365.00,50.00%
P1315,Women,Indian & Fusion Wear,Skirts,La Zoire,S,Sea Green,4.00,,,,,OD1315,C100,P1128,12/21/2021,1233.00,50.00%
P1316,Women,Indian & Fusion Wear,Skirts,La Zoire,S,Lavender,2.00,,,,,OD1316,C001,P1129,9/16/2021,1233.00,30.00%
P1317,Women,Indian & Fusion Wear,Dupattas,W,S,Lavender,5.00,,,,,OD1317,C002,P1130,2/9/2022,1233.00,32.00%
P1318,Women,Indian & Fusion Wear,Dupattas,W,S,Lavender,5.00,,,,,OD1318,C003,P1131,3/9/2022,1233.00,25.00%
P1319,Women,Indian & Fusion Wear,Dupattas,W,S,Lavender,4.00,,,,,OD1319,C004,P1132,3/22/2022,1233.00,45.00%
P1320,Women,Indian & Fusion Wear,Dupattas,W,S,Lavender,4.00,,,,,OD1320,C005,P1133,11/3/2021,1233.00,15.00%
P1321,Women,Indian & Fusion Wear,Dupattas,W,S,Lavender,4.00,,,,,OD1321,C006,P1134,7/22/2022,456.00,33.00%
P1322,Women,Indian & Fusion Wear,Dupattas,W,S,Black,3.00,,,,,OD1322,C007,P1135,3/24/2022,456.00,42.00%
P1323,Women,Indian & Fusion Wear,Dupattas,W,XL,Sea Green,5.00,,,,,OD1323,C008,P1136,11/9/2022,456.00,42.00%
P1324,Women,Indian & Fusion Wear,Dupattas,W,XL,Lavender,4.00,,,,,OD1324,C009,P1137,1/26/2022,456.00,39.00%
P1325,Women,Indian & Fusion Wear,Dupattas,W,XL,Pink,2.00,,,,,OD1325,C010,P1138,2/21/2022,786.00,39.00%
P1326,Women,Indian & Fusion Wear,Dupattas,W,XL,Blue,5.00,,,,,OD1326,C011,P1139,1/23/2023,786.00,39.00%
P1327,Women,Indian & Fusion Wear,Dupattas,W,XL,White,5.00,,,,,OD1327,C012,P1140,6/10/2021,786.00,39.00%
P1328,Women,Indian & Fusion Wear,Dupattas,W,XL,Green,5.00,,,,,OD1328,C013,P1141,10/2/2022,786.00,30.00%
P1329,Women,Indian & Fusion Wear,Dupattas,W,XL,Pink,4.00,,,,,OD1329,C014,P1142,8/27/2022,786.00,30.00%
P1330,Women,Indian & Fusion Wear,Dupattas,W,XL,Pink,4.00,,,,,OD1330,C015,P1143,12/10/2021,786.00,30.00%
P1331,Women,Indian & Fusion Wear,Dupattas,W,L,Orange,4.00,,,,,OD1331,C016,P1144,4/5/2021,569.00,25.00%
P1332,Women,Indian & Fusion Wear,Dupattas,W,L,Beige,5.00,,,,,OD1332,C017,P1145,2/28/2021,569.00,25.00%
P1333,Women,Indian & Fusion Wear,Dupattas,W,L,Off white,5.00,,,,,OD1333,C018,P1146,12/15/2021,569.00,30.00%
P1334,Women,Indian & Fusion Wear,Dupattas,Biba,L,Sea Green,3.00,,,,,OD1334,C019,P1147,11/29/2021,569.00,30.00%
P1335,Women,Indian & Fusion Wear,Dupattas,Biba,L,Lavender,5.00,,,,,OD1335,C020,P1148,12/10/2022,569.00,30.00%
P1336,Women,Indian & Fusion Wear,Dupattas,Biba,L,Pink,5.00,,,,,OD1336,C021,P1149,4/30/2021,569.00,40.00%
P1337,Women,Indian & Fusion Wear,Dupattas,Biba,L,Pink,4.00,,,,,OD1337,C022,P1150,12/31/2021,569.00,40.00%
P1338,Women,Indian & Fusion Wear,Dupattas,Biba,L,Pink,3.00,,,,,OD1338,C023,P1151,6/9/2022,569.00,40.00%
P1339,Women,Indian & Fusion Wear,Dupattas,Biba,XL,Pink,5.00,,,,,OD1339,C024,P1152,1/17/2021,349.00,40.00%
P1340,Women,Indian & Fusion Wear,Dupattas,Biba,XL,Pink,5.00,,,,,OD1340,C025,P1153,2/28/2021,350.00,40.00%
P1341,Women,Indian & Fusion Wear,Dupattas,Biba,XL,Pink,4.00,,,,,OD1341,C026,P1154,2/3/2023,351.00,40.00%
P1342,Women,Indian & Fusion Wear,Dupattas,Biba,XL,Pink,4.00,,,,,OD1342,C027,P1155,2/15/2023,352.00,45.00%
P1343,Women,Indian & Fusion Wear,Dupattas,Biba,XXL,Beige,4.00,,,,,OD1343,C028,P1156,6/22/2022,353.00,45.00%
P1344,Women,Indian & Fusion Wear,Dupattas,Biba,XXL,Off white,2.00,,,,,OD1344,C029,P1157,8/7/2021,354.00,45.00%
P1345,Women,Indian & Fusion Wear,Dupattas,Biba,XXL,White,3.00,,,,,OD1345,C030,P1158,3/12/2023,355.00,47.00%
P1346,Women,Indian & Fusion Wear,Dupattas,Biba,XXL,White,2.00,,,,,OD1346,C031,P1159,9/10/2021,356.00,47.00%
P1347,Women,Indian & Fusion Wear,Dupattas,Biba,XXL,White,3.00,,,,,OD1347,C032,P1160,7/13/2021,999.00,46.00%
P1348,Women,Indian & Fusion Wear,Dupattas,House of Pataudi,XXL,White,5.00,,,,,OD1348,C033,P1161,1/1/2022,555.00,46.00%
P1349,Women,Indian & Fusion Wear,Dupattas,House of Pataudi,XXL,Teal,4.00,,,,,OD1349,C034,P1162,7/26/2022,555.00,46.00%
P1350,Women,Indian & Fusion Wear,Dupattas,House of Pataudi,M,Teal,3.00,,,,,OD1350,C035,P1163,1/24/2022,555.00,30.00%
P1351,Women,Indian & Fusion Wear,Dupattas,House of Pataudi,M,Teal,2.00,,,,,OD1351,C036,P1164,11/22/2021,555.00,30.00%
P1352,Women,Indian & Fusion Wear,Dupattas,House of Pataudi,M,Teal,2.00,,,,,OD1352,C037,P1165,12/24/2021,1025.00,30.00%
P1353,Women,Indian & Fusion Wear,Dupattas,House of Pataudi,M,White,3.00,,,,,OD1353,C038,P1166,3/26/2022,1025.00,30.00%
P1354,Women,Indian & Fusion Wear,Dupattas,House of Pataudi,M,Off white,5.00,,,,,OD1354,C039,P1167,5/13/2022,1025.00,30.00%
P1355,Women,Indian & Fusion Wear,Dupattas,House of Pataudi,M,Off white,4.00,,,,,OD1355,C040,P1167,11/14/2021,555.00,35.00%
P1356,Women,Indian & Fusion Wear,Dupattas,House of Pataudi,M,Off white,4.00,,,,,OD1356,C041,P1167,5/1/2021,599.00,35.00%
P1357,Women,Indian & Fusion Wear,Dupattas,House of Pataudi,M,Off white,3.00,,,,,OD1357,C042,P1167,9/6/2022,555.00,35.00%
P1358,Women,Indian & Fusion Wear,Dupattas,House of Pataudi,M,Off white,2.00,,,,,OD1358,C043,P1167,4/27/2022,555.00,35.00%
P1359,Women,Indian & Fusion Wear,Dupattas,House of Pataudi,M,Off white,4.00,,,,,OD1359,C044,P1167,9/26/2021,565.00,35.00%
P1360,Women,Indian & Fusion Wear,Dupattas,House of Pataudi,M,Off white,3.00,,,,,OD1360,C045,P1167,7/8/2021,555.00,35.00%
P1361,Women,Indian & Fusion Wear,Dupattas,House of Pataudi,M,Off white,5.00,,,,,OD1361,C046,P1167,9/21/2022,999.00,40.00%
P1362,Women,Western Wear,Tops,Tokyo Talkies,M,Green,5.00,,,,,OD1362,C047,P1168,1/5/2021,999.00,40.00%
P1363,Women,Western Wear,Tops,Tokyo Talkies,M,Green,3.00,,,,,OD1363,C048,P1169,7/2/2021,999.00,15.00%
P1364,Women,Western Wear,Tops,Tokyo Talkies,M,Green,4.00,,,,,OD1364,C049,P1170,1/7/2021,999.00,15.00%
P1365,Women,Western Wear,Tops,Tokyo Talkies,M,Sea Green,4.00,,,,,OD1365,C050,P1171,3/15/2021,1119.00,15.00%
P1366,Women,Western Wear,Tops,Tokyo Talkies,M,Sea Green,3.00,,,,,OD1366,C051,P1172,8/29/2022,1119.00,32.00%
P1367,Women,Western Wear,Tops,Tokyo Talkies,L,Sea Green,5.00,,,,,OD1367,C052,P1173,11/6/2021,1119.00,25.00%
P1368,Women,Western Wear,Tops,Tokyo Talkies,L,Peach,5.00,,,,,OD1368,C053,P1174,4/4/2022,1119.00,45.00%
P1369,Women,Western Wear,Tops,Tokyo Talkies,L,Peach,4.00,,,,,OD1369,C054,P1175,3/23/2022,985.00,15.00%
P1370,Women,Western Wear,Tops,Tokyo Talkies,L,Peach,3.00,,,,,OD1370,C055,P1176,1/27/2022,985.00,33.00%
P1371,Women,Western Wear,Tops,Tokyo Talkies,L,Sea Green,5.00,,,,,OD1371,C056,P1177,4/22/2021,985.00,42.00%
P1372,Women,Western Wear,Tops,Tokyo Talkies,L,Lavender,5.00,,,,,OD1372,C057,P1178,1/21/2021,985.00,42.00%
P1373,Women,Western Wear,Tops,Tokyo Talkies,S,Black,3.00,,,,,OD1373,C058,P1179,12/23/2022,985.00,39.00%
P1374,Women,Western Wear,Tops,Tokyo Talkies,S,Blue,2.00,,,,,OD1374,C059,P1180,11/6/2022,369.00,39.00%
P1375,Women,Western Wear,Tops,H&M,S,White,3.00,,,,,OD1375,C060,P1181,6/27/2021,399.00,39.00%
P1376,Women,Western Wear,Tops,H&M,S,Green,5.00,,,,,OD1376,C061,P1182,8/29/2022,399.00,39.00%
P1377,Women,Western Wear,Tops,H&M,S,Black,4.00,,,,,OD1377,C062,P1183,6/29/2022,399.00,30.00%
P1378,Women,Western Wear,Tops,H&M,S,Black,3.00,,,,,OD1378,C063,P1184,3/19/2023,399.00,30.00%
P1379,Women,Western Wear,Tops,H&M,S,Orange,4.00,,,,,OD1379,C064,P1185,11/29/2022,555.00,30.00%
P1380,Women,Western Wear,Tops,H&M,S,Beige,5.00,,,,,OD1380,C065,P1186,3/25/2023,555.00,25.00%
P1381,Women,Western Wear,Tops,H&M,M,Off white,3.00,,,,,OD1381,C066,P1187,7/4/2021,555.00,25.00%
P1382,Women,Western Wear,Tops,H&M,M,Pink,4.00,,,,,OD1382,C067,P1188,12/25/2021,555.00,30.00%
P1383,Women,Western Wear,Tops,H&M,M,Pink,5.00,,,,,OD1383,C068,P1189,10/30/2022,675.00,30.00%
P1384,Women,Western Wear,Tops,H&M,M,Mustard,3.00,,,,,OD1384,C069,P1190,3/1/2023,675.00,30.00%
P1385,Women,Western Wear,Tops,H&M,XL,Mustard,2.00,,,,,OD1385,C070,P1191,9/23/2021,675.00,40.00%
P1386,Women,Western Wear,Tops,H&M,XL,Mustard,5.00,,,,,OD1386,C071,P1192,12/17/2022,654.00,40.00%
P1387,Women,Western Wear,Tops,H&M,XL,Mustard,4.00,,,,,OD1387,C072,P1192,11/6/2022,654.00,40.00%
P1388,Women,Western Wear,Tops,Roadster,XL,Red,3.00,,,,,OD1388,C073,P1192,11/3/2021,654.00,40.00%
P1389,Women,Western Wear,Tops,Roadster,XL,Red,5.00,,,,,OD1389,C074,P1192,1/23/2023,654.00,40.00%
P1390,Women,Western Wear,Tops,Roadster,XL,Sea Green,4.00,,,,,OD1390,C075,P1192,2/14/2021,356.00,40.00%
P1391,Women,Western Wear,Tops,Roadster,L,Lavender,2.00,,,,,OD1391,C076,P1192,8/26/2022,686.00,45.00%
P1392,Women,Western Wear,Tops,Roadster,L,Pink,5.00,,,,,OD1392,C077,P1192,11/1/2021,456.00,45.00%
P1393,Women,Western Wear,Tops,Roadster,L,Blue,5.00,,,,,OD1393,C078,P1192,3/8/2022,516.00,45.00%
P1394,Women,Western Wear,Tops,Roadster,L,White,4.00,,,,,OD1394,C079,P1192,3/3/2021,355.00,47.00%
P1395,Women,Western Wear,Tops,Roadster,L,Green,4.00,,,,,OD1395,C080,P1193,6/10/2021,465.00,47.00%
P1396,Women,Western Wear,Tops,Roadster,L,Pink,4.00,,,,,OD1396,C081,P1194,1/21/2021,965.00,46.00%
P1397,Women,Western Wear,Tops,Roadster,L,Pink,3.00,,,,,OD1397,C082,P1195,12/21/2022,1158.00,46.00%
P1398,Women,Western Wear,Tops,Roadster,L,Orange,5.00,,,,,OD1398,C083,P1196,8/8/2022,264.00,46.00%
P1399,Women,Western Wear,Tops,Roadster,S,Pink,4.00,,,,,OD1399,C084,P1197,2/15/2023,433.00,30.00%
P1400,Women,Western Wear,Tops,Roadster,S,Pink,2.00,,,,,OD1400,C085,P1198,11/25/2021,562.00,30.00%
P1401,Women,Western Wear,Tops,Roadster,S,Pink,5.00,,,,,OD1401,C086,P1199,2/9/2022,423.00,30.00%
P1402,Women,Western Wear,Tops,Roadster,S,Orange,5.00,,,,,OD1402,C087,P1200,3/1/2022,621.00,30.00%
P1403,Women,Western Wear,Tops,Roadster,S,Teal,5.00,,,,,OD1403,C088,P1201,4/27/2022,333.00,30.00%
P1404,Women,Western Wear,Tops,Roadster,S,Grey,4.00,,,,,OD1404,C089,P1202,9/3/2021,236.00,35.00%
P1405,Women,Western Wear,Tops,Roadster,S,Grey,4.00,,,,,OD1405,C090,P1203,12/9/2021,456.00,35.00%
P1406,Women,Western Wear,Tops,Roadster,S,Teal,4.00,,,,,OD1406,C091,P1204,9/6/2022,963.00,35.00%
P1407,Women,Western Wear,Tops,DressBerry,M,Teal,5.00,,,,,OD1407,C092,P1205,3/22/2023,234.00,35.00%
P1408,Women,Western Wear,Tops,DressBerry,M,Blue,5.00,,,,,OD1408,C093,P1206,2/8/2021,456.00,35.00%
P1409,Women,Western Wear,Tops,DressBerry,M,Black,3.00,,,,,OD1409,C094,P1207,5/12/2022,564.00,35.00%
P1410,Women,Western Wear,Tops,DressBerry,M,Black,5.00,,,,,OD1410,C095,P1208,7/17/2021,634.00,40.00%
P1411,Women,Western Wear,Tops,DressBerry,M,Pink,5.00,,,,,OD1411,C096,P1209,9/10/2021,236.00,40.00%
P1412,Women,Western Wear,Tops,DressBerry,M,Blue,4.00,,,,,OD1412,C097,P1210,12/12/2022,444.00,15.00%
P1413,Women,Western Wear,Tops,DressBerry,XXS,Pink,3.00,,,,,OD1413,C098,P1211,9/18/2022,456.00,15.00%
P1414,Women,Western Wear,Tops,DressBerry,XXS,Pink,5.00,,,,,OD1414,C099,P1212,1/23/2021,963.00,15.00%
P1415,Women,Western Wear,Tops,DressBerry,XXS,Pink,4.00,,,,,OD1415,C100,P1213,9/15/2021,456.00,35.00%
P1416,Women,Western Wear,Tops,DressBerry,XXS,Pink,3.00,,,,,OD1416,C001,P1214,2/23/2023,1189.00,35.00%
P1417,Women,Western Wear,Tops,DressBerry,XXS,Pink,5.00,,,,,OD1417,C002,P1215,12/4/2022,1298.00,35.00%
P1418,Women,Western Wear,Tops,DressBerry,XS,Pink,5.00,,,,,OD1418,C003,P1216,6/30/2022,1456.00,35.00%
P1419,Women,Western Wear,Tops,DressBerry,XS,Grey,4.00,,,,,OD1419,C004,P1217,8/19/2021,1478.00,55.00%
P1420,Women,Western Wear,Tops,DressBerry,XS,Pink,2.00,,,,,OD1420,C005,P1218,8/31/2022,256.00,55.00%
P1421,Women,Western Wear,T-Shirts,Roadster,XS,Pink,3.00,,,,,OD1421,C006,P1219,6/6/2022,2698.00,55.00%
P1422,Women,Western Wear,T-Shirts,Roadster,S,Pink,4.00,,,,,OD1422,C007,P1220,1/26/2021,2364.00,55.00%
P1423,Women,Western Wear,T-Shirts,Roadster,S,Pink,5.00,,,,,OD1423,C008,P1221,1/30/2021,1236.00,50.00%
P1424,Women,Western Wear,T-Shirts,Roadster,S,Magenta,4.00,,,,,OD1424,C009,P1222,6/12/2021,756.00,50.00%
P1425,Women,Western Wear,T-Shirts,Roadster,S,Magenta,4.00,,,,,OD1425,C010,P1223,6/2/2022,326.00,50.00%
P1426,Women,Western Wear,T-Shirts,Roadster,S,Magenta,4.00,,,,,OD1426,C011,P1224,8/31/2022,453.00,50.00%
P1427,Women,Western Wear,T-Shirts,Roadster,M,Coffee Brown,3.00,,,,,OD1427,C012,P1225,2/10/2023,326.00,50.00%
P1428,Women,Western Wear,T-Shirts,Roadster,M,Coffee Brown,2.00,,,,,OD1428,C013,P1226,3/24/2021,456.00,30.00%
P1429,Women,Western Wear,T-Shirts,Roadster,M,Coffee Brown,5.00,,,,,OD1429,C014,P1227,5/27/2022,675.00,32.00%
P1430,Women,Western Wear,T-Shirts,Roadster,M,Skin,4.00,,,,,OD1430,C015,P1228,9/9/2021,654.00,25.00%
P1431,Women,Western Wear,T-Shirts,H&M,M,Skin,2.00,,,,,OD1431,C016,P1229,4/13/2021,654.00,45.00%
P1432,Women,Western Wear,T-Shirts,H&M,M,Lavender,5.00,,,,,OD1432,C017,P1230,10/18/2022,654.00,15.00%
P1433,Women,Western Wear,T-Shirts,H&M,M,Black,5.00,,,,,OD1433,C018,P1231,12/7/2022,654.00,33.00%
P1434,Women,Western Wear,T-Shirts,H&M,M,Sea Green,4.00,,,,,OD1434,C019,P1232,11/1/2022,356.00,42.00%
P1435,Women,Western Wear,T-Shirts,H&M,L,Lavender,4.00,,,,,OD1435,C020,P1233,10/26/2021,686.00,42.00%
P1436,Women,Western Wear,T-Shirts,H&M,L,Black,4.00,,,,,OD1436,C021,P1234,10/10/2021,456.00,39.00%
P1437,Women,Western Wear,T-Shirts,H&M,L,Blue,3.00,,,,,OD1437,C022,P1235,10/26/2022,516.00,39.00%
P1438,Women,Western Wear,T-Shirts,H&M,L,White,5.00,,,,,OD1438,C023,P1236,9/8/2022,355.00,39.00%
P1439,Women,Western Wear,T-Shirts,H&M,L,Green,4.00,,,,,OD1439,C024,P1237,10/5/2021,465.00,39.00%
P1440,Women,Western Wear,T-Shirts,H&M,L,Black,2.00,,,,,OD1440,C025,P1238,9/7/2021,965.00,37.00%
P1441,Women,Western Wear,T-Shirts,Here&Now,XXS,Pink,5.00,,,,,OD1441,C026,P1239,2/12/2021,1158.00,37.00%
P1442,Women,Western Wear,T-Shirts,Here&Now,XXS,Orange,5.00,,,,,OD1442,C027,P1240,9/7/2022,264.00,37.00%
P1443,Women,Western Wear,T-Shirts,Here&Now,XXS,Beige,5.00,,,,,OD1443,C028,P1241,7/25/2022,433.00,37.00%
P1444,Women,Western Wear,T-Shirts,Here&Now,XXS,Off white,4.00,,,,,OD1444,C029,P1242,8/30/2022,562.00,37.00%
P1445,Women,Western Wear,T-Shirts,Here&Now,XXS,Sea Green,4.00,,,,,OD1445,C030,P1243,9/18/2022,423.00,40.00%
P1446,Women,Western Wear,T-Shirts,Here&Now,XXS,Lavender,4.00,,,,,OD1446,C031,P1244,5/16/2021,621.00,40.00%
P1447,Women,Western Wear,T-Shirts,Here&Now,XS,Pink,5.00,,,,,OD1447,C032,P1245,4/18/2021,333.00,40.00%
P1448,Women,Western Wear,T-Shirts,Here&Now,XS,Blue,5.00,,,,,OD1448,C033,P1246,3/8/2023,236.00,40.00%
P1449,Women,Western Wear,T-Shirts,Here&Now,XS,White,3.00,,,,,OD1449,C034,P1247,7/6/2022,456.00,40.00%
P1450,Women,Western Wear,T-Shirts,Here&Now,XS,Green,5.00,,,,,OD1450,C035,P1248,3/5/2021,963.00,34.00%
P1451,Women,Western Wear,T-Shirts,Here&Now,XS,Pink,5.00,,,,,OD1451,C036,P1249,6/10/2022,234.00,34.00%
P1452,Women,Western Wear,T-Shirts,Here&Now,L,Pink,4.00,,,,,OD1452,C037,P1250,2/27/2023,456.00,34.00%
P1453,Women,Western Wear,T-Shirts,Here&Now,L,Orange,3.00,,,,,OD1453,C038,P1251,9/18/2022,564.00,34.00%
P1454,Women,Western Wear,T-Shirts,Here&Now,L,Beige,4.00,,,,,OD1454,C039,P1252,3/18/2022,634.00,34.00%
P1455,Women,Western Wear,T-Shirts,Here&Now,L,Off white,5.00,,,,,OD1455,C040,P1253,1/22/2021,236.00,38.00%
P1456,Women,Western Wear,T-Shirts,ONLY,L,White,3.00,,,,,OD1456,C041,P1254,4/7/2021,444.00,38.00%
P1457,Women,Western Wear,T-Shirts,ONLY,L,White,2.00,,,,,OD1457,C042,P1255,11/29/2022,456.00,38.00%
P1458,Women,Western Wear,T-Shirts,ONLY,L,Lavender,5.00,,,,,OD1458,C043,P1255,6/12/2021,963.00,38.00%
P1459,Women,Western Wear,T-Shirts,ONLY,M,Pink,4.00,,,,,OD1459,C044,P1255,6/23/2021,456.00,38.00%
P1460,Women,Western Wear,T-Shirts,ONLY,M,Sea Green,3.00,,,,,OD1460,C045,P1255,6/1/2021,1189.00,21.00%
P1461,Women,Western Wear,T-Shirts,ONLY,M,Lavender,5.00,,,,,OD1461,C046,P1255,4/3/2021,1298.00,21.00%
P1462,Women,Western Wear,T-Shirts,ONLY,M,Pink,4.00,,,,,OD1462,C047,P1255,1/6/2022,1456.00,21.00%
P1463,Women,Western Wear,Jeans,Roadster,30,Pink,2.00,,,,,OD1463,C048,P1255,6/6/2021,1478.00,21.00%
P1464,Women,Western Wear,Jeans,Roadster,30,Pink,5.00,,,,,OD1464,C049,P1255,2/28/2021,256.00,21.00%
P1465,Women,Western Wear,Jeans,Roadster,30,Pink,5.00,,,,,OD1465,C050,P1256,2/23/2021,2698.00,22.00%
P1466,Women,Western Wear,Jeans,Roadster,30,Pink,4.00,,,,,OD1466,C051,P1257,12/19/2021,2364.00,22.00%
P1467,Women,Western Wear,Jeans,Roadster,30,Pink,4.00,,,,,OD1467,C052,P1258,10/5/2021,1236.00,22.00%
P1468,Women,Western Wear,Jeans,Roadster,30,Pink,4.00,,,,,OD1468,C053,P1259,2/12/2023,756.00,22.00%
P1469,Women,Western Wear,Jeans,Roadster,30,Blue,3.00,,,,,OD1469,C054,P1260,10/15/2022,326.00,22.00%
P1470,Women,Western Wear,Jeans,Roadster,30,Blue,5.00,,,,,OD1470,C055,P1261,10/19/2022,453.00,22.00%
P1471,Women,Western Wear,Jeans,Roadster,32,Blue,4.00,,,,,OD1471,C056,P1262,12/26/2022,326.00,30.00%
P1472,Women,Western Wear,Jeans,Roadster,32,Navy Blue,2.00,,,,,OD1472,C057,P1263,8/5/2022,456.00,30.00%
P1473,Women,Western Wear,Jeans,Roadster,32,Navy Blue,5.00,,,,,OD1473,C058,P1264,6/29/2021,675.00,30.00%
P1474,Women,Western Wear,Jeans,Roadster,32,Navy Blue,5.00,,,,,OD1474,C059,P1265,5/2/2021,654.00,30.00%
P1475,Women,Western Wear,Jeans,Roadster,32,Navy Blue,5.00,,,,,OD1475,C060,P1266,6/16/2022,654.00,30.00%
P1476,Women,Western Wear,Jeans,Roadster,32,Black,4.00,,,,,OD1476,C061,P1267,3/30/2022,654.00,30.00%
P1477,Women,Western Wear,Jeans,Roadster,32,Black,4.00,,,,,OD1477,C062,P1268,9/26/2021,654.00,14.00%
P1478,Women,Western Wear,Jeans,Roadster,32,Black,4.00,,,,,OD1478,C063,P1269,5/17/2022,356.00,14.00%
P1479,Women,Western Wear,Jeans,Roadster,34,Black,5.00,,,,,OD1479,C064,P1270,4/10/2022,686.00,14.00%
P1480,Women,Western Wear,Jeans,Roadster,34,Beige,5.00,,,,,OD1480,C065,P1270,1/5/2021,456.00,14.00%
P1481,Women,Western Wear,Jeans,Roadster,34,Beige,3.00,,,,,OD1481,C066,P1270,8/5/2021,516.00,12.00%
P1482,Women,Western Wear,Jeans,Roadster,34,Beige,5.00,,,,,OD1482,C067,P1270,3/5/2022,355.00,12.00%
P1483,Women,Western Wear,Jeans,Roadster,34,Beige,5.00,,,,,OD1483,C068,P1270,10/9/2022,465.00,12.00%
P1484,Women,Western Wear,Jeans,Roadster,36,Pink,4.00,,,,,OD1484,C069,P1270,7/10/2022,965.00,12.00%
P1485,Women,Western Wear,Jeans,Roadster,36,Pink,3.00,,,,,OD1485,C070,P1271,12/23/2022,1158.00,12.00%
P1486,Women,Western Wear,Jeans,Roadster,36,Pink,5.00,,,,,OD1486,C071,P1272,3/24/2021,264.00,12.00%
P1487,Women,Western Wear,Jeans,Roadster,36,Off white,4.00,,,,,OD1487,C072,P1273,1/28/2023,433.00,34.00%
P1488,Women,Western Wear,Jeans,Tokyo Talkies,36,Off white,3.00,,,,,OD1488,C073,P1274,6/8/2021,562.00,34.00%
P1489,Women,Western Wear,Jeans,Tokyo Talkies,36,Charcoal,5.00,,,,,OD1489,C074,P1275,9/1/2022,423.00,34.00%
P1490,Women,Western Wear,Jeans,Tokyo Talkies,36,Charcoal,5.00,,,,,OD1490,C075,P1276,7/16/2021,621.00,34.00%
P1491,Women,Western Wear,Jeans,Tokyo Talkies,36,Charcoal,4.00,,,,,OD1491,C076,P1277,12/16/2022,333.00,34.00%
P1492,Women,Western Wear,Jeans,Tokyo Talkies,36,Charcoal,2.00,,,,,OD1492,C077,P1278,3/19/2022,236.00,34.00%
P1493,Women,Western Wear,Jeans,Tokyo Talkies,36,Charcoal,3.00,,,,,OD1493,C078,P1279,4/2/2021,456.00,44.00%
P1494,Women,Western Wear,Jeans,Tokyo Talkies,36,Beige,4.00,,,,,OD1494,C079,P1280,1/4/2022,963.00,44.00%
P1495,Women,Western Wear,Jeans,Tokyo Talkies,32,Beige,5.00,,,,,OD1495,C080,P1281,6/15/2022,234.00,44.00%
P1496,Women,Western Wear,Jeans,Tokyo Talkies,32,Beige,4.00,,,,,OD1496,C081,P1282,8/21/2021,456.00,44.00%
P1497,Women,Western Wear,Jeans,Tokyo Talkies,32,Pink,4.00,,,,,OD1497,C082,P1283,8/6/2021,564.00,44.00%
P1498,Women,Western Wear,Jeans,Tokyo Talkies,32,Pink,4.00,,,,,OD1498,C083,P1284,4/4/2022,634.00,10.00%
P1499,Women,Western Wear,Jeans,Tokyo Talkies,34,Pink,3.00,,,,,OD1499,C084,P1285,11/8/2022,236.00,10.00%
P1500,Women,Western Wear,Jeans,Tokyo Talkies,34,Brown,2.00,,,,,OD1500,C085,P1286,1/23/2022,444.00,10.00%
P1501,Women,Western Wear,Jeans,Tokyo Talkies,34,Brown,5.00,,,,,OD1501,C086,P1287,5/13/2021,456.00,30.00%
P1502,Women,Western Wear,Jeans,Tokyo Talkies,34,Brown,4.00,,,,,OD1502,C087,P1288,11/17/2021,963.00,30.00%
P1503,Women,Western Wear,Jeans,Tokyo Talkies,34,Brown,2.00,,,,,OD1503,C088,P1289,6/27/2021,456.00,30.00%
P1504,Women,Western Wear,Jeans,Tokyo Talkies,34,Brown,5.00,,,,,OD1504,C089,P1290,9/8/2021,1189.00,25.00%
P1505,Women,Western Wear,Jeans,Levis,34,Brown,5.00,,,,,OD1505,C090,P1291,10/19/2021,1298.00,25.00%
P1506,Women,Western Wear,Jeans,Levis,34,Brown,4.00,,,,,OD1506,C091,P1292,5/8/2021,1456.00,30.00%
P1507,Women,Western Wear,Jeans,Levis,36,Brown,4.00,,,,,OD1507,C092,P1293,9/21/2021,1478.00,30.00%
P1508,Women,Western Wear,Jeans,Levis,36,White,4.00,,,,,OD1508,C093,P1294,10/29/2022,256.00,30.00%
P1509,Women,Western Wear,Jeans,Levis,36,White,3.00,,,,,OD1509,C094,P1295,11/4/2022,2698.00,40.00%
P1510,Women,Western Wear,Jeans,Levis,36,White,5.00,,,,,OD1510,C095,P1296,1/12/2022,2364.00,40.00%
P1511,Women,Western Wear,Jeans,Levis,36,White,4.00,,,,,OD1511,C096,P1297,10/1/2021,1236.00,40.00%
P1512,Women,Western Wear,Jeans,Levis,36,Off white,2.00,,,,,OD1512,C097,P1298,2/26/2023,756.00,40.00%
P1513,Women,Western Wear,Jeans,Levis,36,Off white,5.00,,,,,OD1513,C098,P1299,1/20/2021,326.00,40.00%
P1514,Women,Western Wear,Jeans,Levis,36,Off white,5.00,,,,,OD1514,C099,P1300,10/10/2022,453.00,40.00%
P1515,Women,Western Wear,Jeans,Levis,36,Off white,5.00,,,,,OD1515,C100,P1301,1/25/2021,326.00,45.00%
P1516,Women,Western Wear,Jeans,Levis,36,Rust,4.00,,,,,OD1516,C001,P1302,2/3/2023,456.00,45.00%
P1517,Women,Western Wear,Jeans,Levis,36,Rust,4.00,,,,,OD1517,C002,P1303,8/12/2022,456.00,45.00%
P1518,Women,Western Wear,Jeans,Vera Moda,36,Rust,4.00,,,,,OD1518,C003,P1304,8/6/2021,456.00,47.00%
P1519,Women,Western Wear,Jeans,Vera Moda,36,Rust,5.00,,,,,OD1519,C004,P1305,10/18/2021,456.00,47.00%
P1520,Women,Western Wear,Jeans,Vera Moda,36,Rust,5.00,,,,,OD1520,C005,P1306,5/11/2021,236.00,46.00%
P1521,Women,Western Wear,Jeans,Vera Moda,36,Rust,3.00,,,,,OD1521,C006,P1307,7/6/2022,996.00,46.00%
P1522,Women,Western Wear,Jeans,Vera Moda,36,Rust,5.00,,,,,OD1522,C007,P1308,10/17/2022,654.00,46.00%
P1523,Women,Western Wear,Jeans,Vera Moda,36,Tan,5.00,,,,,OD1523,C008,P1309,5/13/2021,456.00,30.00%
P1524,Women,Western Wear,Jeans,Vera Moda,32,Tan,4.00,,,,,OD1524,C009,P1310,7/24/2021,785.00,30.00%
P1525,Women,Western Wear,Jeans,Vera Moda,32,Tan,3.00,,,,,OD1525,C010,P1311,12/22/2021,365.00,30.00%
P1526,Women,Western Wear,Jeans,Vera Moda,32,Tan,3.00,,,,,OD1526,C011,P1312,7/9/2021,965.00,30.00%
P1527,Women,Western Wear,Jeans,Vera Moda,32,Tan,5.00,,,,,OD1527,C012,P1313,6/21/2022,444.00,30.00%
P1528,Women,Western Wear,Jeans,Vera Moda,32,Copper,5.00,,,,,OD1528,C013,P1314,11/6/2021,569.00,35.00%
P1529,Women,Western Wear,Jeans,Vera Moda,32,Copper,4.00,,,,,OD1529,C014,P1315,10/26/2022,475.00,35.00%
P1530,Women,Western Wear,Jeans,Vera Moda,32,Copper,2.00,,,,,OD1530,C015,P1316,5/27/2021,598.00,35.00%
P1531,Women,Western Wear,Jeans,Vera Moda,32,Copper,3.00,,,,,OD1531,C016,P1317,8/11/2021,536.00,35.00%
P1532,Women,Western Wear,Jeans,Vera Moda,32,Blue,4.00,,,,,OD1532,C017,P1318,2/4/2021,256.00,35.00%
P1533,Women,Western Wear,Jeans,Vera Moda,32,Blue,5.00,,,,,OD1533,C018,P1319,12/17/2021,456.00,35.00%
P1534,Women,Western Wear,Jeans,Vera Moda,32,Blue,4.00,,,,,OD1534,C019,P1320,8/27/2022,456.00,40.00%
P1535,Women,Western Wear,Jeans,Vera Moda,30,Blue,4.00,,,,,OD1535,C020,P1321,8/24/2022,745.00,40.00%
P1536,Women,Western Wear,Jeans,Cantabil,30,Blue,4.00,,,,,OD1536,C021,P1322,10/8/2021,356.00,15.00%
P1537,Women,Western Wear,Jeans,Cantabil,30,Blue,3.00,,,,,OD1537,C022,P1323,4/23/2021,1189.00,15.00%
P1538,Women,Western Wear,Jeans,Cantabil,30,Blue,2.00,,,,,OD1538,C023,P1324,6/24/2022,426.00,15.00%
P1539,Women,Western Wear,Jeans,Cantabil,30,Pink,5.00,,,,,OD1539,C024,P1325,8/23/2021,1126.00,35.00%
P1540,Women,Western Wear,Jeans,Cantabil,30,Pink,4.00,,,,,OD1540,C025,P1326,9/2/2021,1145.00,35.00%
P1541,Women,Western Wear,Jeans,Cantabil,30,Pink,2.00,,,,,OD1541,C026,P1327,3/27/2021,1235.00,35.00%
P1542,Women,Western Wear,Jeans,Cantabil,30,Pink,5.00,,,,,OD1542,C027,P1328,6/16/2022,1564.00,35.00%
P1543,Women,Western Wear,Jeans,Cantabil,30,Pink,5.00,,,,,OD1543,C028,P1329,10/25/2022,654.00,55.00%
P1544,Women,Western Wear,Jeans,Cantabil,30,Pink,4.00,,,,,OD1544,C029,P1330,7/4/2021,854.00,55.00%
P1545,Women,Western Wear,Jeans,Cantabil,30,Navy Blue,4.00,,,,,OD1545,C030,P1331,3/25/2023,475.00,55.00%
P1546,Women,Western Wear,Jeans,Cantabil,34,Navy Blue,4.00,,,,,OD1546,C031,P1332,2/27/2022,349.00,55.00%
P1547,Women,Western Wear,Jeans,Cantabil,34,Navy Blue,3.00,,,,,OD1547,C032,P1333,11/25/2022,350.00,50.00%
P1548,Women,Western Wear,Jeans,Cantabil,34,Navy Blue,5.00,,,,,OD1548,C033,P1334,10/19/2021,351.00,50.00%
P1549,Women,Western Wear,Jeans,Cantabil,34,Navy Blue,4.00,,,,,OD1549,C034,P1335,1/28/2022,352.00,50.00%
P1550,Women,Western Wear,Jeans,Cantabil,34,Navy Blue,2.00,,,,,OD1550,C035,P1336,4/22/2021,353.00,50.00%
P1551,Women,Western Wear,Jeans,W,34,Navy Blue,5.00,,,,,OD1551,C036,P1337,12/22/2021,354.00,50.00%
P1552,Women,Western Wear,Jeans,W,36,Navy Blue,5.00,,,,,OD1552,C037,P1338,1/5/2023,355.00,30.00%
P1553,Women,Western Wear,Jeans,W,36,Pink,5.00,,,,,OD1553,C038,P1339,4/2/2021,356.00,32.00%
P1554,Women,Western Wear,Jeans,W,36,Pink,4.00,,,,,OD1554,C039,P1340,7/18/2022,999.00,25.00%
P1555,Women,Western Wear,Jeans,W,36,Pink,4.00,,,,,OD1555,C040,P1341,1/27/2021,555.00,45.00%
P1556,Women,Western Wear,Jeans,W,36,Black,4.00,,,,,OD1556,C041,P1342,5/13/2022,555.00,15.00%
P1557,Women,Western Wear,Jeans,W,36,Black,5.00,,,,,OD1557,C042,P1343,1/30/2023,555.00,33.00%
P1558,Women,Western Wear,Jeans,W,36,White,5.00,,,,,OD1558,C043,P1344,1/25/2021,555.00,42.00%
P1559,Women,Western Wear,Jeans,W,36,White,3.00,,,,,OD1559,C044,P1345,1/17/2022,1025.00,42.00%
P1560,Women,Western Wear,Jeans,W,36,White,5.00,,,,,OD1560,C045,P1346,12/11/2021,1025.00,39.00%
P1561,Women,Western Wear,Jeans,W,36,White,5.00,,,,,OD1561,C046,P1347,3/20/2021,1025.00,39.00%
P1562,Women,Western Wear,Jeans,W,34,White,4.00,,,,,OD1562,C047,P1348,10/18/2021,555.00,39.00%
P1563,Women,Western Wear,Jeans,W,34,White,3.00,,,,,OD1563,C048,P1349,2/19/2022,599.00,39.00%
P1564,Women,Western Wear,Jeans,W,34,White,4.00,,,,,OD1564,C049,P1350,1/29/2021,555.00,30.00%
P1565,Women,Western Wear,Jeans,W,34,Cream,5.00,,,,,OD1565,C050,P1351,7/12/2021,555.00,30.00%
P1566,Women,Western Wear,Jeans,W,34,Cream,3.00,,,,,OD1566,C051,P1352,4/20/2022,565.00,30.00%
P1567,Women,Western Wear,Jeans,Allen Solly,34,Cream,2.00,,,,,OD1567,C052,P1353,3/21/2022,555.00,25.00%
P1568,Women,Western Wear,Jeans,Allen Solly,34,Cream,5.00,,,,,OD1568,C053,P1354,1/21/2022,999.00,25.00%
P1569,Women,Western Wear,Jeans,Allen Solly,34,Cream,4.00,,,,,OD1569,C054,P1355,3/13/2022,999.00,30.00%
P1570,Women,Western Wear,Jeans,Allen Solly,34,Cream,3.00,,,,,OD1570,C055,P1356,5/23/2021,999.00,30.00%
P1571,Women,Western Wear,Jeans,Allen Solly,34,Beige,5.00,,,,,OD1571,C056,P1357,3/5/2021,999.00,30.00%
P1572,Women,Western Wear,Jeans,Allen Solly,32,Beige,4.00,,,,,OD1572,C057,P1358,12/18/2021,1119.00,40.00%
P1573,Women,Western Wear,Jeans,Allen Solly,32,Beige,2.00,,,,,OD1573,C058,P1359,5/30/2022,1119.00,40.00%
P1574,Women,Western Wear,Jeans,Allen Solly,32,Pink,5.00,,,,,OD1574,C059,P1360,9/2/2022,1119.00,40.00%
P1575,Women,Western Wear,Jeans,Allen Solly,32,Pink,5.00,,,,,OD1575,C060,P1361,9/17/2022,1119.00,40.00%
P1576,Women,Western Wear,Jeans,Allen Solly,32,Pink,4.00,,,,,OD1576,C061,P1362,8/25/2021,985.00,40.00%
P1577,Women,Western Wear,Jeans,Allen Solly,32,Lavender,4.00,,,,,OD1577,C062,P1363,2/17/2021,985.00,40.00%
P1578,Women,Western Wear,Jeans,Allen Solly,28,Lavender,4.00,,,,,OD1578,C063,P1364,2/4/2023,985.00,45.00%
P1579,Women,Western Wear,Jeans,Allen Solly,28,Lavender,3.00,,,,,OD1579,C064,P1365,5/10/2021,985.00,45.00%
P1580,Women,Western Wear,Jeans,Allen Solly,28,Lavender,5.00,,,,,OD1580,C065,P1366,9/14/2021,985.00,45.00%
P1581,Women,Western Wear,Jeans,Allen Solly,28,Lavender,4.00,,,,,OD1581,C066,P1367,1/8/2022,369.00,47.00%
P1582,Women,Western Wear,Jeans,Allen Solly,28,Khaki,2.00,,,,,OD1582,C067,P1368,5/27/2021,399.00,47.00%
P1583,Women,Western Wear,Jeans,Allen Solly,30,Khaki,5.00,,,,,OD1583,C068,P1369,6/12/2021,399.00,46.00%
P1584,Women,Western Wear,Jeans,Allen Solly,30,Khaki,5.00,,,,,OD1584,C069,P1369,10/13/2022,399.00,46.00%
P1585,Women,Western Wear,Jeans,Allen Solly,30,Khaki,5.00,,,,,OD1585,C070,P1369,6/3/2021,399.00,46.00%
P1586,Women,Western Wear,Jeans,Allen Solly,30,Khaki,4.00,,,,,OD1586,C071,P1369,11/17/2022,555.00,30.00%
P1587,Women,Western Wear,Jeans,Allen Solly,30,Khaki,4.00,,,,,OD1587,C072,P1369,9/20/2022,555.00,30.00%
P1588,Women,Western Wear,Jumpsuits,Allen Solly,S,Khaki,4.00,,,,,OD1588,C073,P1370,2/17/2023,555.00,30.00%
P1589,Women,Western Wear,Jumpsuits,Allen Solly,S,Skin,5.00,,,,,OD1589,C074,P1371,7/1/2021,555.00,30.00%
P1590,Women,Western Wear,Jumpsuits,Allen Solly,S,Skin,5.00,,,,,OD1590,C075,P1372,8/2/2021,675.00,30.00%
P1591,Women,Western Wear,Jumpsuits,Allen Solly,S,Lavender,3.00,,,,,OD1591,C076,P1373,2/3/2022,675.00,35.00%
P1592,Women,Western Wear,Jumpsuits,Allen Solly,S,Black,5.00,,,,,OD1592,C077,P1374,3/19/2022,675.00,35.00%
P1593,Women,Western Wear,Jumpsuits,Allen Solly,S,Sea Green,5.00,,,,,OD1593,C078,P1375,2/7/2023,654.00,35.00%
P1594,Women,Western Wear,Jumpsuits,Allen Solly,S,Lavender,4.00,,,,,OD1594,C079,P1376,7/28/2022,654.00,35.00%
P1595,Women,Western Wear,Jumpsuits,Allen Solly,M,Black,3.00,,,,,OD1595,C080,P1377,3/20/2022,654.00,35.00%
P1596,Women,Western Wear,Jumpsuits,Allen Solly,M,Blue,5.00,,,,,OD1596,C081,P1378,12/9/2022,654.00,35.00%
P1597,Women,Western Wear,Jumpsuits,Allen Solly,M,White,4.00,,,,,OD1597,C082,P1379,4/9/2022,356.00,40.00%
P1598,Women,Western Wear,Jumpsuits,Allen Solly,M,Green,3.00,,,,,OD1598,C083,P1380,3/5/2023,686.00,40.00%
P1599,Women,Western Wear,Jumpsuits,Allen Solly,M,Black,5.00,,,,,OD1599,C084,P1381,12/31/2022,456.00,15.00%
P1600,Women,Western Wear,Jumpsuits,Allen Solly,M,Black,5.00,,,,,OD1600,C085,P1382,11/16/2021,516.00,15.00%
P1601,Women,Western Wear,Jumpsuits,Allen Solly,M,Orange,4.00,,,,,OD1601,C086,P1383,1/5/2021,355.00,15.00%
P1602,Women,Western Wear,Jumpsuits,Allen Solly,M,Beige,2.00,,,,,OD1602,C087,P1384,4/16/2021,465.00,45.00%
P1603,Women,Western Wear,Jumpsuits,Allen Solly,M,Off white,3.00,,,,,OD1603,C088,P1385,3/23/2022,965.00,47.00%
P1604,Women,Western Wear,Jumpsuits,Allen Solly,M,Sea Green,4.00,,,,,OD1604,C089,P1386,3/11/2022,1158.00,47.00%
P1605,Women,Western Wear,Jumpsuits,H&M,M,Lavender,5.00,,,,,OD1605,C090,P1387,4/26/2021,264.00,46.00%
P1606,Women,Western Wear,Jumpsuits,H&M,L,Black,4.00,,,,,OD1606,C091,P1388,12/10/2022,433.00,46.00%
P1607,Women,Western Wear,Jumpsuits,H&M,L,Sea Green,4.00,,,,,OD1607,C092,P1389,10/30/2022,562.00,46.00%
P1608,Women,Western Wear,Jumpsuits,H&M,L,Sea Green,4.00,,,,,OD1608,C093,P1390,3/31/2022,423.00,30.00%
P1609,Women,Western Wear,Jumpsuits,H&M,L,Sea Green,3.00,,,,,OD1609,C094,P1391,5/2/2021,621.00,30.00%
P1610,Women,Western Wear,Jumpsuits,H&M,L,Sea Green,2.00,,,,,OD1610,C095,P1392,4/1/2022,333.00,30.00%
P1611,Women,Western Wear,Jumpsuits,H&M,L,Sea Green,5.00,,,,,OD1611,C096,P1393,3/28/2021,236.00,30.00%
P1612,Women,Western Wear,Jumpsuits,H&M,L,Sea Green,4.00,,,,,OD1612,C097,P1394,11/3/2021,456.00,30.00%
P1613,Women,Western Wear,Jumpsuits,H&M,L,Sea Green,2.00,,,,,OD1613,C098,P1395,12/27/2021,963.00,35.00%
P1614,Women,Western Wear,Jumpsuits,H&M,XL,Sea Green,5.00,,,,,OD1614,C099,P1396,9/14/2022,234.00,35.00%
P1615,Women,Western Wear,Jumpsuits,Here&Now,XL,Purple,5.00,,,,,OD1615,C100,P1397,2/3/2023,456.00,35.00%
P1616,Women,Western Wear,Jumpsuits,Here&Now,XL,Purple,4.00,,,,,OD1616,C001,P1398,7/17/2022,564.00,35.00%
P1617,Women,Western Wear,Jumpsuits,Here&Now,XL,Purple,4.00,,,,,OD1617,C002,P1399,5/28/2021,634.00,35.00%
P1618,Women,Western Wear,Jumpsuits,Here&Now,XL,Purple,4.00,,,,,OD1618,C003,P1400,8/10/2022,236.00,35.00%
P1619,Women,Western Wear,Jumpsuits,Here&Now,XL,Purple,3.00,,,,,OD1619,C004,P1401,9/30/2021,444.00,40.00%
P1620,Women,Western Wear,Jumpsuits,Here&Now,XXL,Purple,5.00,,,,,OD1620,C005,P1402,8/21/2021,456.00,40.00%
P1621,Women,Western Wear,Jumpsuits,Here&Now,XXL,Purple,4.00,,,,,OD1621,C006,P1403,5/4/2022,963.00,15.00%
P1622,Women,Western Wear,Jumpsuits,Here&Now,XXL,Tan,2.00,,,,,OD1622,C007,P1404,3/23/2023,456.00,15.00%
P1623,Women,Western Wear,Jumpsuits,Here&Now,XXL,Tan,5.00,,,,,OD1623,C008,P1405,9/17/2021,1189.00,15.00%
P1624,Women,Western Wear,Jumpsuits,Here&Now,XXL,Tan,5.00,,,,,OD1624,C009,P1406,10/21/2021,1298.00,35.00%
P1625,Women,Western Wear,Jumpsuits,Here&Now,XXL,Tan,5.00,,,,,OD1625,C010,P1407,2/8/2021,1456.00,35.00%
P1626,Women,Western Wear,Jumpsuits,Here&Now,XXL,Beige,4.00,,,,,OD1626,C011,P1408,6/3/2021,1478.00,35.00%
P1627,Women,Western Wear,Jumpsuits,Here&Now,XXL,Beige,4.00,,,,,OD1627,C012,P1409,4/4/2022,256.00,35.00%
P1628,Women,Western Wear,Jumpsuits,Here&Now,XXL,Beige,4.00,,,,,OD1628,C013,P1410,8/3/2021,2698.00,55.00%
P1629,Women,Western Wear,Jumpsuits,Here&Now,S,Grey,5.00,,,,,OD1629,C014,P1411,3/29/2021,2364.00,55.00%
P1630,Women,Western Wear,Jumpsuits,Here&Now,S,Grey,5.00,,,,,OD1630,C015,P1412,3/31/2021,1236.00,55.00%
P1631,Women,Western Wear,Jumpsuits,Here&Now,S,Grey,3.00,,,,,OD1631,C016,P1413,1/11/2023,756.00,55.00%
P1632,Women,Western Wear,Jumpsuits,Here&Now,S,Grey,5.00,,,,,OD1632,C017,P1414,7/9/2021,326.00,50.00%
P1633,Women,Western Wear,Jumpsuits,Libas,S,Olive,5.00,,,,,OD1633,C018,P1415,1/16/2022,453.00,50.00%
P1634,Women,Western Wear,Jumpsuits,Libas,S,Olive,4.00,,,,,OD1634,C019,P1416,5/15/2021,326.00,50.00%
P1635,Women,Western Wear,Jumpsuits,Libas,S,Olive,3.00,,,,,OD1635,C020,P1417,11/30/2022,456.00,50.00%
P1636,Women,Western Wear,Jumpsuits,Libas,S,Orange,4.00,,,,,OD1636,C021,P1418,8/6/2022,675.00,50.00%
P1637,Women,Western Wear,Jumpsuits,Libas,S,Orange,5.00,,,,,OD1637,C022,P1419,3/10/2022,654.00,30.00%
P1638,Women,Western Wear,Jumpsuits,Libas,M,Orange,3.00,,,,,OD1638,C023,P1420,5/23/2022,654.00,32.00%
P1639,Women,Western Wear,Jumpsuits,Libas,M,Orange,2.00,,,,,OD1639,C024,P1420,4/6/2021,654.00,25.00%
P1640,Women,Western Wear,Jumpsuits,Libas,M,Teal,5.00,,,,,OD1640,C025,P1420,8/5/2022,654.00,45.00%
P1641,Women,Western Wear,Jumpsuits,Libas,M,Teal,4.00,,,,,OD1641,C026,P1420,8/9/2021,356.00,15.00%
P1642,Women,Western Wear,Jumpsuits,Libas,M,Teal,3.00,,,,,OD1642,C027,P1420,10/8/2021,686.00,33.00%
P1643,Women,Western Wear,Jumpsuits,Libas,M,Teal,5.00,,,,,OD1643,C028,P1420,11/13/2021,456.00,42.00%
P1644,Women,Western Wear,Jumpsuits,Libas,M,Pink,4.00,,,,,OD1644,C029,P1420,6/30/2021,516.00,42.00%
P1645,Women,Western Wear,Jumpsuits,Mayra,M,Pink,2.00,,,,,OD1645,C030,P1421,3/20/2021,355.00,39.00%
P1646,Women,Western Wear,Jumpsuits,Mayra,M,Pink,5.00,,,,,OD1646,C031,P1422,9/18/2022,465.00,39.00%
P1647,Women,Western Wear,Jumpsuits,Mayra,L,Beige,5.00,,,,,OD1647,C032,P1423,3/1/2022,965.00,39.00%
P1648,Women,Western Wear,Jumpsuits,Mayra,L,Beige,4.00,,,,,OD1648,C033,P1424,6/24/2022,1158.00,39.00%
P1649,Women,Western Wear,Jumpsuits,Mayra,L,Brown,4.00,,,,,OD1649,C034,P1425,7/13/2021,264.00,30.00%
P1650,Women,Western Wear,Jumpsuits,Mayra,L,Brown,4.00,,,,,OD1650,C035,P1426,6/19/2021,433.00,30.00%
P1651,Women,Western Wear,Jumpsuits,Mayra,L,Brown,3.00,,,,,OD1651,C036,P1427,2/26/2022,562.00,30.00%
P1652,Women,Western Wear,Jumpsuits,Mayra,L,Brown,5.00,,,,,OD1652,C037,P1428,11/3/2022,423.00,25.00%
P1653,Women,Western Wear,Jumpsuits,Mayra,L,White,4.00,,,,,OD1653,C038,P1429,10/27/2022,621.00,25.00%
P1654,Women,Western Wear,Jumpsuits,Mayra,L,White,2.00,,,,,OD1654,C039,P1430,3/31/2022,333.00,30.00%
P1655,Women,Western Wear,Jumpsuits,Mayra,L,White,5.00,,,,,OD1655,C040,P1431,1/11/2021,236.00,30.00%
P1656,Women,Western Wear,Jumpsuits,Mayra,L,White,5.00,,,,,OD1656,C041,P1432,9/3/2022,456.00,30.00%
P1657,Women,Western Wear,Jumpsuits,Mayra,XL,Pink,5.00,,,,,OD1657,C042,P1433,6/21/2022,963.00,40.00%
P1658,Women,Western Wear,Shorts,H&M,26,Pink,4.00,,,,,OD1658,C043,P1434,3/9/2023,234.00,40.00%
P1659,Women,Western Wear,Shorts,H&M,26,Pink,4.00,,,,,OD1659,C044,P1435,1/7/2021,456.00,40.00%
P1660,Women,Western Wear,Shorts,H&M,26,Pink,4.00,,,,,OD1660,C045,P1436,8/5/2021,564.00,40.00%
P1661,Women,Western Wear,Shorts,H&M,26,Black,5.00,,,,,OD1661,C046,P1437,11/9/2021,634.00,40.00%
P1662,Women,Western Wear,Shorts,H&M,26,Beige,5.00,,,,,OD1662,C047,P1438,8/6/2022,236.00,40.00%
P1663,Women,Western Wear,Shorts,H&M,26,Beige,3.00,,,,,OD1663,C048,P1439,3/24/2023,444.00,45.00%
P1664,Women,Western Wear,Shorts,H&M,26,Beige,5.00,,,,,OD1664,C049,P1440,5/21/2022,456.00,45.00%
P1665,Women,Western Wear,Shorts,H&M,26,Beige,5.00,,,,,OD1665,C050,P1441,4/21/2022,963.00,45.00%
P1666,Women,Western Wear,Shorts,H&M,26,Beige,4.00,,,,,OD1666,C051,P1442,2/10/2021,456.00,47.00%
P1667,Women,Western Wear,Shorts,H&M,26,Beige,3.00,,,,,OD1667,C052,P1443,7/4/2022,1189.00,47.00%
P1668,Women,Western Wear,Shorts,H&M,28,Beige,5.00,,,,,OD1668,C053,P1444,1/19/2021,1298.00,46.00%
P1669,Women,Western Wear,Shorts,H&M,28,Beige,4.00,,,,,OD1669,C054,P1445,10/5/2021,1456.00,46.00%
P1670,Women,Western Wear,Shorts,H&M,28,Navy Blue,3.00,,,,,OD1670,C055,P1446,1/17/2023,1478.00,46.00%
P1671,Women,Western Wear,Shorts,H&M,28,Navy Blue,5.00,,,,,OD1671,C056,P1447,2/1/2023,256.00,30.00%
P1672,Women,Western Wear,Shorts,H&M,28,Navy Blue,5.00,,,,,OD1672,C057,P1448,11/22/2022,2698.00,30.00%
P1673,Women,Western Wear,Shorts,H&M,28,Peach,4.00,,,,,OD1673,C058,P1449,3/9/2022,2364.00,30.00%
P1674,Women,Western Wear,Shorts,H&M,28,Peach,2.00,,,,,OD1674,C059,P1450,2/27/2023,1236.00,30.00%
P1675,Women,Western Wear,Shorts,H&M,30,Peach,3.00,,,,,OD1675,C060,P1451,1/24/2022,756.00,30.00%
P1676,Women,Western Wear,Shorts,H&M,30,Peach,4.00,,,,,OD1676,C061,P1452,6/25/2022,326.00,35.00%
P1677,Women,Western Wear,Shorts,H&M,30,Peach,5.00,,,,,OD1677,C062,P1453,11/25/2022,453.00,35.00%
P1678,Women,Western Wear,Shorts,H&M,30,Peach,4.00,,,,,OD1678,C063,P1454,9/5/2021,326.00,35.00%
P1679,Women,Western Wear,Shorts,H&M,30,Rust,4.00,,,,,OD1679,C064,P1455,10/22/2022,456.00,35.00%
P1680,Women,Western Wear,Shorts,H&M,30,Rust,4.00,,,,,OD1680,C065,P1456,6/3/2022,675.00,35.00%
P1681,Women,Western Wear,Shorts,H&M,30,Rust,3.00,,,,,OD1681,C066,P1457,3/17/2023,654.00,35.00%
P1682,Women,Western Wear,Shorts,H&M,32,Charcoal,2.00,,,,,OD1682,C067,P1458,1/7/2023,654.00,40.00%
P1683,Women,Western Wear,Shorts,H&M,32,Charcoal,5.00,,,,,OD1683,C068,P1459,11/15/2022,654.00,40.00%
P1684,Women,Western Wear,Shorts,H&M,32,Charcoal,4.00,,,,,OD1684,C069,P1460,1/15/2022,654.00,15.00%
P1685,Women,Western Wear,Shorts,H&M,32,Turquoise Blue,2.00,,,,,OD1685,C070,P1461,11/7/2022,356.00,15.00%
P1686,Women,Western Wear,Shorts,HRX by Hrithik Roshan ,32,Turquoise Blue,5.00,,,,,OD1686,C071,P1462,6/8/2021,686.00,15.00%
P1687,Women,Western Wear,Shorts,HRX by Hrithik Roshan ,32,Turquoise Blue,5.00,,,,,OD1687,C072,P1463,11/29/2022,456.00,30.00%
P1688,Women,Western Wear,Shorts,HRX by Hrithik Roshan ,32,Peach,4.00,,,,,OD1688,C073,P1464,12/28/2022,516.00,30.00%
P1689,Women,Western Wear,Shorts,HRX by Hrithik Roshan ,32,Peach,4.00,,,,,OD1689,C074,P1465,3/23/2022,355.00,30.00%
P1690,Women,Western Wear,Shorts,HRX by Hrithik Roshan ,32,Peach,4.00,,,,,OD1690,C075,P1466,9/22/2022,465.00,25.00%
P1691,Women,Western Wear,Shorts,HRX by Hrithik Roshan ,32,Peach,3.00,,,,,OD1691,C076,P1467,8/7/2021,965.00,25.00%
P1692,Women,Western Wear,Shorts,HRX by Hrithik Roshan ,34,Peach,5.00,,,,,OD1692,C077,P1468,1/24/2022,1158.00,30.00%
P1693,Women,Western Wear,Shorts,HRX by Hrithik Roshan ,34,Pink,4.00,,,,,OD1693,C078,P1469,4/29/2022,264.00,30.00%
P1694,Women,Western Wear,Shorts,HRX by Hrithik Roshan ,34,Pink,2.00,,,,,OD1694,C079,P1470,8/7/2021,433.00,30.00%
P1695,Women,Western Wear,Shorts,HRX by Hrithik Roshan ,34,Pink,5.00,,,,,OD1695,C080,P1471,3/30/2022,562.00,40.00%
P1696,Women,Western Wear,Shorts,HRX by Hrithik Roshan ,34,Beige,5.00,,,,,OD1696,C081,P1472,2/23/2023,423.00,40.00%
P1697,Women,Western Wear,Shorts,HRX by Hrithik Roshan ,34,Beige,5.00,,,,,OD1697,C082,P1473,4/22/2022,621.00,40.00%
P1698,Women,Western Wear,Shorts,HRX by Hrithik Roshan ,34,White,4.00,,,,,OD1698,C083,P1474,11/24/2021,333.00,40.00%
P1699,Women,Western Wear,Shorts,HRX by Hrithik Roshan ,26,White,4.00,,,,,OD1699,C084,P1475,2/28/2022,236.00,40.00%
P1700,Women,Western Wear,Shorts,HRX by Hrithik Roshan ,26,White,4.00,,,,,OD1700,C085,P1476,4/27/2022,456.00,40.00%
P1701,Women,Western Wear,Shorts,Tokyo Talkies,26,White,5.00,,,,,OD1701,C086,P1477,7/27/2021,963.00,45.00%
P1702,Women,Western Wear,Shorts,Tokyo Talkies,26,White,5.00,,,,,OD1702,C087,P1478,9/13/2021,234.00,45.00%
P1703,Women,Western Wear,Shorts,Tokyo Talkies,26,Off white,3.00,,,,,OD1703,C088,P1479,3/24/2022,456.00,45.00%
P1704,Women,Western Wear,Shorts,Tokyo Talkies,26,Off white,5.00,,,,,OD1704,C089,P1480,10/16/2021,564.00,47.00%
P1705,Women,Western Wear,Shorts,Tokyo Talkies,26,Off white,5.00,,,,,OD1705,C090,P1481,7/13/2022,634.00,47.00%
P1706,Women,Western Wear,Shorts,Tokyo Talkies,28,Black,4.00,,,,,OD1706,C091,P1482,5/5/2021,236.00,46.00%
P1707,Women,Western Wear,Shorts,Tokyo Talkies,28,Black,3.00,,,,,OD1707,C092,P1483,8/10/2022,444.00,46.00%
P1708,Women,Western Wear,Shorts,Tokyo Talkies,28,Black,3.00,,,,,OD1708,C093,P1484,2/4/2021,456.00,46.00%
P1709,Women,Western Wear,Shorts,Tokyo Talkies,28,Black,5.00,,,,,OD1709,C094,P1484,8/29/2022,963.00,30.00%
P1710,Women,Western Wear,Shorts,Tokyo Talkies,28,Brown,5.00,,,,,OD1710,C095,P1484,12/28/2021,456.00,30.00%
P1711,Women,Western Wear,Shorts,Tokyo Talkies,28,Brown,4.00,,,,,OD1711,C096,P1484,7/3/2022,1189.00,30.00%
P1712,Women,Western Wear,Shorts,Tokyo Talkies,30,Brown,2.00,,,,,OD1712,C097,P1484,5/20/2021,1298.00,30.00%
P1713,Women,Western Wear,Shorts,Tokyo Talkies,30,Brown,3.00,,,,,OD1713,C098,P1484,6/18/2022,1456.00,30.00%
P1714,Women,Western Wear,Shorts,Tokyo Talkies,30,Purple,4.00,,,,,OD1714,C099,P1484,10/23/2022,1478.00,35.00%
P1715,Women,Western Wear,Shorts,Tokyo Talkies,30,Purple,5.00,,,,,OD1715,C100,P1484,10/21/2022,256.00,35.00%
P1716,Women,Western Wear,Shorts,Tokyo Talkies,30,Black,4.00,,,,,OD1716,C001,P1485,8/11/2021,2698.00,35.00%
P1717,Women,Western Wear,Shorts,Tokyo Talkies,30,Black,4.00,,,,,OD1717,C002,P1486,2/24/2022,2364.00,35.00%
P1718,Women,Western Wear,Shorts,Tokyo Talkies,30,Brown,4.00,,,,,OD1718,C003,P1487,6/20/2022,1236.00,35.00%
P1719,Women,Western Wear,Shorts,Tokyo Talkies,30,Brown,3.00,,,,,OD1719,C004,P1488,2/6/2023,756.00,35.00%
P1720,Women,Western Wear,Shorts,Tokyo Talkies,30,Brown,2.00,,,,,OD1720,C005,P1489,1/5/2022,326.00,40.00%
P1721,Women,Western Wear,Shorts,Tokyo Talkies,30,Brown,5.00,,,,,OD1721,C006,P1490,12/31/2022,453.00,40.00%
P1722,Women,Western Wear,Shorts,Roadster,30,Beige,4.00,,,,,OD1722,C007,P1491,6/2/2021,326.00,15.00%
P1723,Women,Western Wear,Shorts,Roadster,30,Beige,2.00,,,,,OD1723,C008,P1492,12/28/2022,456.00,15.00%
P1724,Women,Western Wear,Shorts,Roadster,30,Pink,5.00,,,,,OD1724,C009,P1493,3/18/2021,456.00,15.00%
P1725,Women,Western Wear,Shorts,Roadster,30,Pink,5.00,,,,,OD1725,C010,P1494,11/19/2021,456.00,35.00%
P1726,Women,Western Wear,Shorts,Roadster,30,Pink,4.00,,,,,OD1726,C011,P1495,11/21/2022,456.00,35.00%
P1727,Women,Western Wear,Shorts,Roadster,30,Orange,4.00,,,,,OD1727,C012,P1496,2/16/2023,236.00,35.00%
P1728,Women,Western Wear,Shorts,Roadster,30,Orange,4.00,,,,,OD1728,C013,P1497,4/13/2021,996.00,35.00%
P1729,Women,Western Wear,Shorts,Roadster,30,Orange,3.00,,,,,OD1729,C014,P1498,11/10/2021,654.00,55.00%
P1730,Women,Western Wear,Shorts,Roadster,32,Yellow,5.00,,,,,OD1730,C015,P1499,5/19/2022,456.00,55.00%
P1731,Women,Western Wear,Shorts,Roadster,32,Yellow,4.00,,,,,OD1731,C016,P1500,4/2/2021,785.00,55.00%
P1732,Women,Western Wear,Shorts,Roadster,32,Yellow,2.00,,,,,OD1732,C017,P1501,5/25/2022,365.00,55.00%
P1733,Women,Western Wear,Shorts,DressBerry,32,Cream,5.00,,,,,OD1733,C018,P1502,5/30/2022,965.00,50.00%
P1734,Women,Western Wear,Shorts,DressBerry,32,Cream,5.00,,,,,OD1734,C019,P1503,6/23/2021,444.00,50.00%
P1735,Women,Western Wear,Shorts,DressBerry,32,Cream,5.00,,,,,OD1735,C020,P1504,1/23/2022,569.00,50.00%
P1736,Women,Western Wear,Shorts,DressBerry,32,Cream,4.00,,,,,OD1736,C021,P1505,5/26/2022,475.00,50.00%
P1737,Women,Western Wear,Shorts,DressBerry,32,Green,4.00,,,,,OD1737,C022,P1506,12/24/2022,598.00,50.00%
P1738,Women,Western Wear,Shorts,DressBerry,34,Green,4.00,,,,,OD1738,C023,P1507,4/27/2021,536.00,30.00%
P1739,Women,Western Wear,Shorts,DressBerry,34,Green,5.00,,,,,OD1739,C024,P1508,3/23/2022,256.00,32.00%
P1740,Women,Western Wear,Shorts,DressBerry,34,Teal,5.00,,,,,OD1740,C025,P1509,5/28/2021,456.00,25.00%
P1741,Women,Western Wear,Shorts,DressBerry,34,Teal,3.00,,,,,OD1741,C026,P1510,5/4/2021,456.00,45.00%
P1742,Women,Footwear,Flats,Bata,6  UK,Teal,5.00,,,,,OD1742,C027,P1511,7/23/2022,745.00,15.00%
P1743,Women,Footwear,Flats,Bata,7  UK,Teal,5.00,,,,,OD1743,C028,P1512,7/18/2021,356.00,33.00%
P1744,Women,Footwear,Flats,Bata,8  UK,Teal,4.00,,,,,OD1744,C029,P1513,9/7/2022,1189.00,42.00%
P1745,Women,Footwear,Flats,Bata,9  UK,Sea Green,3.00,,,,,OD1745,C030,P1514,11/27/2022,426.00,42.00%
P1746,Women,Footwear,Flats,Bata,10  UK,Red ,4.00,,,,,OD1746,C031,P1515,5/30/2022,1126.00,39.00%
P1747,Women,Footwear,Flats,Bata,11  UK,Blue,5.00,,,,,OD1747,C032,P1516,4/10/2022,1145.00,39.00%
P1748,Women,Footwear,Flats,Bata,11  UK,Orange,3.00,,,,,OD1748,C033,P1517,5/16/2021,1235.00,39.00%
P1749,Women,Footwear,Flats,Bata,11  UK,Green,2.00,,,,,OD1749,C034,P1518,4/21/2021,1564.00,39.00%
P1750,Women,Footwear,Flats,Bata,11  UK,Purple,5.00,,,,,OD1750,C035,P1519,4/27/2022,654.00,37.00%
P1751,Women,Footwear,Flats,Bata,11  UK,White,4.00,,,,,OD1751,C036,P1520,3/30/2022,854.00,37.00%
P1752,Women,Footwear,Flats,Bata,11  UK,Off white,3.00,,,,,OD1752,C037,P1521,8/2/2021,475.00,37.00%
P1753,Women,Footwear,Flats,Bata,11  UK,Sea Green,5.00,,,,,OD1753,C038,P1522,6/27/2021,349.00,37.00%
P1754,Women,Footwear,Flats,Bata,10 UK,Green,4.00,,,,,OD1754,C039,P1523,12/10/2022,350.00,37.00%
P1755,Women,Footwear,Flats,Bata,10 UK,Peach,2.00,,,,,OD1755,C040,P1523,8/21/2022,351.00,40.00%
P1756,Women,Footwear,Flats,Liberty,10 UK,Lavender,5.00,,,,,OD1756,C041,P1523,2/15/2022,352.00,40.00%
P1757,Women,Footwear,Flats,Liberty,10 UK,Charcoal,5.00,,,,,OD1757,C042,P1523,11/4/2021,353.00,40.00%
P1758,Women,Footwear,Flats,Liberty,10 UK,Beige,4.00,,,,,OD1758,C043,P1523,2/3/2022,354.00,40.00%
P1759,Women,Footwear,Flats,Liberty,10 UK,Cream,4.00,,,,,OD1759,C044,P1523,1/3/2022,355.00,40.00%
P1760,Women,Footwear,Flats,Liberty,10 UK,Off white,4.00,,,,,OD1760,C045,P1523,2/9/2022,356.00,34.00%
P1761,Women,Footwear,Flats,Liberty,10 UK,Brown,3.00,,,,,OD1761,C046,P1523,4/3/2021,999.00,34.00%
P1762,Women,Footwear,Flats,Liberty,9 UK,Mustard,5.00,,,,,OD1762,C047,P1523,12/23/2021,555.00,34.00%
P1763,Women,Footwear,Flats,Liberty,9 UK,Burgundy,4.00,,,,,OD1763,C048,P1524,8/27/2021,555.00,34.00%
P1764,Women,Footwear,Flats,Liberty,9 UK,Lavender,2.00,,,,,OD1764,C049,P1525,4/5/2022,555.00,34.00%
P1765,Women,Footwear,Flats,Liberty,9 UK,Teal,5.00,,,,,OD1765,C050,P1526,12/14/2022,555.00,38.00%
P1766,Women,Footwear,Flats,Liberty,9 UK,Rust,5.00,,,,,OD1766,C051,P1527,10/17/2022,1025.00,38.00%
P1767,Women,Footwear,Flats,Liberty,9 UK,Gold,5.00,,,,,OD1767,C052,P1528,11/11/2021,1025.00,38.00%
P1768,Women,Footwear,Flats,Liberty,9 UK,Blue,4.00,,,,,OD1768,C053,P1529,5/10/2021,1025.00,38.00%
P1769,Women,Footwear,Flats,Liberty,9 UK,White,4.00,,,,,OD1769,C054,P1530,2/3/2023,555.00,38.00%
P1770,Women,Footwear,Flats,Liberty,8 UK,Navy Blue,4.00,,,,,OD1770,C055,P1531,8/24/2022,599.00,21.00%
P1771,Women,Footwear,Flats,Liberty,8 UK,Pink,5.00,,,,,OD1771,C056,P1532,12/2/2021,555.00,21.00%
P1772,Women,Footwear,Flats,Liberty,8 UK,Black,5.00,,,,,OD1772,C057,P1533,11/27/2021,555.00,21.00%
P1773,Women,Footwear,Flats,Puma,8 UK,Black,3.00,,,,,OD1773,C058,P1534,6/2/2021,565.00,21.00%
P1774,Women,Footwear,Flats,Puma,8 UK,Black,5.00,,,,,OD1774,C059,P1535,7/8/2022,555.00,21.00%
P1775,Women,Footwear,Flats,Puma,8 UK,Black,5.00,,,,,OD1775,C060,P1536,1/20/2021,999.00,22.00%
P1776,Women,Footwear,Flats,Puma,6 UK,Grey,4.00,,,,,OD1776,C061,P1537,1/28/2021,999.00,22.00%
P1777,Women,Footwear,Flats,Puma,6 UK,Grey,3.00,,,,,OD1777,C062,P1538,8/27/2021,999.00,22.00%
P1778,Women,Footwear,Flats,Puma,6 UK,Grey,5.00,,,,,OD1778,C063,P1539,4/3/2021,999.00,22.00%
P1779,Women,Footwear,Flats,Puma,6 UK,Blue,4.00,,,,,OD1779,C064,P1540,2/16/2022,1119.00,22.00%
P1780,Women,Footwear,Flats,Puma,6 UK,Blue,3.00,,,,,OD1780,C065,P1541,8/23/2021,1119.00,22.00%
P1781,Women,Footwear,Flats,Puma,6 UK,Blue,5.00,,,,,OD1781,C066,P1542,9/15/2021,1119.00,30.00%
P1782,Women,Footwear,Flats,Puma,6 UK,Navy Blue,5.00,,,,,OD1782,C067,P1543,1/23/2021,1119.00,30.00%
P1783,Women,Footwear,Flats,Red Tape,6 UK,Navy Blue,4.00,,,,,OD1783,C068,P1544,3/5/2023,985.00,30.00%
P1784,Women,Footwear,Flats,Red Tape,7 UK,Navy Blue,2.00,,,,,OD1784,C069,P1545,10/25/2021,985.00,30.00%
P1785,Women,Footwear,Flats,Red Tape,7 UK,Navy Blue,3.00,,,,,OD1785,C070,P1546,4/22/2022,985.00,30.00%
P1786,Women,Footwear,Flats,Red Tape,7 UK,Grey,4.00,,,,,OD1786,C071,P1547,5/2/2021,985.00,30.00%
P1787,Women,Footwear,Flats,Red Tape,7 UK,Grey,5.00,,,,,OD1787,C072,P1548,3/15/2022,985.00,14.00%
P1788,Women,Footwear,Flats,Red Tape,7 UK,Grey,4.00,,,,,OD1788,C073,P1549,11/16/2022,369.00,14.00%
P1789,Women,Footwear,Flats,Red Tape,7 UK,Grey,4.00,,,,,OD1789,C074,P1550,9/9/2021,399.00,14.00%
P1790,Women,Footwear,Flats,Red Tape,7 UK,Charcoal,4.00,,,,,OD1790,C075,P1551,3/28/2021,399.00,14.00%
P1791,Women,Footwear,Flats,Red Tape,7 UK,Charcoal,3.00,,,,,OD1791,C076,P1552,12/17/2022,399.00,12.00%
P1792,Women,Footwear,Flats,Red Tape,7 UK,Charcoal,2.00,,,,,OD1792,C077,P1553,6/20/2022,399.00,12.00%
P1793,Women,Footwear,Flats,Red Tape,6  UK,Charcoal,5.00,,,,,OD1793,C078,P1554,8/9/2022,555.00,12.00%
P1794,Women,Footwear,Flats,Red Tape,7  UK,Charcoal,4.00,,,,,OD1794,C079,P1555,8/30/2022,555.00,12.00%
P1795,Women,Footwear,Flats,Red Tape,8  UK,Charcoal,2.00,,,,,OD1795,C080,P1556,1/26/2023,555.00,12.00%
P1796,Women,Footwear,Flats,Red Tape,9  UK,Off white,5.00,,,,,OD1796,C081,P1557,6/16/2021,555.00,12.00%
P1797,Women,Footwear,Flats,Red Tape,10  UK,Off white,5.00,,,,,OD1797,C082,P1558,2/17/2021,675.00,34.00%
P1798,Women,Footwear,Flats,Red Tape,11  UK,Pink,4.00,,,,,OD1798,C083,P1559,2/9/2022,675.00,34.00%
P1799,Women,Footwear,Flats,Red Tape,11  UK,Pink,4.00,,,,,OD1799,C084,P1560,7/23/2022,675.00,34.00%
P1800,Women,Footwear,Flats,Red Tape,11  UK,Pink,4.00,,,,,OD1800,C085,P1561,10/17/2021,654.00,34.00%
P1801,Women,Footwear,Flats,Red Tape,11  UK,Khaki,3.00,,,,,OD1801,C086,P1562,1/27/2023,654.00,34.00%
P1802,Women,Footwear,Flats,Red Tape,11  UK,Khaki,5.00,,,,,OD1802,C087,P1563,9/17/2022,654.00,34.00%
P1803,Women,Footwear,Flats,Red Tape,11  UK,Khaki,4.00,,,,,OD1803,C088,P1564,2/23/2021,654.00,44.00%
P1804,Women,Footwear,Flats,Red Tape,11  UK,Khaki,2.00,,,,,OD1804,C089,P1565,3/31/2021,356.00,44.00%
P1805,Women,Footwear,Shoes,Puma,10 UK,Cream,5.00,,,,,OD1805,C090,P1566,1/28/2023,686.00,44.00%
P1806,Women,Footwear,Shoes,Puma,10 UK,Cream,5.00,,,,,OD1806,C091,P1567,11/4/2021,456.00,44.00%
P1807,Women,Footwear,Shoes,Puma,10 UK,Cream,5.00,,,,,OD1807,C092,P1568,1/5/2021,516.00,44.00%
P1808,Women,Footwear,Shoes,Puma,10 UK,Cream,4.00,,,,,OD1808,C093,P1569,8/18/2021,355.00,10.00%
P1809,Women,Footwear,Shoes,Puma,10 UK,Rust,4.00,,,,,OD1809,C094,P1570,1/11/2022,465.00,10.00%
P1810,Women,Footwear,Shoes,Puma,10 UK,Rust,4.00,,,,,OD1810,C095,P1571,5/9/2021,965.00,10.00%
P1811,Women,Footwear,Shoes,Puma,10 UK,Rust,5.00,,,,,OD1811,C096,P1572,3/5/2021,1158.00,30.00%
P1812,Women,Footwear,Shoes,Puma,10 UK,Pink,5.00,,,,,OD1812,C097,P1573,10/20/2021,264.00,30.00%
P1813,Women,Footwear,Shoes,Puma,9 UK,Pink,3.00,,,,,OD1813,C098,P1574,4/9/2021,433.00,30.00%
P1814,Women,Footwear,Shoes,Puma,9 UK,Pink,5.00,,,,,OD1814,C099,P1575,1/9/2021,562.00,25.00%
P1815,Women,Footwear,Shoes,Puma,9 UK,Pink,5.00,,,,,OD1815,C100,P1576,9/4/2021,423.00,25.00%
P1816,Women,Footwear,Shoes,Puma,9 UK,Off white,4.00,,,,,OD1816,C001,P1577,9/23/2021,621.00,30.00%
P1817,Women,Footwear,Shoes,Puma,9 UK,Off white,3.00,,,,,OD1817,C002,P1578,8/1/2022,333.00,30.00%
P1818,Women,Footwear,Shoes,Puma,9 UK,Off white,4.00,,,,,OD1818,C003,P1579,12/21/2022,236.00,30.00%
P1819,Women,Footwear,Shoes,Puma,9 UK,White,5.00,,,,,OD1819,C004,P1580,5/11/2021,456.00,40.00%
P1820,Women,Footwear,Shoes,Puma,9 UK,White,3.00,,,,,OD1820,C005,P1581,9/19/2021,963.00,40.00%
P1821,Women,Footwear,Shoes,Puma,8 UK,Cream,2.00,,,,,OD1821,C006,P1582,12/17/2021,234.00,40.00%
P1822,Women,Footwear,Shoes,Puma,8 UK,Cream,5.00,,,,,OD1822,C007,P1583,2/13/2023,456.00,40.00%
P1823,Women,Footwear,Shoes,Roadster,8 UK,Teal,4.00,,,,,OD1823,C008,P1584,6/22/2021,564.00,40.00%
P1824,Women,Footwear,Shoes,Roadster,8 UK,Teal,3.00,,,,,OD1824,C009,P1585,3/22/2021,634.00,40.00%
P1825,Women,Footwear,Shoes,Roadster,8 UK,Rust,5.00,,,,,OD1825,C010,P1586,1/4/2021,236.00,45.00%
P1826,Women,Footwear,Shoes,Roadster,8 UK,Rust,4.00,,,,,OD1826,C011,P1587,1/14/2023,444.00,45.00%
P1827,Women,Footwear,Shoes,Roadster,6 UK,Rust,2.00,,,,,OD1827,C012,P1588,1/30/2021,456.00,45.00%
P1828,Women,Footwear,Shoes,Roadster,6 UK,Black,5.00,,,,,OD1828,C013,P1589,9/15/2021,963.00,47.00%
P1829,Women,Footwear,Shoes,Roadster,6 UK,Black,5.00,,,,,OD1829,C014,P1590,1/4/2022,456.00,47.00%
P1830,Women,Footwear,Shoes,Roadster,6 UK,Black,4.00,,,,,OD1830,C015,P1591,9/12/2022,1189.00,46.00%
P1831,Women,Footwear,Shoes,Roadster,6 UK,Black,4.00,,,,,OD1831,C016,P1592,2/20/2023,1298.00,46.00%
P1832,Women,Footwear,Shoes,Roadster,6 UK,Grey,4.00,,,,,OD1832,C017,P1593,11/16/2022,1456.00,46.00%
P1833,Women,Footwear,Shoes,Roadster,6 UK,Grey,3.00,,,,,OD1833,C018,P1594,5/9/2021,1478.00,30.00%
P1834,Women,Footwear,Shoes,Roadster,6 UK,Grey,5.00,,,,,OD1834,C019,P1595,2/27/2023,256.00,30.00%
P1835,Women,Footwear,Shoes,Roadster,7 UK,Blue,4.00,,,,,OD1835,C020,P1596,9/16/2022,2698.00,30.00%
P1836,Women,Footwear,Shoes,Roadster,7 UK,Blue,2.00,,,,,OD1836,C021,P1597,1/17/2022,2364.00,30.00%
P1837,Women,Footwear,Shoes,Roadster,7 UK,Blue,5.00,,,,,OD1837,C022,P1598,10/2/2022,1236.00,30.00%
P1838,Women,Footwear,Shoes,Roadster,7 UK,Navy Blue,5.00,,,,,OD1838,C023,P1599,9/20/2021,756.00,35.00%
P1839,Women,Footwear,Shoes,Roadster,7 UK,Navy Blue,5.00,,,,,OD1839,C024,P1600,8/26/2021,326.00,35.00%
P1840,Women,Footwear,Shoes,Skechers,7 UK,Navy Blue,4.00,,,,,OD1840,C025,P1601,12/3/2022,453.00,35.00%
P1841,Women,Footwear,Shoes,Skechers,7 UK,Navy Blue,4.00,,,,,OD1841,C026,P1602,8/29/2022,326.00,35.00%
P1842,Women,Footwear,Shoes,Skechers,7 UK,Grey,4.00,,,,,OD1842,C027,P1603,3/4/2021,456.00,35.00%
P1843,Women,Footwear,Shoes,Skechers,7 UK,Grey,5.00,,,,,OD1843,C028,P1604,1/30/2023,675.00,35.00%
P1844,Women,Footwear,Shoes,Skechers,6  UK,Grey,5.00,,,,,OD1844,C029,P1605,8/12/2021,654.00,40.00%
P1845,Women,Footwear,Shoes,Skechers,7  UK,Grey,3.00,,,,,OD1845,C030,P1606,8/12/2021,654.00,40.00%
P1846,Women,Footwear,Shoes,Skechers,8  UK,Charcoal,5.00,,,,,OD1846,C031,P1607,11/27/2021,654.00,15.00%
P1847,Women,Footwear,Shoes,Skechers,9  UK,Charcoal,5.00,,,,,OD1847,C032,P1608,2/10/2021,654.00,15.00%
P1848,Women,Footwear,Shoes,Skechers,10  UK,Charcoal,4.00,,,,,OD1848,C033,P1609,3/13/2022,356.00,15.00%
P1849,Women,Footwear,Shoes,Skechers,11  UK,Charcoal,3.00,,,,,OD1849,C034,P1610,5/22/2021,686.00,35.00%
P1850,Women,Footwear,Shoes,Skechers,11  UK,Charcoal,5.00,,,,,OD1850,C035,P1611,7/11/2021,456.00,35.00%
P1851,Women,Footwear,Shoes,Red Tape,11  UK,Charcoal,4.00,,,,,OD1851,C036,P1612,4/26/2021,516.00,35.00%
P1852,Women,Footwear,Shoes,Red Tape,11  UK,Off white,3.00,,,,,OD1852,C037,P1613,10/8/2022,355.00,35.00%
P1853,Women,Footwear,Shoes,Red Tape,11  UK,Off white,5.00,,,,,OD1853,C038,P1614,6/14/2021,465.00,55.00%
P1854,Women,Footwear,Shoes,Red Tape,11  UK,Beige,5.00,,,,,OD1854,C039,P1615,5/25/2022,965.00,55.00%
P1855,Women,Footwear,Shoes,Red Tape,11  UK,Beige,4.00,,,,,OD1855,C040,P1616,7/3/2021,1158.00,55.00%
P1856,Women,Footwear,Shoes,Red Tape,10 UK,Beige,2.00,,,,,OD1856,C041,P1617,2/17/2022,264.00,55.00%
P1857,Women,Footwear,Shoes,Red Tape,10 UK,Khaki,3.00,,,,,OD1857,C042,P1618,1/14/2023,433.00,50.00%
P1858,Women,Footwear,Shoes,Red Tape,10 UK,Khaki,4.00,,,,,OD1858,C043,P1619,2/11/2022,562.00,50.00%
P1859,Women,Footwear,Shoes,Red Tape,10 UK,Khaki,5.00,,,,,OD1859,C044,P1620,7/30/2022,423.00,50.00%
P1860,Women,Footwear,Shoes,Red Tape,10 UK,Khaki,4.00,,,,,OD1860,C045,P1621,9/24/2022,621.00,50.00%
P1861,Women,Footwear,Shoes,Red Tape,10 UK,Cream,4.00,,,,,OD1861,C046,P1622,11/30/2022,333.00,50.00%
P1862,Women,Footwear,Shoes,Red Tape,10 UK,Cream,4.00,,,,,OD1862,C047,P1623,9/2/2022,236.00,30.00%
P1863,Women,Footwear,Shoes,Red Tape,10 UK,Cream,3.00,,,,,OD1863,C048,P1623,6/11/2022,456.00,32.00%
P1864,Women,Footwear,Shoes,Red Tape,9 UK,Cream,2.00,,,,,OD1864,C049,P1623,7/21/2021,963.00,25.00%
P1865,Women,Footwear,Shoes,Red Tape,9 UK,Rust,5.00,,,,,OD1865,C050,P1623,5/24/2021,234.00,45.00%
P1866,Women,Footwear,Shoes,Red Tape,9 UK,Rust,4.00,,,,,OD1866,C051,P1623,3/23/2021,456.00,15.00%
P1867,Women,Footwear,Shoes,Red Tape,9 UK,Rust,2.00,,,,,OD1867,C052,P1624,3/24/2022,564.00,33.00%
P1868,Women,Footwear,Shoes,Red Tape,9 UK,Black,5.00,,,,,OD1868,C053,P1625,2/27/2023,634.00,42.00%
P1869,Women,Footwear,Shoes,H&M,9 UK,Black,5.00,,,,,OD1869,C054,P1626,9/20/2021,236.00,42.00%
P1870,Women,Footwear,Shoes,H&M,9 UK,Black,4.00,,,,,OD1870,C055,P1627,3/9/2021,444.00,39.00%
P1871,Women,Footwear,Shoes,H&M,9 UK,Black,4.00,,,,,OD1871,C056,P1628,10/8/2022,456.00,39.00%
P1872,Women,Footwear,Shoes,H&M,8 UK,Off white,4.00,,,,,OD1872,C057,P1629,10/4/2021,963.00,39.00%
P1873,Women,Footwear,Shoes,H&M,8 UK,Off white,3.00,,,,,OD1873,C058,P1630,1/5/2023,456.00,39.00%
P1874,Women,Footwear,Shoes,H&M,8 UK,Off white,5.00,,,,,OD1874,C059,P1631,11/17/2021,1189.00,30.00%
P1875,Women,Footwear,Shoes,H&M,8 UK,White,4.00,,,,,OD1875,C060,P1632,9/21/2022,1298.00,30.00%
P1876,Women,Footwear,Shoes,H&M,8 UK,White,2.00,,,,,OD1876,C061,P1633,8/23/2022,1456.00,30.00%
P1877,Women,Footwear,Shoes,H&M,8 UK,Cream,5.00,,,,,OD1877,C062,P1634,6/12/2022,1478.00,25.00%
P1878,Women,Footwear,Shoes,H&M,6 UK,Cream,5.00,,,,,OD1878,C063,P1635,5/9/2021,256.00,25.00%
P1879,Women,Footwear,Shoes,H&M,6 UK,Teal,5.00,,,,,OD1879,C064,P1636,6/17/2022,2698.00,30.00%
P1880,Women,Footwear,Shoes,H&M,6 UK,Teal,4.00,,,,,OD1880,C065,P1637,7/2/2022,2364.00,30.00%
P1881,Women,Footwear,Shoes,H&M,6 UK,Rust,4.00,,,,,OD1881,C066,P1638,3/26/2021,1236.00,30.00%
P1882,Women,Footwear,Shoes,H&M,6 UK,Rust,4.00,,,,,OD1882,C067,P1639,12/13/2021,756.00,40.00%
P1883,Women,Footwear,Shoes,H&M,6 UK,Rust,5.00,,,,,OD1883,C068,P1640,5/14/2021,326.00,40.00%
P1884,Women,Footwear,Shoes,H&M,6 UK,Pink,5.00,,,,,OD1884,C069,P1641,6/11/2021,453.00,40.00%
P1885,Women,Footwear,Shoes,H&M,6 UK,Pink,3.00,,,,,OD1885,C070,P1642,3/3/2023,326.00,40.00%
P1886,Women,Footwear,Shoes,H&M,7 UK,Pink,5.00,,,,,OD1886,C071,P1643,11/2/2022,456.00,40.00%
P1887,Women,Footwear,Heels,Bata,7 UK,Pink,5.00,,,,,OD1887,C072,P1644,3/1/2023,675.00,40.00%
P1888,Women,Footwear,Heels,Bata,7 UK,Pink,4.00,,,,,OD1888,C073,P1645,5/9/2022,654.00,45.00%
P1889,Women,Footwear,Heels,Bata,7 UK,Pink,3.00,,,,,OD1889,C074,P1646,9/22/2022,654.00,45.00%
P1890,Women,Footwear,Heels,Bata,7 UK,Teal,3.00,,,,,OD1890,C075,P1647,11/12/2022,654.00,45.00%
P1891,Women,Footwear,Heels,Bata,7 UK,Sea Green,5.00,,,,,OD1891,C076,P1648,3/30/2023,654.00,47.00%
P1892,Women,Footwear,Heels,Bata,7 UK,Red ,5.00,,,,,OD1892,C077,P1649,12/27/2021,356.00,47.00%
P1893,Women,Footwear,Heels,Bata,7 UK,Blue,4.00,,,,,OD1893,C078,P1650,3/23/2022,686.00,46.00%
P1894,Women,Footwear,Heels,Bata,7 UK,Orange,2.00,,,,,OD1894,C079,P1651,10/3/2022,456.00,46.00%
P1895,Women,Footwear,Heels,Bata,8 UK,Green,3.00,,,,,OD1895,C080,P1652,6/20/2022,516.00,46.00%
P1896,Women,Footwear,Heels,Bata,9 UK,Purple,4.00,,,,,OD1896,C081,P1653,2/18/2021,355.00,30.00%
P1897,Women,Footwear,Heels,Bata,10 UK,White,5.00,,,,,OD1897,C082,P1654,12/5/2022,465.00,30.00%
P1898,Women,Footwear,Heels,Bata,11 UK,Off white,4.00,,,,,OD1898,C083,P1655,6/6/2022,965.00,30.00%
P1899,Women,Footwear,Heels,Bata,12 UK,Sea Green,4.00,,,,,OD1899,C084,P1656,7/8/2021,1158.00,30.00%
P1900,Women,Footwear,Heels,Bata,6 UK,Green,4.00,,,,,OD1900,C085,P1657,12/8/2021,264.00,30.00%
P1901,Women,Footwear,Heels,DressBerry,6 UK,Peach,3.00,,,,,OD1901,C086,P1657,12/23/2021,433.00,35.00%
P1902,Women,Footwear,Heels,DressBerry,6 UK,Lavender,2.00,,,,,OD1902,C087,P1657,12/22/2021,562.00,35.00%
P1903,Women,Footwear,Heels,DressBerry,6 UK,Charcoal,5.00,,,,,OD1903,C088,P1657,1/10/2021,423.00,35.00%
P1904,Women,Footwear,Heels,DressBerry,6 UK,Pink,4.00,,,,,OD1904,C089,P1657,3/14/2022,621.00,35.00%
P1905,Women,Footwear,Heels,DressBerry,6 UK,Pink,2.00,,,,,OD1905,C090,P1657,10/20/2021,333.00,35.00%
P1906,Women,Footwear,Heels,DressBerry,6 UK,Pink,5.00,,,,,OD1906,C091,P1658,9/23/2021,236.00,35.00%
P1907,Women,Footwear,Heels,H&M,6 UK,Brown,5.00,,,,,OD1907,C092,P1659,9/11/2021,456.00,40.00%
P1908,Women,Footwear,Heels,H&M,7 UK,Mustard,4.00,,,,,OD1908,C093,P1660,5/3/2021,963.00,40.00%
P1909,Women,Footwear,Heels,H&M,7 UK,Burgundy,4.00,,,,,OD1909,C094,P1661,7/24/2022,234.00,15.00%
P1910,Women,Footwear,Heels,H&M,7 UK,Lavender,4.00,,,,,OD1910,C095,P1662,3/10/2022,456.00,15.00%
P1911,Women,Footwear,Heels,H&M,7 UK,Teal,3.00,,,,,OD1911,C096,P1663,7/26/2022,564.00,15.00%
P1912,Women,Footwear,Heels,H&M,7 UK,Rust,5.00,,,,,OD1912,C097,P1664,4/24/2021,634.00,55.00%
P1913,Women,Footwear,Heels,H&M,7 UK,Gold,4.00,,,,,OD1913,C098,P1665,11/27/2022,236.00,55.00%
P1914,Women,Footwear,Heels,H&M,7 UK,Blue,2.00,,,,,OD1914,C099,P1666,12/25/2022,444.00,55.00%
P1915,Women,Footwear,Heels,H&M,7 UK,White,5.00,,,,,OD1915,C100,P1667,1/1/2022,456.00,50.00%
P1916,Women,Footwear,Heels,Metro,7 UK,Navy Blue,5.00,,,,,OD1916,C001,P1668,3/2/2023,963.00,50.00%
P1917,Women,Footwear,Heels,Metro,8 UK,Pink,5.00,,,,,OD1917,C002,P1669,10/28/2021,456.00,50.00%
P1918,Women,Footwear,Heels,Metro,9 UK,Pink,4.00,,,,,OD1918,C003,P1670,6/2/2022,1189.00,50.00%
P1919,Women,Footwear,Heels,Metro,10 UK,Pink,4.00,,,,,OD1919,C004,P1671,5/23/2021,1298.00,50.00%
P1920,Women,Footwear,Heels,Metro,11 UK,Teal,4.00,,,,,OD1920,C005,P1672,3/18/2022,1456.00,30.00%
P1921,Women,Footwear,Heels,Metro,11 UK,Teal,5.00,,,,,OD1921,C006,P1673,2/2/2023,1478.00,32.00%
P1922,Women,Footwear,Heels,Metro,11 UK,Sea Green,5.00,,,,,OD1922,C007,P1674,1/4/2022,256.00,25.00%
P1923,Women,Footwear,Heels,Metro,11 UK,Red ,3.00,,,,,OD1923,C008,P1675,8/28/2021,2698.00,45.00%
P1924,Women,Footwear,Heels,Shoetopia,11 UK,Blue,5.00,,,,,OD1924,C009,P1676,9/4/2021,2364.00,15.00%
P1925,Women,Footwear,Heels,Shoetopia,10 UK,Orange,5.00,,,,,OD1925,C010,P1677,2/18/2021,1236.00,33.00%
P1926,Women,Footwear,Heels,Shoetopia,10 UK,Green,4.00,,,,,OD1926,C011,P1678,2/8/2022,756.00,42.00%
P1927,Women,Footwear,Heels,Shoetopia,10 UK,Purple,3.00,,,,,OD1927,C012,P1679,1/13/2022,326.00,42.00%
P1928,Women,Footwear,Heels,Shoetopia,10 UK,White,4.00,,,,,OD1928,C013,P1680,5/3/2022,453.00,39.00%
P1929,Women,Footwear,Heels,Shoetopia,10 UK,Off white,5.00,,,,,OD1929,C014,P1681,11/11/2021,326.00,39.00%
P1930,Women,Footwear,Heels,Shoetopia,10 UK,Sea Green,3.00,,,,,OD1930,C015,P1682,2/16/2021,456.00,39.00%
P1931,Women,Footwear,Heels,Shoetopia,10 UK,Green,2.00,,,,,OD1931,C016,P1683,11/9/2021,456.00,39.00%
P1932,Women,Footwear,Heels,Shoetopia,10 UK,Peach,5.00,,,,,OD1932,C017,P1684,2/20/2022,456.00,30.00%
P1933,Women,Footwear,Heels,Shoetopia,8 UK,Lavender,4.00,,,,,OD1933,C018,P1685,9/16/2021,456.00,30.00%
P1934,Women,Footwear,Heels,Shoetopia,8 UK,Charcoal,3.00,,,,,OD1934,C019,P1686,8/7/2021,236.00,30.00%
P1935,Women,Footwear,Heels,Shoetopia,8 UK,Beige,5.00,,,,,OD1935,C020,P1687,4/14/2021,996.00,25.00%
P1936,Women,Footwear,Heels,Shoetopia,8 UK,Cream,4.00,,,,,OD1936,C021,P1688,10/17/2021,654.00,25.00%
P1937,Women,Footwear,Heels,Shoetopia,8 UK,Off white,2.00,,,,,OD1937,C022,P1689,3/28/2021,456.00,30.00%
P1938,Women,Footwear,Heels,Shoetopia,8 UK,Brown,5.00,,,,,OD1938,C023,P1690,5/27/2022,785.00,30.00%
P1939,Women,Footwear,Heels,Shoetopia,7 UK,Mustard,5.00,,,,,OD1939,C024,P1691,10/29/2022,365.00,30.00%
P1940,Women,Footwear,Heels,Shoetopia,8 UK,Burgundy,4.00,,,,,OD1940,C025,P1692,12/8/2021,965.00,40.00%
P1941,Women,Footwear,Heels,Shoetopia,9 UK,Lavender,4.00,,,,,OD1941,C026,P1693,3/23/2021,444.00,40.00%
P1942,Women,Footwear,Heels,Shoetopia,10 UK,Teal,4.00,,,,,OD1942,C027,P1694,7/5/2021,569.00,40.00%
P1943,Women,Footwear,Heels,Shoetopia,11 UK,Rust,3.00,,,,,OD1943,C028,P1695,8/19/2021,475.00,40.00%
P1944,Women,Footwear,Heels,Shoetopia,12 UK,Gold,5.00,,,,,OD1944,C029,P1696,4/18/2022,598.00,40.00%
P1945,Women,Footwear,Heels,Shoetopia,6 UK,Blue,4.00,,,,,OD1945,C030,P1697,4/8/2021,536.00,40.00%
P1946,Women,Footwear,Heels,Shoetopia,7 UK,White,2.00,,,,,OD1946,C031,P1697,8/21/2022,256.00,45.00%
P1947,Women,Footwear,Heels,Shoetopia,8 UK,Navy Blue,5.00,,,,,OD1947,C032,P1697,9/20/2022,456.00,45.00%
P1948,Women,Footwear,Boots,Shoetopia,9 UK,Pink,5.00,,,,,OD1948,C033,P1697,11/1/2021,456.00,45.00%
P1949,Women,Footwear,Boots,Shoetopia,10 UK,Pink,5.00,,,,,OD1949,C034,P1697,11/12/2022,745.00,47.00%
P1950,Women,Footwear,Boots,Shoetopia,11 UK,Pink,4.00,,,,,OD1950,C035,P1697,10/18/2022,356.00,47.00%
P1951,Women,Footwear,Boots,Shoetopia,6  UK,Pink,4.00,,,,,OD1951,C036,P1697,3/1/2022,1189.00,46.00%
P1952,Women,Footwear,Boots,Shoetopia,7  UK,Black,4.00,,,,,OD1952,C037,P1698,8/12/2021,426.00,46.00%
P1953,Women,Footwear,Boots,Shoetopia,8  UK,Black,5.00,,,,,OD1953,C038,P1699,8/4/2022,1126.00,46.00%
P1954,Women,Footwear,Boots,Shoetopia,9  UK,Black,5.00,,,,,OD1954,C039,P1700,12/7/2022,1145.00,30.00%
P1955,Women,Footwear,Boots,Shoetopia,10  UK,Black,3.00,,,,,OD1955,C040,P1701,7/13/2022,1235.00,30.00%
P1956,Women,Footwear,Boots,Shoetopia,11  UK,Sea Green,5.00,,,,,OD1956,C041,P1702,6/27/2022,1564.00,30.00%
P1957,Women,Footwear,Boots,Shoetopia,11  UK,Sea Green,5.00,,,,,OD1957,C042,P1703,1/10/2021,654.00,30.00%
P1958,Women,Footwear,Boots,Mochi,11  UK,Black,4.00,,,,,OD1958,C043,P1704,2/3/2023,854.00,30.00%
P1959,Women,Footwear,Boots,Mochi,11  UK,Blue,3.00,,,,,OD1959,C044,P1705,9/15/2022,475.00,35.00%
P1960,Women,Footwear,Boots,Mochi,11  UK,White,5.00,,,,,OD1960,C045,P1706,9/17/2022,475.00,35.00%
P1961,Women,Footwear,Boots,Mochi,11  UK,Green,4.00,,,,,OD1961,C046,P1707,2/10/2021,475.00,35.00%
P1962,Women,Footwear,Boots,Mochi,11  UK,Olive,3.00,,,,,OD1962,C047,P1708,11/23/2022,475.00,35.00%
P1963,Women,Footwear,Boots,Mochi,10 UK,Pink,5.00,,,,,OD1963,C048,P1709,10/1/2022,475.00,35.00%
P1964,Women,Footwear,Boots,Mochi,10 UK,Orange,5.00,,,,,OD1964,C049,P1710,9/13/2022,475.00,35.00%
P1965,Women,Footwear,Boots,Mochi,10 UK,Beige,4.00,,,,,OD1965,C050,P1711,1/26/2023,475.00,40.00%
P1966,Women,Footwear,Boots,Mochi,10 UK,Off white,2.00,,,,,OD1966,C051,P1712,9/13/2021,475.00,40.00%
P1967,Women,Footwear,Boots,Mochi,10 UK,Purple,3.00,,,,,OD1967,C052,P1713,9/27/2022,564.00,15.00%
P1968,Women,Footwear,Boots,Mochi,10 UK,Peach,4.00,,,,,OD1968,C053,P1714,2/4/2022,478.00,15.00%
P1969,Women,Footwear,Boots,Catwalk,10 UK,Sea Green,5.00,,,,,OD1969,C054,P1715,11/7/2021,1264.00,15.00%
P1970,Women,Footwear,Boots,Catwalk,10 UK,Lavender,4.00,,,,,OD1970,C055,P1716,1/28/2022,458.00,35.00%
P1971,Women,Footwear,Boots,Catwalk,9 UK,Pink,4.00,,,,,OD1971,C056,P1717,2/20/2022,899.00,35.00%
P1972,Women,Footwear,Boots,Catwalk,9 UK,Blue,4.00,,,,,OD1972,C057,P1718,7/31/2021,859.00,35.00%
P1973,Women,Footwear,Boots,Roadster,9 UK,White,3.00,,,,,OD1973,C058,P1719,10/2/2021,758.00,35.00%
P1974,Women,Footwear,Boots,Roadster,9 UK,Green,2.00,,,,,OD1974,C059,P1720,9/14/2022,2354.00,55.00%
P1975,Women,Footwear,Boots,Roadster,9 UK,Pink,5.00,,,,,OD1975,C060,P1721,6/1/2021,2344.00,55.00%
P1976,Women,Footwear,Boots,Roadster,9 UK,Pink,4.00,,,,,OD1976,C061,P1722,3/3/2023,2453.00,55.00%
P1977,Women,Footwear,Boots,Roadster,9 UK,Orange,2.00,,,,,OD1977,C062,P1723,3/18/2021,2154.00,55.00%
P1978,Women,Footwear,Boots,Roadster,9 UK,Beige,5.00,,,,,OD1978,C063,P1724,7/7/2021,896.00,50.00%
P1979,Women,Footwear,Boots,Roadster,8 UK,Off white,5.00,,,,,OD1979,C064,P1725,9/27/2021,756.00,50.00%
P1980,Women,Footwear,Boots,Roadster,8 UK,Purple,4.00,,,,,OD1980,C065,P1726,11/30/2022,236.00,50.00%
P1981,Women,Footwear,Boots,Roadster,8 UK,Peach,4.00,,,,,OD1981,C066,P1727,3/7/2023,475.00,50.00%
P1982,Women,Footwear,Boots,Roadster,8 UK,Sea Green,4.00,,,,,OD1982,C067,P1728,1/19/2023,589.00,50.00%
P1983,Beauty,Makeup,Lipstick,Loreal,Onesize,Pink,3.00,,,,,OD1983,C068,P1729,1/25/2022,365.00,30.00%
P1984,Beauty,Makeup,Lipstick,Loreal,Onesize,Pink,5.00,,,,,OD1984,C069,P1730,7/3/2021,1233.00,32.00%
P1985,Beauty,Makeup,Lipstick,Loreal,Onesize,Pink,4.00,,,,,OD1985,C070,P1731,1/15/2023,1233.00,25.00%
P1986,Beauty,Makeup,Lipstick,Loreal,Onesize,Pink,2.00,,,,,OD1986,C071,P1732,9/26/2022,1233.00,45.00%
P1987,Beauty,Makeup,Lipstick,Loreal,Onesize,Pink,5.00,,,,,OD1987,C072,P1733,4/15/2021,1233.00,15.00%
P1988,Beauty,Makeup,Lipstick,Loreal,Onesize,Pink,5.00,,,,,OD1988,C073,P1734,2/10/2022,1233.00,33.00%
P1989,Beauty,Makeup,Lipstick,Loreal,Onesize,Red,5.00,,,,,OD1989,C074,P1735,11/26/2021,1233.00,42.00%
P1990,Beauty,Makeup,Lipstick,Loreal,Onesize,Red,4.00,,,,,OD1990,C075,P1736,12/17/2022,456.00,42.00%
P1991,Beauty,Makeup,Lipstick,Loreal,Onesize,Red,4.00,,,,,OD1991,C076,P1736,10/7/2022,456.00,39.00%
P1992,Beauty,Makeup,Lipstick,Loreal,Onesize,Red,4.00,,,,,OD1992,C077,P1736,4/9/2021,456.00,39.00%
P1993,Beauty,Makeup,Lipstick,Loreal,Onesize,Brown,5.00,,,,,OD1993,C078,P1736,3/14/2023,456.00,39.00%
P1994,Beauty,Makeup,Lipstick,Loreal,Onesize,Brown,5.00,,,,,OD1994,C079,P1737,5/25/2021,786.00,39.00%
P1995,Beauty,Makeup,Lipstick,Loreal,Onesize,Magenta,3.00,,,,,OD1995,C080,P1738,7/17/2022,786.00,37.00%
P1996,Beauty,Makeup,Lipstick,Loreal,Onesize,Magenta,5.00,,,,,OD1996,C081,P1739,3/16/2021,786.00,37.00%
P1997,Beauty,Makeup,Lipstick,Sugar,Onesize,Magenta,5.00,,,,,OD1997,C082,P1740,11/24/2021,786.00,37.00%
P1998,Beauty,Makeup,Lipstick,Sugar,Onesize,Maroon,4.00,,,,,OD1998,C083,P1741,2/9/2021,786.00,37.00%
P1999,Beauty,Makeup,Lipstick,Sugar,Onesize,Maroon,3.00,,,,,OD1999,C084,P1742,12/18/2022,786.00,37.00%
P2000,Beauty,Makeup,Lipstick,Sugar,Onesize,Maroon,4.00,,,,,OD2000,C085,P1743,6/24/2021,569.00,40.00%
P2001,Beauty,Makeup,Lipstick,Sugar,Onesize,Maroon,5.00,,,,,OD2001,C086,P1744,1/14/2021,569.00,40.00%
P2002,Beauty,Makeup,Lipstick,Sugar,Onesize,Maroon,3.00,,,,,OD2002,C087,P1745,3/2/2023,569.00,40.00%
P2003,Beauty,Makeup,Lipstick,Sugar,Onesize,Maroon,2.00,,,,,OD2003,C088,P1746,4/23/2021,569.00,40.00%
P2004,Beauty,Makeup,Lipstick,Sugar,Onesize,Nude,5.00,,,,,OD2004,C089,P1747,6/13/2021,569.00,40.00%
P2005,Beauty,Makeup,Lipstick,Sugar,Onesize,Nude,4.00,,,,,OD2005,C090,P1748,3/5/2022,569.00,34.00%
P2006,Beauty,Makeup,Lipstick,Sugar,Onesize,Nude,3.00,,,,,OD2006,C091,P1749,10/31/2022,569.00,34.00%
P2007,Beauty,Makeup,Lipstick,Sugar,Onesize,Nude,5.00,,,,,OD2007,C092,P1750,3/28/2021,569.00,34.00%
P2008,Beauty,Makeup,Lipstick,Sugar,Onesize,Nude,4.00,,,,,OD2008,C093,P1751,2/16/2023,456.00,34.00%
P2009,Beauty,Makeup,Lipstick,Sugar,Onesize,Purple,2.00,,,,,OD2009,C094,P1752,1/17/2022,759.00,34.00%
P2010,Beauty,Makeup,Lipstick,Sugar,Onesize,Purple,5.00,,,,,OD2010,C095,P1753,9/30/2021,478.00,38.00%
P2011,Beauty,Makeup,Lipstick,Sugar,Onesize,Purple,5.00,,,,,OD2011,C096,P1754,7/23/2022,566.00,38.00%
P2012,Beauty,Makeup,Lipstick,Sugar,Onesize,Purple,4.00,,,,,OD2012,C097,P1755,12/22/2022,369.00,38.00%
P2013,Beauty,Makeup,Lipstick,Sugar,Onesize,Orange,4.00,,,,,OD2013,C098,P1756,7/18/2021,456.00,38.00%
P2014,Beauty,Makeup,Lipstick,Sugar,Onesize,Orange,4.00,,,,,OD2014,C099,P1757,12/7/2022,1145.00,38.00%
P2015,Beauty,Makeup,Lipstick,Sugar,Onesize,Orange,3.00,,,,,OD2015,C100,P1758,2/28/2023,1174.00,21.00%
P2016,Beauty,Makeup,Lipstick,Sugar,Onesize,Orange,5.00,,,,,OD2016,C001,P1759,12/5/2021,1136.00,21.00%
P2017,Beauty,Makeup,Lipstick,Sugar,Onesize,Orange,4.00,,,,,OD2017,C002,P1760,7/5/2022,1562.00,21.00%
P2018,Beauty,Makeup,Lipstick,MyGlamm,Onesize,Magenta,2.00,,,,,OD2018,C003,P1761,12/4/2022,465.00,21.00%
P2019,Beauty,Makeup,Lipstick,MyGlamm,Onesize,Magenta,5.00,,,,,OD2019,C004,P1762,1/19/2022,456.00,21.00%
P2020,Beauty,Makeup,Lipstick,MyGlamm,Onesize,Magenta,5.00,,,,,OD2020,C005,P1763,10/4/2021,789.00,22.00%
P2021,Beauty,Makeup,Lipstick,MyGlamm,Onesize,Magenta,5.00,,,,,OD2021,C006,P1763,11/19/2022,1325.00,22.00%
P2022,Beauty,Makeup,Lipstick,MyGlamm,Onesize,Peach,4.00,,,,,OD2022,C007,P1763,2/21/2023,1236.00,22.00%
P2023,Beauty,Makeup,Lipstick,MyGlamm,Onesize,Peach,4.00,,,,,OD2023,C008,P1763,6/9/2022,456.00,22.00%
P2024,Beauty,Makeup,Lipstick,Maybelline,Onesize,Peach,4.00,,,,,OD2024,C009,P1763,12/21/2021,789.00,22.00%
P2025,Beauty,Makeup,Lipstick,Maybelline,Onesize,Peach,5.00,,,,,OD2025,C010,P1764,7/21/2021,456.00,22.00%
P2026,Beauty,Makeup,Lipstick,Maybelline,Onesize,Peach,5.00,,,,,OD2026,C011,P1765,10/24/2021,2362.00,30.00%
P2027,Beauty,Makeup,Lipstick,Maybelline,Onesize,Coral,3.00,,,,,OD2027,C012,P1766,1/14/2022,1265.00,30.00%
P2028,Beauty,Makeup,Lipstick,Maybelline,Onesize,Coral,5.00,,,,,OD2028,C013,P1767,9/7/2022,789.00,30.00%
P2029,Beauty,Makeup,Lipstick,Maybelline,Onesize,Coral,5.00,,,,,OD2029,C014,P1768,4/23/2022,1236.00,30.00%
P2030,Beauty,Makeup,Lipstick,Maybelline,Onesize,Coral,4.00,,,,,OD2030,C015,P1769,10/20/2022,1145.00,30.00%
P2031,Beauty,Makeup,Lipstick,Maybelline,Onesize,Red,3.00,,,,,OD2031,C016,P1770,1/1/2021,1256.00,30.00%
P2032,Beauty,Makeup,Lipstick,Maybelline,Onesize,Red,5.00,,,,,OD2032,C017,P1771,7/26/2022,789.00,14.00%
P2033,Beauty,Makeup,Lipstick,Maybelline,Onesize,Red,4.00,,,,,OD2033,C018,P1772,1/27/2023,1236.00,14.00%
P2034,Beauty,Makeup,Lipstick,Maybelline,Onesize,Red,3.00,,,,,OD2034,C019,P1773,4/26/2022,456.00,14.00%
P2035,Beauty,Makeup,Lipstick,Maybelline,Onesize,Pink,5.00,,,,,OD2035,C020,P1774,1/18/2022,789.00,14.00%
P2036,Beauty,Makeup,Lipstick,Maybelline,Onesize,Pink,5.00,,,,,OD2036,C021,P1775,2/27/2021,456.00,12.00%
P2037,Beauty,Makeup,Lipstick,Maybelline,Onesize,Pink,4.00,,,,,OD2037,C022,P1776,7/8/2021,2362.00,12.00%
P2038,Beauty,Makeup,Lipstick,Maybelline,Onesize,Pink,2.00,,,,,OD2038,C023,P1777,8/9/2021,1265.00,12.00%
P2039,Beauty,Makeup,Lipstick,Maybelline,Onesize,Pink,3.00,,,,,OD2039,C024,P1778,8/31/2021,789.00,12.00%
P2040,Beauty,Makeup,Lipstick,Maybelline,Onesize,Peach,4.00,,,,,OD2040,C025,P1779,5/23/2022,1236.00,12.00%
P2041,Beauty,Makeup,Lipstick,Maybelline,Onesize,Maroon,5.00,,,,,OD2041,C026,P1780,12/22/2022,1145.00,12.00%
P2042,Beauty,Makeup,Lipstick,Maybelline,Onesize,Rose,4.00,,,,,OD2042,C027,P1781,3/14/2021,1256.00,34.00%
P2043,Beauty,Makeup,Lipstick,Maybelline,Onesize,Brown,4.00,,,,,OD2043,C028,P1782,10/3/2022,789.00,34.00%
P2044,Beauty,Makeup,Lipstick,Maybelline,Onesize,Magenta,4.00,,,,,OD2044,C029,P1783,5/11/2021,789.00,34.00%
P2045,Beauty,Makeup,Lipstick,Maybelline,Onesize,Pink,3.00,,,,,OD2045,C030,P1784,5/29/2022,789.00,34.00%
P2046,Beauty,Makeup,Lipstick,Maybelline,Onesize,Brown,2.00,,,,,OD2046,C031,P1785,8/20/2021,789.00,34.00%
P2047,Beauty,Makeup,Lipstick,M.A.C,Onesize,Red,5.00,,,,,OD2047,C032,P1786,9/7/2021,789.00,34.00%
P2048,Beauty,Makeup,Lipstick,M.A.C,Onesize,Peach,4.00,,,,,OD2048,C033,P1787,5/9/2022,789.00,44.00%
P2049,Beauty,Makeup,Lipstick,M.A.C,Onesize,Nude,2.00,,,,,OD2049,C034,P1788,4/10/2021,789.00,44.00%
P2050,Beauty,Makeup,Lipstick,M.A.C,Onesize,Orange,5.00,,,,,OD2050,C035,P1789,9/1/2021,456.00,44.00%
P2051,Beauty,Makeup,Lipstick,M.A.C,Onesize,Burgundy,5.00,,,,,OD2051,C036,P1790,10/25/2022,2354.00,44.00%
P2052,Beauty,Makeup,Lipstick,M.A.C,Onesize,Magenta,4.00,,,,,OD2052,C037,P1791,10/1/2022,1456.00,44.00%
P2053,Beauty,Makeup,Lipstick,M.A.C,Onesize,Coral,4.00,,,,,OD2053,C038,P1792,9/3/2022,1265.00,10.00%
P2054,Beauty,Makeup,Lipstick,M.A.C,Onesize,Pink,4.00,,,,,OD2054,C039,P1793,5/7/2022,1265.00,10.00%
P2055,Beauty,Makeup,Lipstick,M.A.C,Onesize,Pink,3.00,,,,,OD2055,C040,P1794,1/20/2022,1265.00,10.00%
P2056,Beauty,Makeup,Lipstick,Lakme,Onesize,Peach,5.00,,,,,OD2056,C041,P1795,4/27/2022,1265.00,30.00%
P2057,Beauty,Makeup,Lipstick,Lakme,Onesize,Maroon,4.00,,,,,OD2057,C042,P1796,7/19/2021,1265.00,30.00%
P2058,Beauty,Makeup,Lipstick,Lakme,Onesize,Rose,2.00,,,,,OD2058,C043,P1797,11/22/2022,965.00,30.00%
P2059,Beauty,Makeup,Lipstick,Lakme,Onesize,Brown,5.00,,,,,OD2059,C044,P1798,6/20/2021,1158.00,25.00%
P2060,Beauty,Makeup,Lipstick,Lakme,Onesize,Magenta,5.00,,,,,OD2060,C045,P1799,4/12/2021,264.00,25.00%
P2061,Beauty,Makeup,Lipstick,Lakme,Onesize,Pink,5.00,,,,,OD2061,C046,P1800,1/11/2023,433.00,30.00%
P2062,Beauty,Makeup,Lipstick,Lakme,Onesize,Brown,4.00,,,,,OD2062,C047,P1801,4/6/2022,562.00,30.00%
P2063,Beauty,Makeup,Lipstick,Lakme,Onesize,Red,4.00,,,,,OD2063,C048,P1802,10/6/2021,423.00,30.00%
P2064,Beauty,Makeup,Lipstick,Lakme,Onesize,Peach,4.00,,,,,OD2064,C049,P1803,4/29/2022,621.00,40.00%
P2065,Beauty,Makeup,Lipstick,Lakme,Onesize,Nude,5.00,,,,,OD2065,C050,P1804,5/10/2022,333.00,40.00%
P2066,Beauty,Makeup,Lipstick,Lakme,Onesize,Orange,5.00,,,,,OD2066,C051,P1805,12/3/2022,236.00,40.00%
P2067,Beauty,Makeup,Lipstick,Lakme,Onesize,Burgundy,3.00,,,,,OD2067,C052,P1806,10/28/2022,456.00,40.00%
P2068,Beauty,Makeup,Lipstick,Lakme,Onesize,Magenta,5.00,,,,,OD2068,C053,P1807,11/23/2022,963.00,40.00%
P2069,Beauty,Makeup,Lipstick,Lakme,Onesize,Coral,5.00,,,,,OD2069,C054,P1808,11/27/2022,234.00,40.00%
P2070,Beauty,Makeup,Lipstick,Lakme,Onesize,Red,4.00,,,,,OD2070,C055,P1809,11/12/2021,456.00,45.00%
P2071,Beauty,Makeup,Lipstick,Lakme,Onesize,Red,3.00,,,,,OD2071,C056,P1810,1/19/2023,564.00,45.00%
P2072,Beauty,Makeup,Lipstick,Lakme,Onesize,Red,3.00,,,,,OD2072,C057,P1811,2/1/2022,634.00,45.00%
P2073,Beauty,Makeup,Lipstick,Lakme,Onesize,Pink,5.00,,,,,OD2073,C058,P1812,2/27/2022,236.00,47.00%
P2074,Beauty,Makeup,Lipstick,Lakme,Onesize,Pink,5.00,,,,,OD2074,C059,P1813,3/18/2023,444.00,47.00%
P2075,Beauty,Makeup,Lipstick,Lakme,Onesize,Pink,4.00,,,,,OD2075,C060,P1814,9/11/2022,456.00,46.00%
P2076,Beauty,Makeup,Lipstick,Lakme,Onesize,Red,2.00,,,,,OD2076,C061,P1815,3/8/2021,963.00,46.00%
P2077,Beauty,Makeup,Lipstick,Lakme,Onesize,Orange,3.00,,,,,OD2077,C062,P1816,1/12/2021,456.00,46.00%
P2078,Beauty,Makeup,Lipstick,Lakme,Onesize,Orange,4.00,,,,,OD2078,C063,P1817,11/25/2022,1189.00,30.00%
P2079,Beauty,Makeup,Lipstick,Lakme,Onesize,Pink,5.00,,,,,OD2079,C064,P1818,1/3/2021,1298.00,30.00%
P2080,Beauty,Makeup,Kajal,Maybelline,Onesize,Black,4.00,,,,,OD2080,C065,P1819,10/25/2022,1456.00,30.00%
P2081,Beauty,Makeup,Kajal,Maybelline,Onesize,Black,4.00,,,,,OD2081,C066,P1820,7/19/2021,1478.00,30.00%
P2082,Beauty,Makeup,Kajal,Maybelline,Onesize,Black,4.00,,,,,OD2082,C067,P1821,11/6/2022,256.00,30.00%
P2083,Beauty,Makeup,Kajal,Maybelline,Onesize,Brown,3.00,,,,,OD2083,C068,P1822,10/10/2022,2698.00,35.00%
P2084,Beauty,Makeup,Kajal,Maybelline,Onesize,Brown,2.00,,,,,OD2084,C069,P1823,2/1/2021,2364.00,35.00%
P2085,Beauty,Makeup,Kajal,Maybelline,Onesize,Black,5.00,,,,,OD2085,C070,P1823,7/7/2021,1236.00,35.00%
P2086,Beauty,Makeup,Kajal,Maybelline,Onesize,Black,4.00,,,,,OD2086,C071,P1823,3/25/2023,756.00,35.00%
P2087,Beauty,Makeup,Kajal,Maybelline,Onesize,Black,2.00,,,,,OD2087,C072,P1823,5/11/2021,326.00,35.00%
P2088,Beauty,Makeup,Kajal,Maybelline,Onesize,White,5.00,,,,,OD2088,C073,P1823,4/6/2022,453.00,35.00%
P2089,Beauty,Makeup,Kajal,Maybelline,Onesize,White,5.00,,,,,OD2089,C074,P1824,4/1/2021,326.00,40.00%
P2090,Beauty,Makeup,Kajal,Maybelline,Onesize,Blue,4.00,,,,,OD2090,C075,P1825,1/1/2021,456.00,40.00%
P2091,Beauty,Makeup,Kajal,Maybelline,Onesize,Blue,4.00,,,,,OD2091,C076,P1826,2/9/2023,675.00,15.00%
P2092,Beauty,Makeup,Kajal,Maybelline,Onesize,Grey,4.00,,,,,OD2092,C077,P1827,8/22/2021,654.00,15.00%
P2093,Beauty,Makeup,Kajal,Lakme,Onesize,Grey,3.00,,,,,OD2093,C078,P1828,8/7/2022,654.00,15.00%
P2094,Beauty,Makeup,Kajal,Lakme,Onesize,Gold,5.00,,,,,OD2094,C079,P1829,12/24/2022,654.00,35.00%
P2095,Beauty,Makeup,Kajal,Lakme,Onesize,Gold,4.00,,,,,OD2095,C080,P1830,7/22/2021,654.00,35.00%
P2096,Beauty,Makeup,Kajal,Lakme,Onesize,Yellow,2.00,,,,,OD2096,C081,P1831,4/24/2022,356.00,35.00%
P2097,Beauty,Makeup,Kajal,Lakme,Onesize,Yellow,5.00,,,,,OD2097,C082,P1832,8/13/2022,686.00,35.00%
P2098,Beauty,Makeup,Kajal,Lakme,Onesize,Teal,5.00,,,,,OD2098,C083,P1833,6/8/2022,456.00,55.00%
P2099,Beauty,Makeup,Kajal,Lakme,Onesize,Black,5.00,,,,,OD2099,C084,P1834,7/2/2021,516.00,55.00%
P2100,Beauty,Makeup,Kajal,Faces Canada,Onesize,Black,4.00,,,,,OD2100,C085,P1835,7/10/2022,355.00,55.00%
P2101,Beauty,Makeup,Kajal,Faces Canada,Onesize,Black,4.00,,,,,OD2101,C086,P1836,1/2/2021,465.00,55.00%
P2102,Beauty,Makeup,Kajal,Faces Canada,Onesize,Black,4.00,,,,,OD2102,C087,P1837,5/6/2021,965.00,50.00%
P2103,Beauty,Makeup,Kajal,Faces Canada,Onesize,Black,5.00,,,,,OD2103,C088,P1838,9/12/2022,1158.00,50.00%
P2104,Beauty,Makeup,Kajal,Faces Canada,Onesize,Black,5.00,,,,,OD2104,C089,P1839,10/6/2022,264.00,50.00%
P2105,Beauty,Makeup,Kajal,Faces Canada,Onesize,White,3.00,,,,,OD2105,C090,P1840,10/17/2022,433.00,50.00%
P2106,Beauty,Makeup,Kajal,Faces Canada,Onesize,White,5.00,,,,,OD2106,C091,P1841,8/5/2022,562.00,50.00%
P2107,Beauty,Makeup,Kajal,Faces Canada,Onesize,Blue,5.00,,,,,OD2107,C092,P1842,1/15/2023,423.00,30.00%
P2108,Beauty,Makeup,Kajal,Faces Canada,Onesize,Blue,4.00,,,,,OD2108,C093,P1843,12/27/2022,621.00,32.00%
P2109,Beauty,Makeup,Kajal,Faces Canada,Onesize,Grey,3.00,,,,,OD2109,C094,P1844,9/3/2022,333.00,25.00%
P2110,Beauty,Makeup,Kajal,Faces Canada,Onesize,Grey,3.00,,,,,OD2110,C095,P1845,9/30/2022,236.00,45.00%
P2111,Beauty,Makeup,Kajal,Faces Canada,Onesize,Gold,3.00,,,,,OD2111,C096,P1846,9/13/2022,456.00,15.00%
P2112,Beauty,Makeup,Kajal,Faces Canada,Onesize,Gold,3.00,,,,,OD2112,C097,P1847,8/17/2021,963.00,33.00%
P2113,Beauty,Makeup,Kajal,Mamaearth,Onesize,Yellow,3.00,,,,,OD2113,C098,P1848,3/21/2022,234.00,42.00%
P2114,Beauty,Makeup,Kajal,Mamaearth,Onesize,Yellow,2.00,,,,,OD2114,C099,P1849,12/10/2022,456.00,42.00%
P2115,Beauty,Makeup,Kajal,Mamaearth,Onesize,Teal,2.00,,,,,OD2115,C100,P1850,10/22/2021,564.00,39.00%
P2116,Beauty,Makeup,Kajal,Mamaearth,Onesize,Yellow,2.00,,,,,OD2116,C001,P1851,6/18/2022,634.00,39.00%
P2117,Beauty,Makeup,Kajal,Mamaearth,Onesize,Teal,4.00,,,,,OD2117,C002,P1852,7/19/2022,236.00,39.00%
P2118,Beauty,Makeup,Kajal,Mamaearth,Onesize,Black,5.00,,,,,OD2118,C003,P1853,8/14/2022,444.00,39.00%
P2119,Beauty,Makeup,Kajal,Plum,Onesize,Black,3.00,,,,,OD2119,C004,P1854,2/21/2021,456.00,30.00%
P2120,Beauty,Makeup,Kajal,Plum,Onesize,Black,2.00,,,,,OD2120,C005,P1855,8/19/2021,963.00,30.00%
P2121,Beauty,Makeup,Kajal,Plum,Onesize,Black,5.00,,,,,OD2121,C006,P1856,12/8/2021,456.00,30.00%
P2122,Beauty,Makeup,Kajal,Plum,Onesize,Black,4.00,,,,,OD2122,C007,P1857,2/10/2021,1189.00,25.00%
P2123,Beauty,Makeup,Kajal,Krayons,Onesize,Black,3.00,,,,,OD2123,C008,P1858,9/14/2021,1298.00,25.00%
P2124,Beauty,Makeup,Kajal,Krayons,Onesize,White,5.00,,,,,OD2124,C009,P1859,11/19/2022,1456.00,30.00%
P2125,Beauty,Makeup,Kajal,Krayons,Onesize,White,4.00,,,,,OD2125,C010,P1860,9/21/2021,1478.00,30.00%
P2126,Beauty,Makeup,Kajal,Krayons,Onesize,Blue,2.00,,,,,OD2126,C011,P1861,7/28/2021,256.00,30.00%
P2127,Beauty,Makeup,Kajal,Krayons,Onesize,Yellow,5.00,,,,,OD2127,C012,P1862,4/6/2021,2698.00,40.00%
P2128,Beauty,Makeup,Kajal,Krayons,Onesize,Teal,5.00,,,,,OD2128,C013,P1863,12/9/2022,2364.00,40.00%
P2129,Beauty,Makeup,Kajal,Krayons,Onesize,Black,4.00,,,,,OD2129,C014,P1864,11/4/2021,1236.00,40.00%
P2130,Beauty,Makeup,Eyeliner,Maybelline,Onesize,Black,4.00,,,,,OD2130,C015,P1864,1/9/2022,756.00,40.00%
P2131,Beauty,Makeup,Eyeliner,Maybelline,Onesize,Black,4.00,,,,,OD2131,C016,P1864,9/18/2021,326.00,40.00%
P2132,Beauty,Makeup,Eyeliner,Maybelline,Onesize,Black,3.00,,,,,OD2132,C017,P1864,7/16/2021,453.00,40.00%
P2133,Beauty,Makeup,Eyeliner,Maybelline,Onesize,Blue,5.00,,,,,OD2133,C018,P1864,10/24/2021,326.00,45.00%
P2134,Beauty,Makeup,Eyeliner,Maybelline,Onesize,Blue,4.00,,,,,OD2134,C019,P1864,3/25/2023,456.00,45.00%
P2135,Beauty,Makeup,Eyeliner,Maybelline,Onesize,Green,2.00,,,,,OD2135,C020,P1864,3/13/2022,456.00,45.00%
P2136,Beauty,Makeup,Eyeliner,Maybelline,Onesize,Green,5.00,,,,,OD2136,C021,P1865,4/10/2022,456.00,47.00%
P2137,Beauty,Makeup,Eyeliner,Maybelline,Onesize,Brown,5.00,,,,,OD2137,C022,P1866,9/5/2021,456.00,47.00%
P2138,Beauty,Makeup,Eyeliner,Maybelline,Onesize,Brown,5.00,,,,,OD2138,C023,P1867,11/24/2022,236.00,46.00%
P2139,Beauty,Makeup,Eyeliner,Maybelline,Onesize,Black,4.00,,,,,OD2139,C024,P1868,4/29/2022,996.00,46.00%
P2140,Beauty,Makeup,Eyeliner,Maybelline,Onesize,Black,4.00,,,,,OD2140,C025,P1869,2/24/2021,654.00,46.00%
P2141,Beauty,Makeup,Eyeliner,Lakme,Onesize,Black,4.00,,,,,OD2141,C026,P1870,2/28/2021,456.00,30.00%
P2142,Beauty,Makeup,Eyeliner,Lakme,Onesize,Silver,5.00,,,,,OD2142,C027,P1871,5/3/2022,785.00,30.00%
P2143,Beauty,Makeup,Eyeliner,Lakme,Onesize,Silver,5.00,,,,,OD2143,C028,P1872,12/18/2021,365.00,30.00%
P2144,Beauty,Makeup,Eyeliner,Lakme,Onesize,Silver,3.00,,,,,OD2144,C029,P1873,4/7/2022,965.00,30.00%
P2145,Beauty,Makeup,Eyeliner,Lakme,Onesize,Silver,5.00,,,,,OD2145,C030,P1874,11/19/2021,444.00,30.00%
P2146,Beauty,Makeup,Eyeliner,Lakme,Onesize,Grey,5.00,,,,,OD2146,C031,P1875,6/6/2021,569.00,35.00%
P2147,Beauty,Makeup,Eyeliner,Lakme,Onesize,Grey,4.00,,,,,OD2147,C032,P1876,2/18/2021,475.00,35.00%
P2148,Beauty,Makeup,Eyeliner,Faces Canada,Onesize,Grey,3.00,,,,,OD2148,C033,P1877,10/14/2021,598.00,35.00%
P2149,Beauty,Makeup,Eyeliner,Faces Canada,Onesize,Black,5.00,,,,,OD2149,C034,P1878,8/16/2022,536.00,35.00%
P2150,Beauty,Makeup,Eyeliner,Faces Canada,Onesize,Black,4.00,,,,,OD2150,C035,P1879,9/1/2021,256.00,35.00%
P2151,Beauty,Makeup,Eyeliner,Faces Canada,Onesize,Black,3.00,,,,,OD2151,C036,P1880,8/19/2022,456.00,35.00%
P2152,Beauty,Makeup,Eyeliner,Faces Canada,Onesize,Black,5.00,,,,,OD2152,C037,P1881,3/6/2022,456.00,40.00%
P2153,Beauty,Makeup,Eyeliner,Krayons,Onesize,Black,5.00,,,,,OD2153,C038,P1882,6/13/2022,745.00,40.00%
P2154,Beauty,Makeup,Eyeliner,Krayons,Onesize,Black,4.00,,,,,OD2154,C039,P1883,2/15/2023,356.00,15.00%
P2155,Beauty,Makeup,Eyeliner,Krayons,Onesize,White,2.00,,,,,OD2155,C040,P1884,9/10/2021,1189.00,15.00%
P2156,Beauty,Makeup,Eyeliner,Krayons,Onesize,White,3.00,,,,,OD2156,C041,P1885,12/24/2021,426.00,15.00%
P2157,Beauty,Makeup,Eyeliner,Krayons,Onesize,White,4.00,,,,,OD2157,C042,P1886,4/1/2022,1126.00,12.00%
P2158,Beauty,Makeup,Eyeliner,Krayons,Onesize,Brown,5.00,,,,,OD2158,C043,P1887,5/1/2022,1145.00,12.00%
P2159,Beauty,Makeup,Eyeliner,M.A.C,Onesize,Brown,4.00,,,,,OD2159,C044,P1888,8/18/2021,1235.00,12.00%
P2160,Beauty,Makeup,Eyeliner,M.A.C,Onesize,Blue,4.00,,,,,OD2160,C045,P1889,8/22/2022,1564.00,34.00%
P2161,Beauty,Makeup,Eyeliner,M.A.C,Onesize,Blue,4.00,,,,,OD2161,C046,P1890,3/22/2022,654.00,34.00%
P2162,Beauty,Makeup,Eyeliner,M.A.C,Onesize,Black,3.00,,,,,OD2162,C047,P1891,3/28/2022,854.00,34.00%
P2163,Beauty,Makeup,Eyeliner,M.A.C,Onesize,Black,2.00,,,,,OD2163,C048,P1892,1/16/2023,475.00,34.00%
P2164,Beauty,Makeup,Mascara,Swiss Beauty,Onesize,Black,5.00,,,,,OD2164,C049,P1892,6/2/2022,349.00,34.00%
P2165,Beauty,Makeup,Mascara,Swiss Beauty,Onesize,Black,4.00,,,,,OD2165,C050,P1892,2/27/2023,350.00,34.00%
P2166,Beauty,Makeup,Mascara,Swiss Beauty,Onesize,Black,2.00,,,,,OD2166,C051,P1892,1/26/2023,351.00,44.00%
P2167,Beauty,Makeup,Mascara,Swiss Beauty,Onesize,Black,5.00,,,,,OD2167,C052,P1892,9/28/2022,352.00,44.00%
P2168,Beauty,Makeup,Mascara,Swiss Beauty,Onesize,Black,5.00,,,,,OD2168,C053,P1892,6/14/2021,353.00,44.00%
P2169,Beauty,Makeup,Mascara,Swiss Beauty,Onesize,Brown,4.00,,,,,OD2169,C054,P1893,8/24/2022,354.00,44.00%
P2170,Beauty,Makeup,Mascara,Faces Canada,Onesize,Brown,4.00,,,,,OD2170,C055,P1894,7/30/2021,355.00,44.00%
P2171,Beauty,Makeup,Mascara,Faces Canada,Onesize,Brown,4.00,,,,,OD2171,C056,P1895,2/7/2022,356.00,10.00%
P2172,Beauty,Makeup,Mascara,Faces Canada,Onesize,Blue,3.00,,,,,OD2172,C057,P1896,3/7/2021,999.00,10.00%
P2173,Beauty,Makeup,Mascara,Faces Canada,Onesize,Blue,5.00,,,,,OD2173,C058,P1897,4/28/2022,555.00,10.00%
P2174,Beauty,Makeup,Mascara,Faces Canada,Onesize,Blue,4.00,,,,,OD2174,C059,P1898,12/10/2021,555.00,30.00%
P2175,Beauty,Makeup,Mascara,Faces Canada,Onesize,Blue,2.00,,,,,OD2175,C060,P1899,4/17/2022,555.00,30.00%
P2176,Beauty,Makeup,Mascara,Faces Canada,Onesize,Purple,5.00,,,,,OD2176,C061,P1900,1/27/2021,555.00,30.00%
P2177,Beauty,Makeup,Mascara,Faces Canada,Onesize,Purple,5.00,,,,,OD2177,C062,P1901,1/28/2022,1025.00,25.00%
P2178,Beauty,Makeup,Mascara,Faces Canada,Onesize,Purple,5.00,,,,,OD2178,C063,P1902,4/26/2022,1025.00,25.00%
P2179,Beauty,Makeup,Mascara,Faces Canada,Onesize,Purple,4.00,,,,,OD2179,C064,P1903,11/13/2021,1025.00,30.00%
P2180,Beauty,Makeup,Mascara,Faces Canada,Onesize,White,4.00,,,,,OD2180,C065,P1904,2/14/2023,555.00,30.00%
P2181,Beauty,Makeup,Mascara,Faces Canada,Onesize,White,4.00,,,,,OD2181,C066,P1905,7/13/2021,599.00,30.00%
P2182,Beauty,Makeup,Mascara,Faces Canada,Onesize,White,5.00,,,,,OD2182,C067,P1906,2/12/2022,555.00,40.00%
P2183,Beauty,Makeup,Mascara,Faces Canada,Onesize,Peach,5.00,,,,,OD2183,C068,P1907,5/2/2022,555.00,40.00%
P2184,Beauty,Makeup,Mascara,Maybelline,Onesize,Peach,3.00,,,,,OD2184,C069,P1908,1/26/2022,565.00,40.00%
P2185,Beauty,Makeup,Mascara,Maybelline,Onesize,Peach,5.00,,,,,OD2185,C070,P1909,9/14/2021,555.00,40.00%
P2186,Beauty,Makeup,Mascara,Maybelline,Onesize,Gold,5.00,,,,,OD2186,C071,P1910,1/15/2023,999.00,40.00%
P2187,Beauty,Makeup,Mascara,Maybelline,Onesize,Gold,4.00,,,,,OD2187,C072,P1911,1/27/2022,999.00,40.00%
P2188,Beauty,Makeup,Mascara,Maybelline,Onesize,Gold,3.00,,,,,OD2188,C073,P1912,4/2/2022,999.00,45.00%
P2189,Beauty,Makeup,Mascara,Loreal,Onesize,Gold,4.00,,,,,OD2189,C074,P1913,1/12/2021,999.00,45.00%
P2190,Beauty,Makeup,Mascara,Loreal,Onesize,Black,5.00,,,,,OD2190,C075,P1914,10/28/2022,1119.00,45.00%
P2191,Beauty,Makeup,Mascara,Loreal,Onesize,Black,3.00,,,,,OD2191,C076,P1915,7/19/2022,1119.00,47.00%
P2192,Beauty,Makeup,Mascara,Loreal,Onesize,Black,2.00,,,,,OD2192,C077,P1916,8/5/2022,1119.00,47.00%
P2193,Beauty,Makeup,Mascara,Loreal,Onesize,Blue,5.00,,,,,OD2193,C078,P1917,5/6/2021,1119.00,46.00%
P2194,Beauty,Makeup,Mascara,Loreal,Onesize,Blue,4.00,,,,,OD2194,C079,P1918,3/7/2021,985.00,46.00%
P2195,Beauty,Makeup,Mascara,Loreal,Onesize,Blue,3.00,,,,,OD2195,C080,P1919,8/14/2022,985.00,46.00%
P2196,Beauty,Makeup,Mascara,Loreal,Onesize,Brown,5.00,,,,,OD2196,C081,P1920,4/2/2022,985.00,30.00%
P2197,Beauty,Makeup,Mascara,Loreal,Onesize,Brown,4.00,,,,,OD2197,C082,P1921,4/25/2022,985.00,30.00%
P2198,Beauty,Makeup,Mascara,Loreal,Onesize,Brown,2.00,,,,,OD2198,C083,P1922,2/25/2023,985.00,30.00%
P2199,Beauty,Makeup,Mascara,Loreal,Onesize,Brown,5.00,,,,,OD2199,C084,P1923,1/11/2021,369.00,30.00%
P2200,Beauty,Makeup,Mascara,Loreal,Onesize,White,5.00,,,,,OD2200,C085,P1924,5/2/2021,399.00,30.00%
P2201,Beauty,Makeup,Mascara,Loreal,Onesize,White,4.00,,,,,OD2201,C086,P1925,9/9/2021,399.00,35.00%
P2202,Beauty,Makeup,Compact,Maybelline,Onesize,White,4.00,,,,,OD2202,C087,P1926,1/29/2021,399.00,35.00%
P2203,Beauty,Makeup,Compact,Maybelline,Onesize,White,4.00,,,,,OD2203,C088,P1927,3/1/2023,399.00,35.00%
P2204,Beauty,Makeup,Compact,Maybelline,Onesize,Beige,3.00,,,,,OD2204,C089,P1928,7/3/2021,555.00,35.00%
P2205,Beauty,Makeup,Compact,Maybelline,Onesize,Beige,5.00,,,,,OD2205,C090,P1928,9/17/2021,555.00,35.00%
P2206,Beauty,Makeup,Compact,Maybelline,Onesize,Beige,4.00,,,,,OD2206,C091,P1928,9/2/2021,555.00,35.00%
P2207,Beauty,Makeup,Compact,Maybelline,Onesize,Beige,2.00,,,,,OD2207,C092,P1928,2/17/2022,555.00,40.00%
P2208,Beauty,Makeup,Compact,Lakme,Onesize,Beige,5.00,,,,,OD2208,C093,P1928,6/8/2021,675.00,40.00%
P2209,Beauty,Makeup,Compact,Lakme,Onesize,Nude,5.00,,,,,OD2209,C094,P1928,6/16/2021,675.00,15.00%
P2210,Beauty,Makeup,Compact,Lakme,Onesize,Nude,5.00,,,,,OD2210,C095,P1929,10/27/2022,675.00,15.00%
P2211,Beauty,Makeup,Compact,Lakme,Onesize,Nude,4.00,,,,,OD2211,C096,P1930,1/15/2023,654.00,15.00%
P2212,Beauty,Makeup,Compact,Lakme,Onesize,Nude,4.00,,,,,OD2212,C097,P1931,3/19/2021,654.00,35.00%
P2213,Beauty,Makeup,Compact,Lakme,Onesize,Nude,4.00,,,,,OD2213,C098,P1932,11/9/2022,654.00,35.00%
P2214,Beauty,Makeup,Compact,Lakme,Onesize,Brown,5.00,,,,,OD2214,C099,P1933,7/24/2021,654.00,35.00%
P2215,Beauty,Makeup,Compact,Lakme,Onesize,Brown,5.00,,,,,OD2215,C100,P1934,7/4/2022,356.00,35.00%
P2216,Beauty,Makeup,Compact,MyGlamm,Onesize,Brown,3.00,,,,,OD2216,C001,P1935,2/21/2022,686.00,55.00%
P2217,Beauty,Makeup,Compact,MyGlamm,Onesize,Brown,5.00,,,,,OD2217,C002,P1936,6/15/2022,456.00,55.00%
P2218,Beauty,Makeup,Compact,MyGlamm,Onesize,Brown,5.00,,,,,OD2218,C003,P1937,8/26/2022,516.00,55.00%
P2219,Beauty,Makeup,Compact,MyGlamm,Onesize,Cream,4.00,,,,,OD2219,C004,P1938,3/12/2022,355.00,55.00%
P2220,Beauty,Makeup,Compact,Ponds,Onesize,Cream,3.00,,,,,OD2220,C005,P1939,2/15/2022,465.00,50.00%
P2221,Beauty,Makeup,Compact,Ponds,Onesize,Cream,5.00,,,,,OD2221,C006,P1940,9/3/2022,965.00,50.00%
P2222,Beauty,Makeup,Compact,Ponds,Onesize,Cream,4.00,,,,,OD2222,C007,P1941,9/1/2022,1158.00,50.00%
P2223,Beauty,Makeup,Compact,Ponds,Onesize,Cream,3.00,,,,,OD2223,C008,P1942,7/6/2021,264.00,50.00%
P2224,Beauty,Makeup,Compact,Ponds,Onesize,White,5.00,,,,,OD2224,C009,P1943,4/3/2021,433.00,50.00%
P2225,Beauty,Makeup,Compact,Ponds,Onesize,White,5.00,,,,,OD2225,C010,P1944,9/24/2022,562.00,30.00%
P2226,Beauty,Makeup,Compact,Ponds,Onesize,White,4.00,,,,,OD2226,C011,P1945,2/19/2021,423.00,32.00%
P2227,Beauty,Makeup,Compact,Ponds,Onesize,Beige,2.00,,,,,OD2227,C012,P1946,9/12/2022,621.00,25.00%
P2228,Beauty,Makeup,Compact,Faces Canada,Onesize,Beige,3.00,,,,,OD2228,C013,P1947,10/26/2021,333.00,45.00%
P2229,Beauty,Makeup,Compact,Faces Canada,Onesize,Beige,4.00,,,,,OD2229,C014,P1948,9/27/2022,236.00,15.00%
P2230,Beauty,Makeup,Compact,Faces Canada,Onesize,Beige,5.00,,,,,OD2230,C015,P1949,9/12/2021,456.00,33.00%
P2231,Beauty,Makeup,Compact,Faces Canada,Onesize,Beige,4.00,,,,,OD2231,C016,P1950,5/16/2021,963.00,42.00%
P2232,Beauty,Makeup,Compact,Faces Canada,Onesize,Nude,4.00,,,,,OD2232,C017,P1951,3/4/2022,234.00,42.00%
P2233,Beauty,Makeup,Compact,Faces Canada,Onesize,Nude,4.00,,,,,OD2233,C018,P1952,3/19/2023,456.00,39.00%
P2234,Beauty,Makeup,Compact,Faces Canada,Onesize,Nude,3.00,,,,,OD2234,C019,P1953,12/17/2021,564.00,39.00%
P2235,Beauty,Makeup,Compact,Sugar,Onesize,Nude,2.00,,,,,OD2235,C020,P1954,5/7/2022,634.00,39.00%
P2236,Beauty,Makeup,Compact,Sugar,Onesize,Nude,5.00,,,,,OD2236,C021,P1955,8/31/2022,236.00,39.00%
P2237,Beauty,Makeup,Compact,Sugar,Onesize,Brown,4.00,,,,,OD2237,C022,P1956,2/14/2023,444.00,30.00%
P2238,Beauty,Makeup,Compact,Sugar,Onesize,Brown,2.00,,,,,OD2238,C023,P1957,2/2/2021,456.00,30.00%
P2239,Beauty,Makeup,Compact,Sugar,Onesize,Brown,5.00,,,,,OD2239,C024,P1958,11/14/2021,963.00,30.00%
P2240,Beauty,Makeup,Compact,Mamaearth,Onesize,Brown,5.00,,,,,OD2240,C025,P1959,9/25/2021,456.00,25.00%
P2241,Beauty,Makeup,Compact,Mamaearth,Onesize,Brown,4.00,,,,,OD2241,C026,P1960,1/16/2022,1189.00,25.00%
P2242,Beauty,Makeup,Compact,Mamaearth,Onesize,Cream,4.00,,,,,OD2242,C027,P1961,11/3/2021,1298.00,30.00%
P2243,Beauty,Makeup,Compact,Mamaearth,Onesize,Cream,4.00,,,,,OD2243,C028,P1962,3/10/2022,1456.00,30.00%
P2244,Beauty,Makeup,Compact,Mamaearth,Onesize,Cream,3.00,,,,,OD2244,C029,P1963,12/12/2022,1478.00,30.00%
P2245,Beauty,Makeup,Compact,Mamaearth,Onesize,Cream,5.00,,,,,OD2245,C030,P1964,6/20/2021,256.00,40.00%
P2246,Beauty,Makeup,Nail Polish,MyGlamm,Onesize,Cream,4.00,,,,,OD2246,C031,P1965,5/4/2022,2698.00,40.00%
P2247,Beauty,Makeup,Nail Polish,MyGlamm,Onesize,Pink,2.00,,,,,OD2247,C032,P1966,3/27/2022,2364.00,40.00%
P2248,Beauty,Makeup,Nail Polish,MyGlamm,Onesize,Pink,5.00,,,,,OD2248,C033,P1967,8/20/2021,1236.00,40.00%
P2249,Beauty,Makeup,Nail Polish,MyGlamm,Onesize,Pink,5.00,,,,,OD2249,C034,P1968,6/25/2021,756.00,40.00%
P2250,Beauty,Makeup,Nail Polish,MyGlamm,Onesize,Pink,5.00,,,,,OD2250,C035,P1969,7/30/2022,326.00,40.00%
P2251,Beauty,Makeup,Nail Polish,MyGlamm,Onesize,Pink,4.00,,,,,OD2251,C036,P1970,3/30/2022,453.00,45.00%
P2252,Beauty,Makeup,Nail Polish,MyGlamm,Onesize,Pink,4.00,,,,,OD2252,C037,P1971,1/30/2023,326.00,45.00%
P2253,Beauty,Makeup,Nail Polish,MyGlamm,Onesize,Blue,4.00,,,,,OD2253,C038,P1972,3/29/2021,456.00,45.00%
P2254,Beauty,Makeup,Nail Polish,MyGlamm,Onesize,Blue,5.00,,,,,OD2254,C039,P1973,6/16/2021,675.00,47.00%
P2255,Beauty,Makeup,Nail Polish,MyGlamm,Onesize,Blue,5.00,,,,,OD2255,C040,P1974,4/9/2021,654.00,47.00%
P2256,Beauty,Makeup,Nail Polish,MyGlamm,Onesize,Green,3.00,,,,,OD2256,C041,P1975,8/31/2021,654.00,46.00%
P2257,Beauty,Makeup,Nail Polish,MyGlamm,Onesize,Green,5.00,,,,,OD2257,C042,P1976,3/11/2022,654.00,46.00%
P2258,Beauty,Makeup,Nail Polish,MyGlamm,Onesize,Green,5.00,,,,,OD2258,C043,P1977,4/27/2021,654.00,46.00%
P2259,Beauty,Makeup,Nail Polish,Faces Canada,Onesize,Brown,4.00,,,,,OD2259,C044,P1978,11/7/2022,356.00,30.00%
P2260,Beauty,Makeup,Nail Polish,Faces Canada,Onesize,Brown,3.00,,,,,OD2260,C045,P1979,3/20/2021,686.00,30.00%
P2261,Beauty,Makeup,Nail Polish,Faces Canada,Onesize,Brown,3.00,,,,,OD2261,C046,P1980,3/22/2021,456.00,30.00%
P2262,Beauty,Makeup,Nail Polish,Faces Canada,Onesize,Brown,5.00,,,,,OD2262,C047,P1981,10/11/2021,516.00,30.00%
P2263,Beauty,Makeup,Nail Polish,Faces Canada,Onesize,Purple,5.00,,,,,OD2263,C048,P1982,6/3/2022,355.00,30.00%
P2264,Beauty,Makeup,Nail Polish,Faces Canada,Onesize,Purple,4.00,,,,,OD2264,C049,P1983,7/12/2022,465.00,35.00%
P2265,Beauty,Makeup,Nail Polish,Faces Canada,Onesize,Purple,2.00,,,,,OD2265,C050,P1984,12/13/2021,965.00,35.00%
P2266,Beauty,Makeup,Nail Polish,Faces Canada,Onesize,Purple,3.00,,,,,OD2266,C051,P1985,3/20/2021,1158.00,35.00%
P2267,Beauty,Makeup,Nail Polish,Faces Canada,Onesize,Purple,4.00,,,,,OD2267,C052,P1985,10/23/2021,264.00,35.00%
P2268,Beauty,Makeup,Nail Polish,Faces Canada,Onesize,Nude,5.00,,,,,OD2268,C053,P1985,5/24/2022,433.00,35.00%
P2269,Beauty,Makeup,Nail Polish,Faces Canada,Onesize,Nude,4.00,,,,,OD2269,C054,P1985,6/23/2022,562.00,35.00%
P2270,Beauty,Makeup,Nail Polish,Faces Canada,Onesize,Nude,4.00,,,,,OD2270,C055,P1985,9/14/2022,423.00,40.00%
P2271,Beauty,Makeup,Nail Polish,Krayons,Onesize,Nude,4.00,,,,,OD2271,C056,P1985,4/24/2021,621.00,40.00%
P2272,Beauty,Makeup,Nail Polish,Krayons,Onesize,Nude,3.00,,,,,OD2272,C057,P1985,4/24/2021,333.00,15.00%
P2273,Beauty,Makeup,Nail Polish,Krayons,Onesize,Nude,2.00,,,,,OD2273,C058,P1985,7/18/2022,236.00,15.00%
P2274,Beauty,Makeup,Nail Polish,Krayons,Onesize,Nude,5.00,,,,,OD2274,C059,P1986,3/27/2023,456.00,15.00%
P2275,Beauty,Makeup,Nail Polish,Krayons,Onesize,Magenta,4.00,,,,,OD2275,C060,P1987,6/8/2021,963.00,34.00%
P2276,Beauty,Makeup,Nail Polish,Krayons,Onesize,Magenta,2.00,,,,,OD2276,C061,P1988,8/9/2022,234.00,34.00%
P2277,Beauty,Makeup,Nail Polish,Lakme,Onesize,Magenta,5.00,,,,,OD2277,C062,P1989,12/27/2022,456.00,34.00%
P2278,Beauty,Makeup,Nail Polish,Lakme,Onesize,Magenta,5.00,,,,,OD2278,C063,P1990,10/17/2021,564.00,34.00%
P2279,Beauty,Makeup,Nail Polish,Lakme,Onesize,Pink,4.00,,,,,OD2279,C064,P1991,2/5/2021,634.00,34.00%
P2280,Beauty,Makeup,Nail Polish,Lakme,Onesize,Pink,4.00,,,,,OD2280,C065,P1992,12/29/2022,236.00,34.00%
P2281,Beauty,Makeup,Nail Polish,Lakme,Onesize,Pink,4.00,,,,,OD2281,C066,P1993,2/9/2022,444.00,44.00%
P2282,Beauty,Makeup,Nail Polish,Lakme,Onesize,Pink,3.00,,,,,OD2282,C067,P1994,9/10/2022,456.00,44.00%
P2283,Beauty,Makeup,Nail Polish,Lakme,Onesize,Pink,5.00,,,,,OD2283,C068,P1995,2/21/2022,963.00,44.00%
P2284,Beauty,Makeup,Nail Polish,Lakme,Onesize,Red,4.00,,,,,OD2284,C069,P1996,6/25/2022,456.00,44.00%
P2285,Beauty,Makeup,Nail Polish,Lakme,Onesize,Red,2.00,,,,,OD2285,C070,P1997,3/22/2021,1189.00,44.00%
P2286,Beauty,Makeup,Nail Polish,Swiss Beauty,Onesize,Red,5.00,,,,,OD2286,C071,P1998,9/22/2021,1298.00,10.00%
P2287,Beauty,Makeup,Nail Polish,Swiss Beauty,Onesize,Red,5.00,,,,,OD2287,C072,P1999,7/14/2021,1456.00,10.00%
P2288,Beauty,Makeup,Nail Polish,Swiss Beauty,Onesize,Brown,5.00,,,,,OD2288,C073,P2000,10/1/2021,1478.00,10.00%
P2289,Beauty,Makeup,Nail Polish,Swiss Beauty,Onesize,Brown,4.00,,,,,OD2289,C074,P2001,2/13/2021,256.00,30.00%
P2290,Beauty,Makeup,Nail Polish,Swiss Beauty,Onesize,Brown,4.00,,,,,OD2290,C075,P2002,11/24/2022,2698.00,30.00%
P2291,Beauty,Makeup,Nail Polish,Swiss Beauty,Onesize,Brown,4.00,,,,,OD2291,C076,P2003,9/8/2021,2364.00,30.00%
P2292,Beauty,Makeup,Nail Polish,Swiss Beauty,Onesize,Brown,5.00,,,,,OD2292,C077,P2004,4/2/2022,1236.00,25.00%
P2293,Beauty,Makeup,Nail Polish,Swiss Beauty,Onesize,Brown,5.00,,,,,OD2293,C078,P2005,1/17/2023,756.00,25.00%
P2294,Beauty,Makeup,Nail Polish,Swiss Beauty,Onesize,Teal,3.00,,,,,OD2294,C079,P2006,1/12/2021,326.00,30.00%
P2295,Beauty,Makeup,Nail Polish,Swiss Beauty,Onesize,Teal,5.00,,,,,OD2295,C080,P2007,12/20/2022,453.00,30.00%
P2296,Beauty,Makeup,Nail Polish,Swiss Beauty,Onesize,Teal,5.00,,,,,OD2296,C081,P2008,7/30/2021,326.00,30.00%
P2297,Beauty,Makeup,Nail Polish,Swiss Beauty,Onesize,Teal,4.00,,,,,OD2297,C082,P2009,5/5/2021,456.00,40.00%
P2298,Beauty,Makeup,Nail Polish,Swiss Beauty,Onesize,Sea Green,3.00,,,,,OD2298,C083,P2010,12/6/2022,675.00,40.00%
P2299,Beauty,Makeup,Nail Polish,Plum,Onesize,Sea Green,4.00,,,,,OD2299,C084,P2011,7/9/2022,654.00,40.00%
P2300,Beauty,Makeup,Nail Polish,Plum,Onesize,Sea Green,4.00,,,,,OD2300,C085,P2012,10/9/2021,654.00,40.00%
P2301,Beauty,Makeup,Nail Polish,Plum,Onesize,Sea Green,4.00,,,,,OD2301,C086,P2013,1/11/2022,654.00,40.00%
P2302,Beauty,Makeup,Nail Polish,Plum,Onesize,Sea Green,4.00,,,,,OD2302,C087,P2014,5/28/2021,654.00,40.00%
P2303,Beauty,Makeup,Nail Polish,Plum,Onesize,Red,4.00,,,,,OD2303,C088,P2015,11/24/2022,356.00,45.00%
P2304,Beauty,Makeup,Nail Polish,Plum,Onesize,Red,4.00,,,,,OD2304,C089,P2016,12/6/2021,686.00,45.00%
P2305,Beauty,Makeup,Nail Polish,Plum,Onesize,Red,4.00,,,,,OD2305,C090,P2017,3/23/2022,456.00,45.00%
P2306,Beauty,Skincare,Sunscreen,Mamaearth,Onesize,White,5.00,,,,,OD2306,C091,P2018,5/15/2022,516.00,47.00%
P2307,Beauty,Skincare,Sunscreen,Mamaearth,Onesize,White,3.00,,,,,OD2307,C092,P2019,2/7/2021,355.00,47.00%
P2308,Beauty,Skincare,Sunscreen,Mamaearth,Onesize,White,2.00,,,,,OD2308,C093,P2020,6/3/2021,465.00,46.00%
P2309,Beauty,Skincare,Sunscreen,Mamaearth,Onesize,Off white,5.00,,,,,OD2309,C094,P2021,1/18/2023,965.00,46.00%
P2310,Beauty,Skincare,Sunscreen,Mamaearth,Onesize,Off white,4.00,,,,,OD2310,C095,P2022,2/8/2021,1158.00,46.00%
P2311,Beauty,Skincare,Sunscreen,Mamaearth,Onesize,Off white,3.00,,,,,OD2311,C096,P2023,7/1/2022,264.00,30.00%
P2312,Beauty,Skincare,Sunscreen,Mamaearth,Onesize,Yellow,5.00,,,,,OD2312,C097,P2024,1/9/2021,433.00,30.00%
P2313,Beauty,Skincare,Sunscreen,Lakme,Onesize,Yellow,4.00,,,,,OD2313,C098,P2025,11/30/2022,562.00,30.00%
P2314,Beauty,Skincare,Sunscreen,Lakme,Onesize,Yellow,2.00,,,,,OD2314,C099,P2026,1/17/2021,423.00,30.00%
P2315,Beauty,Skincare,Sunscreen,Lakme,Onesize,White,5.00,,,,,OD2315,C100,P2027,3/17/2023,621.00,30.00%
P2316,Beauty,Skincare,Sunscreen,Lakme,Onesize,White,5.00,,,,,OD2316,C001,P2028,10/13/2022,333.00,35.00%
P2317,Beauty,Skincare,Sunscreen,Lakme,Onesize,Off white,4.00,,,,,OD2317,C002,P2029,2/13/2022,236.00,35.00%
P2318,Beauty,Skincare,Sunscreen,Lakme,Onesize,Off white,4.00,,,,,OD2318,C003,P2030,3/19/2022,456.00,35.00%
P2319,Beauty,Skincare,Sunscreen,Lakme,Onesize,Cream,4.00,,,,,OD2319,C004,P2031,10/18/2022,963.00,35.00%
P2320,Beauty,Skincare,Sunscreen,Lakme,Onesize,Cream,3.00,,,,,OD2320,C005,P2032,6/13/2021,234.00,35.00%
P2321,Beauty,Skincare,Sunscreen,Minimalist,Onesize,Cream,5.00,,,,,OD2321,C006,P2033,8/16/2022,456.00,35.00%
P2322,Beauty,Skincare,Sunscreen,Minimalist,Onesize,Cream,4.00,,,,,OD2322,C007,P2034,2/18/2023,564.00,40.00%
P2323,Beauty,Skincare,Sunscreen,Minimalist,Onesize,Off white,2.00,,,,,OD2323,C008,P2035,11/11/2021,634.00,40.00%
P2324,Beauty,Skincare,Sunscreen,Minimalist,Onesize,Off white,5.00,,,,,OD2324,C009,P2036,10/26/2021,236.00,15.00%
P2325,Beauty,Skincare,Sunscreen,Minimalist,Onesize,Off white,5.00,,,,,OD2325,C010,P2037,4/10/2021,444.00,15.00%
P2326,Beauty,Skincare,Sunscreen,Minimalist,Onesize,Off white,5.00,,,,,OD2326,C011,P2038,4/13/2021,456.00,15.00%
P2327,Beauty,Skincare,Sunscreen,Minimalist,Onesize,Off white,4.00,,,,,OD2327,C012,P2038,12/11/2022,963.00,35.00%
P2328,Beauty,Skincare,Sunscreen,Minimalist,Onesize,Off white,4.00,,,,,OD2328,C013,P2038,4/29/2021,456.00,35.00%
P2329,Beauty,Skincare,Sunscreen,Lotus Herbals,Onesize,Cream,4.00,,,,,OD2329,C014,P2038,9/3/2021,1189.00,35.00%
P2330,Beauty,Skincare,Sunscreen,Lotus Herbals,Onesize,Cream,5.00,,,,,OD2330,C015,P2038,8/13/2021,1298.00,35.00%
P2331,Beauty,Skincare,Sunscreen,Lotus Herbals,Onesize,Cream,5.00,,,,,OD2331,C016,P2038,8/30/2021,1456.00,55.00%
P2332,Beauty,Skincare,Sunscreen,Lotus Herbals,Onesize,Cream,3.00,,,,,OD2332,C017,P2038,3/18/2021,1478.00,55.00%
P2333,Beauty,Skincare,Sunscreen,Lotus Herbals,Onesize,Mustard,5.00,,,,,OD2333,C018,P2039,2/25/2021,256.00,55.00%
P2334,Beauty,Skincare,Sunscreen,Lotus Herbals,Onesize,Mustard,5.00,,,,,OD2334,C019,P2040,7/19/2022,2698.00,55.00%
P2335,Beauty,Skincare,Sunscreen,Lotus Herbals,Onesize,Mustard,4.00,,,,,OD2335,C020,P2041,4/24/2021,2364.00,50.00%
P2336,Beauty,Skincare,Sunscreen,Lotus Herbals,Onesize,Mustard,3.00,,,,,OD2336,C021,P2042,1/25/2021,1236.00,50.00%
P2337,Beauty,Skincare,Sunscreen,Lotus Herbals,Onesize,White,5.00,,,,,OD2337,C022,P2043,1/2/2021,756.00,50.00%
P2338,Beauty,Skincare,Sunscreen,Lotus Herbals,Onesize,White,4.00,,,,,OD2338,C023,P2044,4/18/2022,326.00,50.00%
P2339,Beauty,Skincare,Sunscreen,Lotus Herbals,Onesize,White,3.00,,,,,OD2339,C024,P2045,1/20/2023,453.00,50.00%
P2340,Beauty,Skincare,Sunscreen,Lotus Herbals,Onesize,White,5.00,,,,,OD2340,C025,P2046,4/29/2022,326.00,30.00%
P2341,Beauty,Skincare,Sunscreen,Lotus Herbals,Onesize,White,5.00,,,,,OD2341,C026,P2047,7/26/2022,456.00,32.00%
P2342,Beauty,Skincare,Sunscreen,Lotus Herbals,Onesize,Cream,4.00,,,,,OD2342,C027,P2048,1/16/2021,456.00,25.00%
P2343,Beauty,Skincare,Sunscreen,Lotus Herbals,Onesize,Cream,2.00,,,,,OD2343,C028,P2049,4/10/2021,456.00,45.00%
P2344,Beauty,Skincare,Sunscreen,Lotus Herbals,Onesize,Cream,3.00,,,,,OD2344,C029,P2050,5/28/2022,456.00,15.00%
P2345,Beauty,Skincare,Sunscreen,Lotus Herbals,Onesize,Cream,4.00,,,,,OD2345,C030,P2051,6/21/2021,236.00,33.00%
P2346,Beauty,Skincare,Body Lotion,Nivea,Onesize,Cream,5.00,,,,,OD2346,C031,P2052,2/21/2022,996.00,42.00%
P2347,Beauty,Skincare,Body Lotion,Nivea,Onesize,Cream,4.00,,,,,OD2347,C032,P2053,7/22/2021,654.00,42.00%
P2348,Beauty,Skincare,Body Lotion,Nivea,Onesize,Cream,4.00,,,,,OD2348,C033,P2054,8/2/2021,965.00,39.00%
P2349,Beauty,Skincare,Body Lotion,Nivea,Onesize,White,4.00,,,,,OD2349,C034,P2055,3/31/2021,1158.00,39.00%
P2350,Beauty,Skincare,Body Lotion,Nivea,Onesize,White,3.00,,,,,OD2350,C035,P2056,6/21/2022,264.00,39.00%
P2351,Beauty,Skincare,Body Lotion,Nivea,Onesize,White,2.00,,,,,OD2351,C036,P2057,3/17/2021,433.00,39.00%
P2352,Beauty,Skincare,Body Lotion,Mamaearth,Onesize,White,5.00,,,,,OD2352,C037,P2058,12/30/2022,562.00,30.00%
P2353,Beauty,Skincare,Body Lotion,Mamaearth,Onesize,White,4.00,,,,,OD2353,C038,P2059,4/12/2022,423.00,30.00%
P2354,Beauty,Skincare,Body Lotion,Mamaearth,Onesize,White,2.00,,,,,OD2354,C039,P2060,1/29/2022,621.00,30.00%
P2355,Beauty,Skincare,Body Lotion,Mamaearth,Onesize,White,5.00,,,,,OD2355,C040,P2061,10/3/2021,333.00,25.00%
P2356,Beauty,Skincare,Body Lotion,Mamaearth,Onesize,Off white,5.00,,,,,OD2356,C041,P2062,8/19/2022,236.00,25.00%
P2357,Beauty,Skincare,Body Lotion,Mamaearth,Onesize,Off white,4.00,,,,,OD2357,C042,P2063,1/27/2023,456.00,30.00%
P2358,Beauty,Skincare,Body Lotion,Mamaearth,Onesize,Off white,4.00,,,,,OD2358,C043,P2063,2/11/2022,963.00,30.00%
P2359,Beauty,Skincare,Body Lotion,Mamaearth,Onesize,Off white,4.00,,,,,OD2359,C044,P2063,5/25/2022,234.00,30.00%
P2360,Beauty,Skincare,Body Lotion,Mamaearth,Onesize,Off white,3.00,,,,,OD2360,C045,P2063,1/16/2021,456.00,40.00%
P2361,Beauty,Skincare,Body Lotion,Mamaearth,Onesize,Off white,5.00,,,,,OD2361,C046,P2063,2/3/2023,564.00,40.00%
P2362,Beauty,Skincare,Body Lotion,Mamaearth,Onesize,Cream,4.00,,,,,OD2362,C047,P2063,2/14/2023,634.00,40.00%
P2363,Beauty,Skincare,Body Lotion,Parachute,Onesize,Cream,2.00,,,,,OD2363,C048,P2064,6/27/2022,236.00,40.00%
P2364,Beauty,Skincare,Body Lotion,Parachute,Onesize,Cream,5.00,,,,,OD2364,C049,P2065,9/2/2022,444.00,40.00%
P2365,Beauty,Skincare,Body Lotion,Parachute,Onesize,Cream,5.00,,,,,OD2365,C050,P2066,10/12/2022,456.00,40.00%
P2366,Beauty,Skincare,Body Lotion,Parachute,Onesize,Cream,5.00,,,,,OD2366,C051,P2067,12/7/2021,963.00,45.00%
P2367,Beauty,Skincare,Body Lotion,Parachute,Onesize,Pink,4.00,,,,,OD2367,C052,P2068,2/4/2023,456.00,45.00%
P2368,Beauty,Skincare,Body Lotion,Parachute,Onesize,Pink,4.00,,,,,OD2368,C053,P2069,9/24/2021,1189.00,45.00%
P2369,Beauty,Skincare,Body Lotion,Parachute,Onesize,Pink,4.00,,,,,OD2369,C054,P2070,1/11/2021,1298.00,47.00%
P2370,Beauty,Skincare,Body Lotion,Vaseline,Onesize,Pink,5.00,,,,,OD2370,C055,P2071,5/21/2022,1456.00,47.00%
P2371,Beauty,Skincare,Body Lotion,Vaseline,Onesize,Pink,5.00,,,,,OD2371,C056,P2072,7/21/2021,1478.00,46.00%
P2372,Beauty,Skincare,Body Lotion,Vaseline,Onesize,Cream,3.00,,,,,OD2372,C057,P2073,4/7/2022,256.00,46.00%
P2373,Beauty,Skincare,Body Lotion,Vaseline,Onesize,Cream,5.00,,,,,OD2373,C058,P2074,6/2/2021,2698.00,46.00%
P2374,Beauty,Skincare,Body Lotion,Vaseline,Onesize,Cream,5.00,,,,,OD2374,C059,P2075,5/19/2021,2364.00,30.00%
P2375,Beauty,Skincare,Body Lotion,Vaseline,Onesize,White,4.00,,,,,OD2375,C060,P2076,11/26/2021,1236.00,30.00%
P2376,Beauty,Skincare,Body Lotion,Vaseline,Onesize,White,3.00,,,,,OD2376,C061,P2077,1/23/2022,756.00,30.00%
P2377,Beauty,Skincare,Body Lotion,Vaseline,Onesize,White,4.00,,,,,OD2377,C062,P2078,4/19/2021,326.00,30.00%
P2378,Beauty,Skincare,Facewash,Himalaya,Onesize,Off white,5.00,,,,,OD2378,C063,P2079,11/3/2022,453.00,30.00%
P2379,Beauty,Skincare,Facewash,Himalaya,Onesize,Off white,3.00,,,,,OD2379,C064,P2080,1/18/2021,326.00,35.00%
P2380,Beauty,Skincare,Facewash,Himalaya,Onesize,Off white,2.00,,,,,OD2380,C065,P2081,2/22/2022,456.00,35.00%
P2381,Beauty,Skincare,Facewash,Himalaya,Onesize,Off white,5.00,,,,,OD2381,C066,P2082,7/8/2022,675.00,35.00%
P2382,Beauty,Skincare,Facewash,Himalaya,Onesize,Off white,4.00,,,,,OD2382,C067,P2083,2/3/2023,654.00,35.00%
P2383,Beauty,Skincare,Facewash,Himalaya,Onesize,Beige,3.00,,,,,OD2383,C068,P2084,8/4/2022,654.00,35.00%
P2384,Beauty,Skincare,Facewash,Nivea,Onesize,Beige,5.00,,,,,OD2384,C069,P2085,9/22/2022,654.00,35.00%
P2385,Beauty,Skincare,Facewash,Nivea,Onesize,Beige,4.00,,,,,OD2385,C070,P2086,5/21/2021,654.00,40.00%
P2386,Beauty,Skincare,Facewash,Nivea,Onesize,Beige,2.00,,,,,OD2386,C071,P2087,3/7/2023,356.00,40.00%
P2387,Beauty,Skincare,Facewash,Nivea,Onesize,Beige,5.00,,,,,OD2387,C072,P2088,1/16/2022,686.00,15.00%
P2388,Beauty,Skincare,Facewash,Nivea,Onesize,Beige,5.00,,,,,OD2388,C073,P2089,11/3/2022,456.00,15.00%
P2389,Beauty,Skincare,Facewash,Nivea,Onesize,Beige,4.00,,,,,OD2389,C074,P2090,4/25/2021,516.00,15.00%
P2390,Beauty,Skincare,Facewash,Nivea,Onesize,Cream,4.00,,,,,OD2390,C075,P2090,10/7/2022,355.00,30.00%
P2391,Beauty,Skincare,Facewash,Nivea,Onesize,Cream,4.00,,,,,OD2391,C076,P2090,9/22/2021,465.00,30.00%
P2392,Beauty,Skincare,Facewash,Nivea,Onesize,Cream,3.00,,,,,OD2392,C077,P2090,12/1/2022,965.00,14.00%
P2393,Beauty,Skincare,Facewash,Mamaearth,Onesize,Cream,5.00,,,,,OD2393,C078,P2090,1/12/2023,1158.00,14.00%
P2394,Beauty,Skincare,Facewash,Mamaearth,Onesize,Cream,4.00,,,,,OD2394,C079,P2090,9/13/2021,264.00,14.00%
P2395,Beauty,Skincare,Facewash,Mamaearth,Onesize,Green,2.00,,,,,OD2395,C080,P2091,6/17/2021,433.00,14.00%
P2396,Beauty,Skincare,Facewash,Mamaearth,Onesize,Green,5.00,,,,,OD2396,C081,P2092,6/1/2022,562.00,12.00%
P2397,Beauty,Skincare,Facewash,Mamaearth,Onesize,Green,5.00,,,,,OD2397,C082,P2093,4/24/2021,423.00,12.00%
P2398,Beauty,Skincare,Facewash,Mamaearth,Onesize,Green,5.00,,,,,OD2398,C083,P2094,10/23/2021,621.00,12.00%
P2399,Beauty,Skincare,Facewash,Mamaearth,Onesize,Brown,4.00,,,,,OD2399,C084,P2095,1/31/2023,333.00,12.00%
P2400,Beauty,Skincare,Facewash,Mamaearth,Onesize,Brown,4.00,,,,,OD2400,C085,P2096,9/30/2022,236.00,12.00%
P2401,Beauty,Skincare,Facewash,Mamaearth,Onesize,Brown,4.00,,,,,OD2401,C086,P2097,10/30/2022,456.00,12.00%
P2402,Beauty,Skincare,Facewash,Mamaearth,Onesize,Brown,5.00,,,,,OD2402,C087,P2098,8/20/2021,963.00,34.00%
P2403,Beauty,Skincare,Facewash,Mamaearth,Onesize,Brown,5.00,,,,,OD2403,C088,P2099,8/8/2022,234.00,34.00%
P2404,Beauty,Skincare,Facewash,Mamaearth,Onesize,Brown,3.00,,,,,OD2404,C089,P2100,1/31/2022,456.00,34.00%
P2405,Beauty,Skincare,Facewash,Loreal,Onesize,White,5.00,,,,,OD2405,C090,P2101,10/18/2021,564.00,34.00%
P2406,Beauty,Skincare,Facewash,Loreal,Onesize,White,5.00,,,,,OD2406,C091,P2102,4/3/2021,634.00,34.00%
P2407,Beauty,Skincare,Facewash,Loreal,Onesize,White,4.00,,,,,OD2407,C092,P2103,10/7/2022,236.00,34.00%
P2408,Beauty,Skincare,Facewash,Loreal,Onesize,White,3.00,,,,,OD2408,C093,P2104,3/10/2021,444.00,44.00%
P2409,Beauty,Skincare,Facewash,Loreal,Onesize,White,5.00,,,,,OD2409,C094,P2105,8/25/2022,456.00,44.00%
P2410,Beauty,Skincare,Facewash,Loreal,Onesize,White,4.00,,,,,OD2410,C095,P2106,2/14/2021,963.00,44.00%
P2411,Beauty,Skincare,Facewash,Loreal,Onesize,White,3.00,,,,,OD2411,C096,P2107,3/11/2021,456.00,44.00%
P2412,Beauty,Skincare,Facewash,Loreal,Onesize,Off white,5.00,,,,,OD2412,C097,P2108,12/13/2022,1189.00,44.00%
P2413,Beauty,Skincare,Facewash,Loreal,Onesize,Off white,5.00,,,,,OD2413,C098,P2109,12/20/2022,1298.00,10.00%
P2414,Beauty,Skincare,Facewash,Loreal,Onesize,Off white,4.00,,,,,OD2414,C099,P2110,7/31/2021,1456.00,10.00%
P2415,Beauty,Skincare,Facewash,Loreal,Onesize,Off white,2.00,,,,,OD2415,C100,P2111,3/15/2021,1478.00,10.00%
P2416,Beauty,Skincare,Facewash,Loreal,Onesize,Off white,3.00,,,,,OD2416,C001,P2112,6/20/2021,256.00,30.00%
P2417,Beauty,Skincare,Facewash,Loreal,Onesize,Off white,4.00,,,,,OD2417,C002,P2113,10/16/2021,2698.00,30.00%
P2418,Beauty,Skincare,Facewash,Loreal,Onesize,Off white,5.00,,,,,OD2418,C003,P2114,10/9/2021,2364.00,30.00%
P2419,Beauty,Skincare,Facewash,Ponds,Onesize,Black,4.00,,,,,OD2419,C004,P2115,4/1/2021,1236.00,25.00%
P2420,Beauty,Skincare,Facewash,Ponds,Onesize,Black,4.00,,,,,OD2420,C005,P2116,9/25/2021,756.00,25.00%
P2421,Beauty,Skincare,Facewash,Ponds,Onesize,Black,4.00,,,,,OD2421,C006,P2117,1/17/2021,326.00,30.00%
P2422,Beauty,Skincare,Facewash,Ponds,Onesize,Black,3.00,,,,,OD2422,C007,P2118,7/20/2021,453.00,30.00%
P2423,Beauty,Skincare,Facewash,Ponds,Onesize,Black,2.00,,,,,OD2423,C008,P2119,5/9/2022,326.00,30.00%
P2424,Beauty,Skincare,Facewash,Ponds,Onesize,Black,5.00,,,,,OD2424,C009,P2120,4/3/2022,456.00,40.00%
P2425,Beauty,Skincare,Facewash,Ponds,Onesize,Brown,4.00,,,,,OD2425,C010,P2121,2/5/2021,456.00,40.00%
P2426,Beauty,Skincare,Facewash,Ponds,Onesize,Brown,2.00,,,,,OD2426,C011,P2122,9/14/2021,456.00,40.00%
P2427,Beauty,Skincare,Facewash,Ponds,Onesize,Brown,5.00,,,,,OD2427,C012,P2123,6/21/2021,456.00,40.00%
P2428,Beauty,Skincare,Cleanser,Himalaya,Onesize,Brown,5.00,,,,,OD2428,C013,P2124,9/25/2021,236.00,40.00%
P2429,Beauty,Skincare,Cleanser,Himalaya,Onesize,Brown,4.00,,,,,OD2429,C014,P2125,6/22/2021,996.00,40.00%
P2430,Beauty,Skincare,Cleanser,Himalaya,Onesize,Blue,4.00,,,,,OD2430,C015,P2126,9/5/2021,654.00,45.00%
P2431,Beauty,Skincare,Cleanser,Himalaya,Onesize,Blue,4.00,,,,,OD2431,C016,P2127,12/25/2022,456.00,45.00%
P2432,Beauty,Skincare,Cleanser,Himalaya,Onesize,Blue,3.00,,,,,OD2432,C017,P2128,2/10/2023,785.00,45.00%
P2433,Beauty,Skincare,Cleanser,Himalaya,Onesize,Blue,5.00,,,,,OD2433,C018,P2129,5/16/2021,365.00,47.00%
P2434,Beauty,Skincare,Cleanser,Nivea,Onesize,Blue,4.00,,,,,OD2434,C019,P2130,3/29/2021,965.00,47.00%
P2435,Beauty,Skincare,Cleanser,Nivea,Onesize,Blue,2.00,,,,,OD2435,C020,P2131,3/17/2023,444.00,46.00%
P2436,Beauty,Skincare,Cleanser,Nivea,Onesize,Blue,5.00,,,,,OD2436,C021,P2132,10/9/2021,569.00,46.00%
P2437,Beauty,Skincare,Cleanser,Nivea,Onesize,Orange,5.00,,,,,OD2437,C022,P2133,11/25/2022,475.00,46.00%
P2438,Beauty,Skincare,Cleanser,Nivea,Onesize,Orange,5.00,,,,,OD2438,C023,P2134,4/22/2021,598.00,30.00%
P2439,Beauty,Skincare,Cleanser,Nivea,Onesize,Orange,4.00,,,,,OD2439,C024,P2134,7/4/2022,536.00,30.00%
P2440,Beauty,Skincare,Cleanser,Nivea,Onesize,Orange,4.00,,,,,OD2440,C025,P2134,11/11/2022,256.00,30.00%
P2441,Beauty,Skincare,Cleanser,Nivea,Onesize,Orange,4.00,,,,,OD2441,C026,P2134,3/13/2022,456.00,30.00%
P2442,Beauty,Skincare,Cleanser,Nivea,Onesize,Orange,5.00,,,,,OD2442,C027,P2134,1/18/2021,456.00,30.00%
P2443,Beauty,Skincare,Cleanser,Nivea,Onesize,Orange,5.00,,,,,OD2443,C028,P2135,10/12/2022,745.00,35.00%
P2444,Beauty,Skincare,Cleanser,Mamaearth,Onesize,Orange,3.00,,,,,OD2444,C029,P2136,5/18/2021,356.00,35.00%
P2445,Beauty,Skincare,Cleanser,Mamaearth,Onesize,Orange,5.00,,,,,OD2445,C030,P2137,6/21/2021,1189.00,35.00%
P2446,Beauty,Skincare,Cleanser,Mamaearth,Onesize,Yellow,5.00,,,,,OD2446,C031,P2138,4/23/2021,426.00,35.00%
P2447,Beauty,Skincare,Cleanser,Mamaearth,Onesize,Yellow,4.00,,,,,OD2447,C032,P2139,1/15/2022,1126.00,35.00%
P2448,Beauty,Skincare,Cleanser,Mamaearth,Onesize,Yellow,3.00,,,,,OD2448,C033,P2140,8/31/2021,1145.00,35.00%
P2449,Beauty,Skincare,Cleanser,Mamaearth,Onesize,Yellow,3.00,,,,,OD2449,C034,P2141,11/4/2021,1235.00,40.00%
P2450,Beauty,Skincare,Cleanser,Mamaearth,Onesize,Pink,5.00,,,,,OD2450,C035,P2142,1/24/2023,1564.00,40.00%
P2451,Beauty,Skincare,Cleanser,Mamaearth,Onesize,Pink,5.00,,,,,OD2451,C036,P2143,4/27/2022,654.00,15.00%
P2452,Beauty,Skincare,Cleanser,Mamaearth,Onesize,Pink,4.00,,,,,OD2452,C037,P2144,7/17/2021,854.00,15.00%
P2453,Beauty,Skincare,Cleanser,Mamaearth,Onesize,Pink,2.00,,,,,OD2453,C038,P2145,3/4/2023,475.00,15.00%
P2454,Beauty,Skincare,Cleanser,Ponds,Onesize,Pink,3.00,,,,,OD2454,C039,P2146,6/9/2022,349.00,35.00%
P2455,Beauty,Skincare,Cleanser,Ponds,Onesize,Pink,4.00,,,,,OD2455,C040,P2147,2/9/2021,350.00,35.00%
P2456,Beauty,Skincare,Cleanser,Ponds,Onesize,Beige,5.00,,,,,OD2456,C041,P2148,1/3/2021,351.00,35.00%
P2457,Beauty,Skincare,Cleanser,Ponds,Onesize,Beige,4.00,,,,,OD2457,C042,P2149,1/27/2023,352.00,35.00%
P2458,Beauty,Skincare,Cleanser,Loreal,Onesize,Beige,4.00,,,,,OD2458,C043,P2150,11/10/2022,353.00,55.00%
P2459,Beauty,Skincare,Cleanser,Loreal,Onesize,Beige,4.00,,,,,OD2459,C044,P2151,5/21/2021,354.00,55.00%
P2460,Beauty,Skincare,Cleanser,Loreal,Onesize,Gold,3.00,,,,,OD2460,C045,P2152,12/1/2021,355.00,55.00%
P2461,Beauty,Skincare,Cleanser,Loreal,Onesize,Gold,2.00,,,,,OD2461,C046,P2153,4/30/2021,356.00,55.00%
P2462,Beauty,Skincare,Cleanser,Loreal,Onesize,Gold,5.00,,,,,OD2462,C047,P2154,7/7/2021,999.00,50.00%
P2463,Beauty,Skincare,Cleanser,Loreal,Onesize,Gold,4.00,,,,,OD2463,C048,P2155,2/5/2023,555.00,50.00%
P2464,Beauty,Haircare,Shampoo,Loreal,Onesize,Gold,2.00,,,,,OD2464,C049,P2156,8/29/2021,555.00,50.00%
P2465,Beauty,Haircare,Shampoo,Loreal,Onesize,Gold,5.00,,,,,OD2465,C050,P2157,8/19/2022,555.00,50.00%
P2466,Beauty,Haircare,Shampoo,Loreal,Onesize,Grey,5.00,,,,,OD2466,C051,P2158,5/7/2021,555.00,50.00%
P2467,Beauty,Haircare,Shampoo,Loreal,Onesize,Grey,4.00,,,,,OD2467,C052,P2159,1/17/2023,1025.00,30.00%
P2468,Beauty,Haircare,Shampoo,Loreal,Onesize,Grey,4.00,,,,,OD2468,C053,P2160,12/3/2021,1025.00,32.00%
P2469,Beauty,Haircare,Shampoo,Loreal,Onesize,Grey,4.00,,,,,OD2469,C054,P2161,11/12/2022,1025.00,25.00%
P2470,Beauty,Haircare,Shampoo,Loreal,Onesize,Grey,3.00,,,,,OD2470,C055,P2162,6/3/2022,555.00,45.00%
P2471,Beauty,Haircare,Shampoo,Loreal,Onesize,White,5.00,,,,,OD2471,C056,P2163,5/9/2022,599.00,15.00%
P2472,Beauty,Haircare,Shampoo,Loreal,Onesize,White,4.00,,,,,OD2472,C057,P2164,4/5/2022,555.00,33.00%
P2473,Beauty,Haircare,Shampoo,Loreal,Onesize,White,2.00,,,,,OD2473,C058,P2165,5/28/2021,555.00,42.00%
P2474,Beauty,Haircare,Shampoo,Sunsilk,Onesize,White,5.00,,,,,OD2474,C059,P2166,2/10/2023,565.00,42.00%
P2475,Beauty,Haircare,Shampoo,Sunsilk,Onesize,White,5.00,,,,,OD2475,C060,P2167,4/14/2021,555.00,39.00%
P2476,Beauty,Haircare,Shampoo,Sunsilk,Onesize,Green,5.00,,,,,OD2476,C061,P2168,11/9/2022,999.00,39.00%
P2477,Beauty,Haircare,Shampoo,Sunsilk,Onesize,Green,4.00,,,,,OD2477,C062,P2169,7/16/2022,999.00,39.00%
P2478,Beauty,Haircare,Shampoo,Sunsilk,Onesize,Green,4.00,,,,,OD2478,C063,P2170,8/25/2022,999.00,39.00%
P2479,Beauty,Haircare,Shampoo,Sunsilk,Onesize,Green,4.00,,,,,OD2479,C064,P2171,12/26/2021,999.00,30.00%
P2480,Beauty,Haircare,Shampoo,Sunsilk,Onesize,Green,5.00,,,,,OD2480,C065,P2172,7/1/2022,1119.00,30.00%
P2481,Beauty,Haircare,Shampoo,Sunsilk,Onesize,Brown,5.00,,,,,OD2481,C066,P2173,10/30/2021,1119.00,30.00%
P2482,Beauty,Haircare,Shampoo,Sunsilk,Onesize,Brown,3.00,,,,,OD2482,C067,P2174,12/23/2022,1119.00,25.00%
P2483,Beauty,Haircare,Shampoo,Sunsilk,Onesize,Brown,5.00,,,,,OD2483,C068,P2175,1/30/2023,1119.00,25.00%
P2484,Beauty,Haircare,Shampoo,Sunsilk,Onesize,Black,5.00,,,,,OD2484,C069,P2176,1/24/2022,985.00,30.00%
P2485,Beauty,Haircare,Shampoo,Sunsilk,Onesize,Black,4.00,,,,,OD2485,C070,P2176,6/2/2022,985.00,30.00%
P2486,Beauty,Haircare,Shampoo,Sunsilk,Onesize,Black,3.00,,,,,OD2486,C071,P2176,4/8/2021,985.00,30.00%
P2487,Beauty,Haircare,Shampoo,Mamaearth,Onesize,Black,3.00,,,,,OD2487,C072,P2176,11/2/2021,985.00,40.00%
P2488,Beauty,Haircare,Shampoo,Mamaearth,Onesize,Black,3.00,,,,,OD2488,C073,P2176,10/17/2022,985.00,40.00%
P2489,Beauty,Haircare,Shampoo,Mamaearth,Onesize,Black,3.00,,,,,OD2489,C074,P2177,5/12/2022,369.00,40.00%
P2490,Beauty,Haircare,Shampoo,Mamaearth,Onesize,Black,4.00,,,,,OD2490,C075,P2178,3/5/2021,399.00,40.00%
P2491,Beauty,Haircare,Shampoo,Mamaearth,Onesize,Black,4.00,,,,,OD2491,C076,P2179,9/11/2021,399.00,40.00%
P2492,Beauty,Haircare,Shampoo,Mamaearth,Onesize,Blue,4.00,,,,,OD2492,C077,P2180,11/3/2021,399.00,40.00%
P2493,Beauty,Haircare,Shampoo,Mamaearth,Onesize,Blue,4.00,,,,,OD2493,C078,P2181,1/22/2021,399.00,45.00%
P2494,Beauty,Haircare,Shampoo,Mamaearth,Onesize,Blue,4.00,,,,,OD2494,C079,P2182,1/20/2021,555.00,45.00%
P2495,Beauty,Haircare,Shampoo,Mamaearth,Onesize,Blue,4.00,,,,,OD2495,C080,P2183,8/5/2022,555.00,45.00%
P2496,Beauty,Haircare,Shampoo,Dove,Onesize,Blue,5.00,,,,,OD2496,C081,P2184,3/13/2023,555.00,47.00%
P2497,Beauty,Haircare,Shampoo,Dove,Onesize,Off white,5.00,,,,,OD2497,C082,P2185,10/16/2022,555.00,47.00%
P2498,Beauty,Haircare,Shampoo,Dove,Onesize,Off white,5.00,,,,,OD2498,C083,P2186,6/23/2021,675.00,46.00%
P2499,Beauty,Haircare,Shampoo,Dove,Onesize,Off white,5.00,,,,,OD2499,C084,P2187,1/13/2023,675.00,46.00%
P2500,Beauty,Haircare,Shampoo,Dove,Onesize,Off white,5.00,,,,,OD2500,C085,P2188,1/11/2023,675.00,46.00%
P2501,Beauty,Haircare,Shampoo,Dove,Onesize,Off white,5.00,,,,,OD2501,C086,P2189,12/20/2022,654.00,30.00%
P2502,Beauty,Haircare,Shampoo,Dove,Onesize,Off white,4.00,,,,,OD2502,C087,P2190,4/1/2021,654.00,30.00%
P2503,Beauty,Haircare,Shampoo,Dove,Onesize,Cream,5.00,,,,,OD2503,C088,P2191,10/27/2022,654.00,30.00%
P2504,Beauty,Haircare,Shampoo,Dove,Onesize,Cream,3.00,,,,,OD2504,C089,P2192,2/15/2023,654.00,30.00%
P2505,Beauty,Haircare,Shampoo,Dove,Onesize,Cream,2.00,,,,,OD2505,C090,P2193,8/28/2022,356.00,30.00%
P2506,Beauty,Haircare,Shampoo,TRESemme,Onesize,Cream,5.00,,,,,OD2506,C091,P2194,2/12/2023,686.00,35.00%
P2507,Beauty,Haircare,Shampoo,TRESemme,Onesize,Cream,4.00,,,,,OD2507,C092,P2195,4/25/2021,456.00,35.00%
P2508,Beauty,Haircare,Shampoo,TRESemme,Onesize,Cream,3.00,,,,,OD2508,C093,P2196,4/9/2021,516.00,35.00%
P2509,Beauty,Haircare,Shampoo,TRESemme,Onesize,Cream,5.00,,,,,OD2509,C094,P2197,4/21/2021,355.00,35.00%
P2510,Beauty,Haircare,Shampoo,TRESemme,Onesize,Cream,4.00,,,,,OD2510,C095,P2198,3/31/2022,465.00,35.00%
P2511,Beauty,Haircare,Shampoo,TRESemme,Onesize,Grey,2.00,,,,,OD2511,C096,P2199,8/28/2022,965.00,35.00%
P2512,Beauty,Haircare,Shampoo,TRESemme,Onesize,Grey,5.00,,,,,OD2512,C097,P2200,7/26/2021,1158.00,40.00%
P2513,Beauty,Haircare,Shampoo,TRESemme,Onesize,Grey,5.00,,,,,OD2513,C098,P2201,12/6/2022,264.00,40.00%
P2514,Beauty,Haircare,Shampoo,TRESemme,Onesize,Grey,4.00,,,,,OD2514,C099,P2202,1/21/2023,433.00,15.00%
P2515,Beauty,Haircare,Shampoo,TRESemme,Onesize,Grey,4.00,,,,,OD2515,C100,P2203,1/5/2022,562.00,15.00%
P2516,Beauty,Haircare,Shampoo,TRESemme,Onesize,Grey,4.00,,,,,OD2516,C001,P2204,8/17/2022,423.00,15.00%
P2517,Beauty,Haircare,Shampoo,TRESemme,Onesize,Peach,3.00,,,,,OD2517,C002,P2204,1/24/2023,621.00,44.00%
P2518,Beauty,Haircare,Shampoo,TRESemme,Onesize,Peach,5.00,,,,,OD2518,C003,P2204,8/27/2022,333.00,44.00%
P2519,Beauty,Haircare,Shampoo,TRESemme,Onesize,Peach,4.00,,,,,OD2519,C004,P2204,3/3/2023,236.00,44.00%
P2520,Beauty,Haircare,Shampoo,TRESemme,Onesize,Peach,2.00,,,,,OD2520,C005,P2204,11/18/2021,456.00,44.00%
P2521,Beauty,Haircare,Shampoo,TRESemme,Onesize,Peach,5.00,,,,,OD2521,C006,P2204,1/25/2022,963.00,10.00%
P2522,Beauty,Haircare,Conditioner,Sunsilk,Onesize,Peach,5.00,,,,,OD2522,C007,P2205,5/5/2022,234.00,10.00%
P2523,Beauty,Haircare,Conditioner,Sunsilk,Onesize,Peach,5.00,,,,,OD2523,C008,P2206,12/20/2022,456.00,10.00%
P2524,Beauty,Haircare,Conditioner,Sunsilk,Onesize,Peach,4.00,,,,,OD2524,C009,P2207,8/18/2022,564.00,30.00%
P2525,Beauty,Haircare,Conditioner,Sunsilk,Onesize,Off white,4.00,,,,,OD2525,C010,P2208,2/24/2022,634.00,30.00%
P2526,Beauty,Haircare,Conditioner,Sunsilk,Onesize,Off white,4.00,,,,,OD2526,C011,P2209,6/5/2022,236.00,30.00%
P2527,Beauty,Haircare,Conditioner,Sunsilk,Onesize,Off white,5.00,,,,,OD2527,C012,P2210,2/20/2023,444.00,25.00%
P2528,Beauty,Haircare,Conditioner,Sunsilk,Onesize,Off white,5.00,,,,,OD2528,C013,P2211,2/28/2022,456.00,25.00%
P2529,Beauty,Haircare,Conditioner,Sunsilk,Onesize,Off white,3.00,,,,,OD2529,C014,P2212,3/10/2021,963.00,30.00%
P2530,Beauty,Haircare,Conditioner,Sunsilk,Onesize,Off white,5.00,,,,,OD2530,C015,P2213,12/10/2021,456.00,30.00%
P2531,Beauty,Haircare,Conditioner,Loreal,Onesize,White,5.00,,,,,OD2531,C016,P2214,3/17/2022,1189.00,30.00%
P2532,Beauty,Haircare,Conditioner,Loreal,Onesize,White,4.00,,,,,OD2532,C017,P2215,6/11/2021,1298.00,40.00%
P2533,Beauty,Haircare,Conditioner,Loreal,Onesize,White,3.00,,,,,OD2533,C018,P2216,1/12/2022,1456.00,40.00%
P2534,Beauty,Haircare,Conditioner,Loreal,Onesize,White,5.00,,,,,OD2534,C019,P2217,4/28/2021,1478.00,40.00%
P2535,Beauty,Haircare,Conditioner,Loreal,Onesize,White,4.00,,,,,OD2535,C020,P2218,9/19/2021,256.00,40.00%
P2536,Beauty,Haircare,Conditioner,Loreal,Onesize,White,3.00,,,,,OD2536,C021,P2219,3/27/2023,2698.00,40.00%
P2537,Beauty,Haircare,Conditioner,Loreal,Onesize,Cream,5.00,,,,,OD2537,C022,P2220,2/14/2021,2364.00,40.00%
P2538,Beauty,Haircare,Conditioner,Loreal,Onesize,Cream,5.00,,,,,OD2538,C023,P2221,9/16/2022,1236.00,45.00%
P2539,Beauty,Haircare,Conditioner,Loreal,Onesize,Cream,4.00,,,,,OD2539,C024,P2222,5/5/2021,756.00,45.00%
P2540,Beauty,Haircare,Conditioner,Loreal,Onesize,Cream,2.00,,,,,OD2540,C025,P2223,10/7/2021,326.00,45.00%
P2541,Beauty,Haircare,Conditioner,Loreal,Onesize,Cream,3.00,,,,,OD2541,C026,P2224,3/8/2022,453.00,47.00%
P2542,Beauty,Haircare,Conditioner,Loreal,Onesize,Cream,4.00,,,,,OD2542,C027,P2225,1/2/2023,326.00,47.00%
P2543,Beauty,Haircare,Conditioner,Dove,Onesize,Cream,5.00,,,,,OD2543,C028,P2226,7/3/2022,456.00,46.00%
P2544,Beauty,Haircare,Conditioner,Dove,Onesize,Cream,4.00,,,,,OD2544,C029,P2227,3/16/2023,675.00,46.00%
P2545,Beauty,Haircare,Conditioner,Dove,Onesize,Cream,4.00,,,,,OD2545,C030,P2228,1/2/2021,654.00,46.00%
P2546,Beauty,Haircare,Conditioner,Dove,Onesize,Grey,4.00,,,,,OD2546,C031,P2229,4/18/2022,654.00,30.00%
P2547,Beauty,Haircare,Conditioner,Dove,Onesize,Grey,3.00,,,,,OD2547,C032,P2230,5/31/2021,654.00,30.00%
P2548,Beauty,Haircare,Conditioner,Dove,Onesize,Grey,2.00,,,,,OD2548,C033,P2231,8/15/2022,654.00,30.00%
P2549,Beauty,Haircare,Conditioner,Dove,Onesize,Grey,5.00,,,,,OD2549,C034,P2232,2/1/2023,356.00,30.00%
P2550,Beauty,Haircare,Conditioner,Dove,Onesize,Grey,4.00,,,,,OD2550,C035,P2233,8/10/2022,686.00,30.00%
P2551,Beauty,Haircare,Conditioner,Dove,Onesize,Grey,2.00,,,,,OD2551,C036,P2234,7/8/2022,456.00,35.00%
P2552,Beauty,Haircare,Conditioner,Dove,Onesize,Brown,5.00,,,,,OD2552,C037,P2235,9/25/2022,516.00,35.00%
P2553,Beauty,Haircare,Conditioner,Dove,Onesize,Brown,5.00,,,,,OD2553,C038,P2236,1/8/2023,355.00,35.00%
P2554,Beauty,Haircare,Conditioner,Dove,Onesize,Brown,4.00,,,,,OD2554,C039,P2237,11/19/2021,465.00,35.00%
P2555,Beauty,Haircare,Conditioner,Dove,Onesize,Brown,4.00,,,,,OD2555,C040,P2238,12/18/2021,965.00,35.00%
P2556,Beauty,Haircare,Conditioner,Dove,Onesize,Brown,4.00,,,,,OD2556,C041,P2239,10/29/2022,1158.00,35.00%
P2557,Beauty,Haircare,Conditioner,Dove,Onesize,Yellow,3.00,,,,,OD2557,C042,P2240,4/19/2021,264.00,40.00%
P2558,Beauty,Haircare,Conditioner,Dove,Onesize,Yellow,5.00,,,,,OD2558,C043,P2241,12/14/2021,433.00,40.00%
P2559,Beauty,Haircare,Conditioner,Dove,Onesize,Yellow,4.00,,,,,OD2559,C044,P2242,1/27/2021,562.00,15.00%
P2560,Beauty,Haircare,Conditioner,TRESemme,Onesize,Yellow,2.00,,,,,OD2560,C045,P2243,2/2/2022,423.00,15.00%
P2561,Beauty,Haircare,Conditioner,TRESemme,Onesize,Yellow,5.00,,,,,OD2561,C046,P2244,8/18/2021,621.00,15.00%
P2562,Beauty,Haircare,Conditioner,TRESemme,Onesize,Blue,5.00,,,,,OD2562,C047,P2245,3/31/2021,333.00,35.00%
P2563,Beauty,Haircare,Conditioner,TRESemme,Onesize,Blue,5.00,,,,,OD2563,C048,P2246,6/25/2021,236.00,35.00%
P2564,Beauty,Haircare,Conditioner,TRESemme,Onesize,Blue,4.00,,,,,OD2564,C049,P2247,4/16/2022,456.00,35.00%
P2565,Beauty,Haircare,Conditioner,TRESemme,Onesize,Blue,4.00,,,,,OD2565,C050,P2248,2/22/2022,963.00,35.00%
P2566,Beauty,Haircare,Conditioner,TRESemme,Onesize,Blue,4.00,,,,,OD2566,C051,P2249,1/7/2022,234.00,55.00%
P2567,Beauty,Haircare,Conditioner,TRESemme,Onesize,Beige,5.00,,,,,OD2567,C052,P2250,5/21/2021,456.00,55.00%
P2568,Beauty,Haircare,Conditioner,Biotique,Onesize,Beige,5.00,,,,,OD2568,C053,P2251,5/28/2021,564.00,55.00%
P2569,Beauty,Haircare,Conditioner,Biotique,Onesize,Beige,3.00,,,,,OD2569,C054,P2252,3/21/2022,634.00,55.00%
P2570,Beauty,Haircare,Conditioner,Biotique,Onesize,Beige,5.00,,,,,OD2570,C055,P2253,7/8/2021,236.00,50.00%
P2571,Beauty,Haircare,Conditioner,Biotique,Onesize,Beige,5.00,,,,,OD2571,C056,P2254,1/2/2023,444.00,50.00%
P2572,Beauty,Haircare,Conditioner,Biotique,Onesize,Beige,4.00,,,,,OD2572,C057,P2255,1/23/2022,456.00,50.00%
P2573,Beauty,Haircare,Conditioner,Biotique,Onesize,Brown,3.00,,,,,OD2573,C058,P2256,11/14/2022,963.00,50.00%
P2574,Beauty,Haircare,Conditioner,Biotique,Onesize,Brown,4.00,,,,,OD2574,C059,P2257,1/8/2022,456.00,50.00%
P2575,Beauty,Haircare,Conditioner,Biotique,Onesize,Brown,5.00,,,,,OD2575,C060,P2258,9/11/2021,1189.00,30.00%
P2576,Beauty,Haircare,Conditioner,Biotique,Onesize,Brown,3.00,,,,,OD2576,C061,P2259,4/25/2022,1298.00,32.00%
P2577,Beauty,Haircare,Conditioner,Biotique,Onesize,Brown,2.00,,,,,OD2577,C062,P2260,7/8/2021,1456.00,25.00%
P2578,Beauty,Haircare,Conditioner,Biotique,Onesize,Brown,5.00,,,,,OD2578,C063,P2261,8/6/2021,1478.00,45.00%
P2579,Beauty,Haircare,Conditioner,Biotique,Onesize,Brown,4.00,,,,,OD2579,C064,P2261,3/12/2021,256.00,15.00%
P2580,Beauty,Haircare,Hair Gel,Set Wet,Onesize,Brown,3.00,,,,,OD2580,C065,P2261,3/6/2022,2698.00,33.00%
P2581,Beauty,Haircare,Hair Gel,Set Wet,Onesize,Brown,5.00,,,,,OD2581,C066,P2261,11/4/2021,2364.00,42.00%
P2582,Beauty,Haircare,Hair Gel,Set Wet,Onesize,Brown,4.00,,,,,OD2582,C067,P2261,3/2/2021,1236.00,42.00%
P2583,Beauty,Haircare,Hair Gel,Set Wet,Onesize,White,2.00,,,,,OD2583,C068,P2262,8/3/2022,756.00,39.00%
P2584,Beauty,Haircare,Hair Gel,Set Wet,Onesize,White,5.00,,,,,OD2584,C069,P2263,6/23/2021,326.00,39.00%
P2585,Beauty,Haircare,Hair Gel,Set Wet,Onesize,White,5.00,,,,,OD2585,C070,P2264,8/4/2022,453.00,39.00%
P2586,Beauty,Haircare,Hair Gel,Plum,Onesize,White,4.00,,,,,OD2586,C071,P2265,10/1/2022,326.00,39.00%
P2587,Beauty,Haircare,Hair Gel,Plum,Onesize,White,4.00,,,,,OD2587,C072,P2266,4/30/2022,456.00,30.00%
P2588,Beauty,Haircare,Hair Gel,Plum,Onesize,White,4.00,,,,,OD2588,C073,P2267,5/5/2021,675.00,30.00%
P2589,Beauty,Haircare,Hair Gel,Plum,Onesize,White,3.00,,,,,OD2589,C074,P2268,10/11/2022,654.00,30.00%
P2590,Beauty,Haircare,Hair Gel,Plum,Onesize,White,5.00,,,,,OD2590,C075,P2269,12/1/2021,654.00,25.00%
P2591,Beauty,Haircare,Hair Gel,Wildstone,Onesize,White,4.00,,,,,OD2591,C076,P2270,8/30/2021,654.00,25.00%
P2592,Beauty,Haircare,Hair Gel,Wildstone,Onesize,White,2.00,,,,,OD2592,C077,P2271,1/16/2022,654.00,30.00%
P2593,Beauty,Haircare,Hair Gel,Wildstone,Onesize,White,5.00,,,,,OD2593,C078,P2272,6/27/2021,356.00,30.00%
P2594,Beauty,Haircare,Hair Gel,Wildstone,Onesize,Black,5.00,,,,,OD2594,C079,P2273,12/16/2022,686.00,30.00%
P2595,Beauty,Haircare,Hair Gel,Wildstone,Onesize,Black,5.00,,,,,OD2595,C080,P2274,3/7/2022,456.00,40.00%
P2596,Beauty,Haircare,Hair Gel,Wildstone,Onesize,Black,4.00,,,,,OD2596,C081,P2275,6/25/2021,516.00,40.00%
P2597,Beauty,Haircare,Hair Gel,Wildstone,Onesize,Black,4.00,,,,,OD2597,C082,P2276,3/16/2023,355.00,40.00%
P2598,Beauty,Haircare,Hair Gel,Wildstone,Onesize,Black,4.00,,,,,OD2598,C083,P2277,9/28/2022,465.00,40.00%
P2599,Beauty,Haircare,Hair Gel,Wildstone,Onesize,Black,5.00,,,,,OD2599,C084,P2278,5/15/2022,965.00,40.00%
P2600,Beauty,Haircare,Hair Gel,Wildstone,Onesize,Coffee Brown,5.00,,,,,OD2600,C085,P2279,2/20/2021,1158.00,40.00%
P2601,Beauty,Haircare,Hair Gel,Wildstone,Onesize,Coffee Brown,3.00,,,,,OD2601,C086,P2280,3/18/2021,264.00,45.00%
P2602,Beauty,Haircare,Hair Gel,Wildstone,Onesize,Coffee Brown,5.00,,,,,OD2602,C087,P2280,4/29/2021,433.00,45.00%
P2603,Kids,Boys Clothing,Shirts,H&M,2-3Y,Coffee Brown,5.00,,,,,OD2603,C088,P2280,1/3/2023,562.00,45.00%
P2604,Kids,Boys Clothing,Shirts,H&M,2-3Y,Coffee Brown,4.00,,,,,OD2604,C089,P2280,5/25/2022,423.00,47.00%
P2605,Kids,Boys Clothing,Shirts,H&M,2-3Y,Coffee Brown,3.00,,,,,OD2605,C090,P2280,2/23/2022,621.00,47.00%
P2606,Kids,Boys Clothing,Shirts,H&M,2-3Y,Coffee Brown,5.00,,,,,OD2606,C091,P2280,1/2/2021,333.00,46.00%
P2607,Kids,Boys Clothing,Shirts,H&M,2-3Y,Coffee Brown,4.00,,,,,OD2607,C092,P2280,1/16/2021,236.00,46.00%
P2608,Kids,Boys Clothing,Shirts,H&M,2-3Y,White,3.00,,,,,OD2608,C093,P2281,1/30/2023,456.00,46.00%
P2609,Kids,Boys Clothing,Shirts,H&M,2-3Y,White,5.00,,,,,OD2609,C094,P2282,1/3/2023,963.00,30.00%
P2610,Kids,Boys Clothing,Shirts,H&M,3-4Y,White,5.00,,,,,OD2610,C095,P2283,1/12/2023,234.00,30.00%
P2611,Kids,Boys Clothing,Shirts,H&M,3-4Y,White,4.00,,,,,OD2611,C096,P2284,7/13/2021,456.00,30.00%
P2612,Kids,Boys Clothing,Shirts,H&M,3-4Y,Pink,2.00,,,,,OD2612,C097,P2285,5/1/2022,564.00,30.00%
P2613,Kids,Boys Clothing,Shirts,H&M,3-4Y,Pink,3.00,,,,,OD2613,C098,P2286,2/15/2023,634.00,30.00%
P2614,Kids,Boys Clothing,Shirts,H&M,3-4Y,Pink,4.00,,,,,OD2614,C099,P2287,1/15/2021,236.00,35.00%
P2615,Kids,Boys Clothing,Shirts,H&M,1-2Y,Blue,5.00,,,,,OD2615,C100,P2288,5/5/2021,444.00,35.00%
P2616,Kids,Boys Clothing,Shirts,H&M,1-2Y,Yellow,4.00,,,,,OD2616,C001,P2289,1/29/2023,456.00,35.00%
P2617,Kids,Boys Clothing,Shirts,Here&Now,1-2Y,Yellow,4.00,,,,,OD2617,C002,P2290,3/24/2022,963.00,35.00%
P2618,Kids,Boys Clothing,Shirts,Here&Now,1-2Y,Yellow,4.00,,,,,OD2618,C003,P2291,11/23/2021,456.00,35.00%
P2619,Kids,Boys Clothing,Shirts,Here&Now,1-2Y,Yellow,3.00,,,,,OD2619,C004,P2292,3/15/2022,1189.00,35.00%
P2620,Kids,Boys Clothing,Shirts,Here&Now,1-2Y,Yellow,2.00,,,,,OD2620,C005,P2293,12/3/2021,1298.00,40.00%
P2621,Kids,Boys Clothing,Shirts,Here&Now,1-2Y,Navy Blue,5.00,,,,,OD2621,C006,P2294,9/2/2022,1456.00,40.00%
P2622,Kids,Boys Clothing,Shirts,Here&Now,1-2Y,Navy Blue,4.00,,,,,OD2622,C007,P2295,11/17/2021,1478.00,15.00%
P2623,Kids,Boys Clothing,Shirts,Here&Now,1-2Y,Navy Blue,2.00,,,,,OD2623,C008,P2296,3/6/2023,256.00,15.00%
P2624,Kids,Boys Clothing,Shirts,Here&Now,1-2Y,Navy Blue,5.00,,,,,OD2624,C009,P2297,9/14/2022,2698.00,15.00%
P2625,Kids,Boys Clothing,Shirts,Roadster,3-4Y,Brown,5.00,,,,,OD2625,C010,P2298,2/20/2023,2364.00,35.00%
P2626,Kids,Boys Clothing,Shirts,Roadster,3-4Y,Brown,4.00,,,,,OD2626,C011,P2299,5/2/2021,1236.00,35.00%
P2627,Kids,Boys Clothing,Shirts,Roadster,3-4Y,Brown,4.00,,,,,OD2627,C012,P2300,7/25/2022,756.00,35.00%
P2628,Kids,Boys Clothing,Shirts,Roadster,2-3Y,Brown,4.00,,,,,OD2628,C013,P2301,3/13/2021,326.00,35.00%
P2629,Kids,Boys Clothing,Shirts,Roadster,2-3Y,Teal,3.00,,,,,OD2629,C014,P2302,7/11/2021,453.00,35.00%
P2630,Kids,Boys Clothing,Shirts,Roadster,2-3Y,Teal,5.00,,,,,OD2630,C015,P2303,1/11/2021,326.00,35.00%
P2631,Kids,Boys Clothing,Shirts,MAX,2-3Y,Teal,4.00,,,,,OD2631,C016,P2304,12/13/2021,456.00,40.00%
P2632,Kids,Boys Clothing,Shirts,MAX,2-3Y,Tan,2.00,,,,,OD2632,C017,P2305,7/2/2022,456.00,40.00%
P2633,Kids,Boys Clothing,Shirts,MAX,2-3Y,Tan,5.00,,,,,OD2633,C018,P2306,2/24/2023,456.00,15.00%
P2634,Kids,Boys Clothing,Shirts,MAX,2-3Y,Tan,5.00,,,,,OD2634,C019,P2307,5/30/2021,456.00,15.00%
P2635,Kids,Boys Clothing,Shirts,MAX,3-4Y,Tan,5.00,,,,,OD2635,C020,P2308,12/22/2021,236.00,15.00%
P2636,Kids,Boys Clothing,Shirts,MAX,3-4Y,Maroon,4.00,,,,,OD2636,C021,P2309,3/17/2023,996.00,35.00%
P2637,Kids,Boys Clothing,Shirts,MAX,3-4Y,Maroon,4.00,,,,,OD2637,C022,P2310,3/7/2022,654.00,35.00%
P2638,Kids,Boys Clothing,Shirts,MAX,3-4Y,Maroon,4.00,,,,,OD2638,C023,P2311,12/6/2021,965.00,35.00%
P2639,Kids,Boys Clothing,Shorts,Allen Solly,3-4Y,Maroon,5.00,,,,,OD2639,C024,P2312,3/12/2022,1158.00,35.00%
P2640,Kids,Boys Clothing,Shorts,Allen Solly,1-2Y,Purple,5.00,,,,,OD2640,C025,P2313,9/18/2022,264.00,55.00%
P2641,Kids,Boys Clothing,Shorts,Allen Solly,1-2Y,Purple,3.00,,,,,OD2641,C026,P2314,8/17/2021,433.00,55.00%
P2642,Kids,Boys Clothing,Shorts,Allen Solly,1-2Y,Purple,5.00,,,,,OD2642,C027,P2315,12/1/2021,562.00,55.00%
P2643,Kids,Boys Clothing,Shorts,Allen Solly,1-2Y,Purple,5.00,,,,,OD2643,C028,P2316,5/27/2021,423.00,55.00%
P2644,Kids,Boys Clothing,Shorts,Allen Solly,1-2Y,Magenta,4.00,,,,,OD2644,C029,P2317,9/4/2021,621.00,50.00%
P2645,Kids,Boys Clothing,Shorts,Allen Solly,1-2Y,Magenta,3.00,,,,,OD2645,C030,P2318,3/8/2021,333.00,50.00%
P2646,Kids,Boys Clothing,Shorts,Allen Solly,3-4Y,Magenta,3.00,,,,,OD2646,C031,P2319,11/21/2021,236.00,50.00%
P2647,Kids,Boys Clothing,Shorts,Adidas,3-4Y,Magenta,5.00,,,,,OD2647,C032,P2320,4/30/2021,456.00,50.00%
P2648,Kids,Boys Clothing,Shorts,Adidas,3-4Y,Magenta,5.00,,,,,OD2648,C033,P2321,4/1/2021,963.00,50.00%
P2649,Kids,Boys Clothing,Shorts,Adidas,3-4Y,Magenta,4.00,,,,,OD2649,C034,P2322,3/17/2021,234.00,30.00%
P2650,Kids,Boys Clothing,Shorts,Adidas,3-4Y,Olive,2.00,,,,,OD2650,C035,P2323,10/7/2022,456.00,32.00%
P2651,Kids,Boys Clothing,Shorts,Adidas,3-4Y,Olive,3.00,,,,,OD2651,C036,P2324,9/23/2022,564.00,25.00%
P2652,Kids,Boys Clothing,Shorts,Adidas,1-2Y,Olive,4.00,,,,,OD2652,C037,P2325,5/25/2021,634.00,45.00%
P2653,Kids,Boys Clothing,Shorts,Adidas,1-2Y,Olive,5.00,,,,,OD2653,C038,P2326,12/29/2021,236.00,15.00%
P2654,Kids,Boys Clothing,Shorts,Adidas,1-2Y,Olive,4.00,,,,,OD2654,C039,P2327,10/13/2021,444.00,33.00%
P2655,Kids,Boys Clothing,Shorts,Adidas,1-2Y,Olive,4.00,,,,,OD2655,C040,P2328,2/1/2021,456.00,42.00%
P2656,Kids,Boys Clothing,Shorts,Adidas,1-2Y,Green,4.00,,,,,OD2656,C041,P2329,3/31/2023,963.00,42.00%
P2657,Kids,Boys Clothing,Shorts,Adidas,1-2Y,Green,3.00,,,,,OD2657,C042,P2330,10/8/2022,456.00,39.00%
P2658,Kids,Boys Clothing,Shorts,Adidas,2-3Y,Green,2.00,,,,,OD2658,C043,P2331,2/25/2023,1189.00,39.00%
P2659,Kids,Boys Clothing,Shorts,Adidas,2-3Y,Green,5.00,,,,,OD2659,C044,P2331,9/23/2021,1298.00,39.00%
P2660,Kids,Boys Clothing,Shorts,Adidas,2-3Y,Green,4.00,,,,,OD2660,C045,P2331,3/8/2022,1456.00,39.00%
P2661,Kids,Boys Clothing,Shorts,H&M,2-3Y,Yellow,2.00,,,,,OD2661,C046,P2331,3/1/2021,1478.00,37.00%
P2662,Kids,Boys Clothing,Shorts,H&M,2-3Y,Yellow,5.00,,,,,OD2662,C047,P2331,10/25/2021,256.00,37.00%
P2663,Kids,Boys Clothing,Shorts,H&M,2-3Y,Yellow,5.00,,,,,OD2663,C048,P2331,12/31/2022,2698.00,37.00%
P2664,Kids,Boys Clothing,Shorts,H&M,3-4Y,Yellow,4.00,,,,,OD2664,C049,P2332,5/7/2022,2364.00,37.00%
P2665,Kids,Boys Clothing,Shorts,H&M,3-4Y,Yellow,4.00,,,,,OD2665,C050,P2333,12/8/2022,1236.00,37.00%
P2666,Kids,Boys Clothing,Shorts,HRX by Hrithik Roshan ,3-4Y,Yellow,4.00,,,,,OD2666,C051,P2334,1/14/2022,756.00,40.00%
P2667,Kids,Boys Clothing,Shorts,HRX by Hrithik Roshan ,3-4Y,Yellow,3.00,,,,,OD2667,C052,P2335,12/8/2022,326.00,40.00%
P2668,Kids,Boys Clothing,Shorts,HRX by Hrithik Roshan ,3-4Y,Yellow,5.00,,,,,OD2668,C053,P2336,7/18/2021,453.00,40.00%
P2669,Kids,Boys Clothing,Shorts,HRX by Hrithik Roshan ,3-4Y,Orange,4.00,,,,,OD2669,C054,P2337,8/12/2022,326.00,40.00%
P2670,Kids,Boys Clothing,Jeans,Here&Now,3-4Y,Orange,2.00,,,,,OD2670,C055,P2338,1/17/2022,456.00,40.00%
P2671,Kids,Boys Clothing,Jeans,Here&Now,3-4Y,Orange,5.00,,,,,OD2671,C056,P2339,6/7/2022,675.00,34.00%
P2672,Kids,Boys Clothing,Jeans,Here&Now,4-5Y,Orange,5.00,,,,,OD2672,C057,P2340,1/23/2022,654.00,34.00%
P2673,Kids,Boys Clothing,Jeans,Here&Now,4-5Y,Orange,5.00,,,,,OD2673,C058,P2341,12/31/2021,654.00,34.00%
P2674,Kids,Boys Clothing,Jeans,Here&Now,4-5Y,Khaki,4.00,,,,,OD2674,C059,P2342,6/22/2021,654.00,34.00%
P2675,Kids,Boys Clothing,Jeans,Here&Now,4-5Y,Khaki,4.00,,,,,OD2675,C060,P2343,8/4/2022,654.00,34.00%
P2676,Kids,Boys Clothing,Jeans,Here&Now,4-5Y,Khaki,4.00,,,,,OD2676,C061,P2344,1/19/2023,356.00,38.00%
P2677,Kids,Boys Clothing,Jeans,Here&Now,4-5Y,Khaki,5.00,,,,,OD2677,C062,P2345,12/12/2021,686.00,38.00%
P2678,Kids,Boys Clothing,Jeans,Here&Now,4-5Y,Khaki,5.00,,,,,OD2678,C063,P2346,4/10/2022,456.00,38.00%
P2679,Kids,Boys Clothing,Jeans,Here&Now,5-6Y,Khaki,3.00,,,,,OD2679,C064,P2347,11/30/2021,516.00,38.00%
P2680,Kids,Boys Clothing,Jeans,Here&Now,5-6Y,Turquoise Blue,5.00,,,,,OD2680,C065,P2348,10/30/2021,355.00,38.00%
P2681,Kids,Boys Clothing,Jeans,Here&Now,5-6Y,Turquoise Blue,5.00,,,,,OD2681,C066,P2349,5/3/2022,465.00,21.00%
P2682,Kids,Boys Clothing,Jeans,Here&Now,5-6Y,Turquoise Blue,4.00,,,,,OD2682,C067,P2350,3/1/2021,965.00,21.00%
P2683,Kids,Boys Clothing,Jeans,H&M,5-6Y,Turquoise Blue,3.00,,,,,OD2683,C068,P2351,2/11/2023,1158.00,21.00%
P2684,Kids,Boys Clothing,Jeans,H&M,5-6Y,Turquoise Blue,3.00,,,,,OD2684,C069,P2352,8/30/2022,264.00,21.00%
P2685,Kids,Boys Clothing,Jeans,H&M,5-6Y,Turquoise Blue,3.00,,,,,OD2685,C070,P2353,4/17/2022,433.00,21.00%
P2686,Kids,Boys Clothing,Jeans,H&M,5-6Y,Turquoise Blue,3.00,,,,,OD2686,C071,P2354,7/2/2022,562.00,22.00%
P2687,Kids,Boys Clothing,Jeans,H&M,1-2Y,Burgundy,3.00,,,,,OD2687,C072,P2355,12/13/2022,423.00,22.00%
P2688,Kids,Boys Clothing,Jeans,H&M,1-2Y,Burgundy,3.00,,,,,OD2688,C073,P2356,11/25/2021,621.00,22.00%
P2689,Kids,Boys Clothing,Jeans,H&M,1-2Y,Burgundy,2.00,,,,,OD2689,C074,P2357,5/26/2022,333.00,22.00%
P2690,Kids,Boys Clothing,Jeans,H&M,1-2Y,Burgundy,2.00,,,,,OD2690,C075,P2358,10/26/2022,236.00,22.00%
P2691,Kids,Boys Clothing,Jeans,H&M,1-2Y,Red,2.00,,,,,OD2691,C076,P2359,4/6/2021,456.00,22.00%
P2692,Kids,Boys Clothing,Jeans,H&M,1-2Y,Red,2.00,,,,,OD2692,C077,P2360,10/20/2021,963.00,30.00%
P2693,Kids,Boys Clothing,Jeans,MAX,1-2Y,Red,2.00,,,,,OD2693,C078,P2361,3/18/2023,234.00,30.00%
P2694,Kids,Boys Clothing,Jeans,MAX,1-2Y,Red,3.00,,,,,OD2694,C079,P2362,4/3/2022,456.00,30.00%
P2695,Kids,Boys Clothing,Jeans,MAX,2-3Y,Burgundy,3.00,,,,,OD2695,C080,P2363,12/15/2022,564.00,30.00%
P2696,Kids,Boys Clothing,Jeans,MAX,2-3Y,Pink,3.00,,,,,OD2696,C081,P2364,6/25/2021,634.00,30.00%
P2697,Kids,Boys Clothing,Jeans,MAX,2-3Y,Pink,3.00,,,,,OD2697,C082,P2365,5/9/2021,236.00,30.00%
P2698,Kids,Boys Clothing,Jeans,MAX,2-3Y,Pink,4.00,,,,,OD2698,C083,P2366,4/20/2022,444.00,14.00%
P2699,Kids,Boys Clothing,Jeans,MAX,2-3Y,Copper,5.00,,,,,OD2699,C084,P2367,3/20/2022,456.00,14.00%
P2700,Kids,Boys Clothing,Jeans,Allen Solly,2-3Y,Copper,3.00,,,,,OD2700,C085,P2368,10/8/2022,963.00,14.00%
P2701,Kids,Boys Clothing,Jeans,Allen Solly,2-3Y,Copper,2.00,,,,,OD2701,C086,P2369,5/30/2021,456.00,14.00%
P2702,Kids,Boys Clothing,Jeans,Allen Solly,3-4Y,Coffee Brown,5.00,,,,,OD2702,C087,P2370,1/28/2021,322.00,12.00%
P2703,Kids,Boys Clothing,Jeans,Allen Solly,3-4Y,Coffee Brown,4.00,,,,,OD2703,C088,P2371,8/3/2021,422.00,12.00%
P2704,Kids,Boys Clothing,Jeans,Allen Solly,3-4Y,Coffee Brown,3.00,,,,,OD2704,C089,P2372,7/2/2022,123.00,12.00%
P2705,Kids,Boys Clothing,Jeans,Allen Solly,3-4Y,Coffee Brown,5.00,,,,,OD2705,C090,P2373,5/24/2022,324.00,12.00%
P2706,Kids,Boys Clothing,Jeans,Allen Solly,3-4Y,Yellow,4.00,,,,,OD2706,C091,P2374,3/5/2022,222.00,12.00%
P2707,Kids,Boys Clothing,Jeans,Allen Solly,3-4Y,Yellow,2.00,,,,,OD2707,C092,P2375,7/13/2022,342.00,12.00%
P2708,Kids,Boys Clothing,Jeans,Allen Solly,3-4Y,Yellow,5.00,,,,,OD2708,C093,P2376,6/29/2022,124.00,34.00%
P2709,Kids,Boys Clothing,Jeans,Allen Solly,3-4Y,Yellow,5.00,,,,,OD2709,C094,P2377,6/19/2022,324.00,34.00%
P2710,Kids,Boys Clothing,Jeans,Allen Solly,3-4Y,Sea Green,4.00,,,,,OD2710,C095,P2378,5/17/2021,756.00,34.00%
P2711,Kids,Girls Clothing,Shorts,Here&Now,5-6Y,Sea Green,4.00,,,,,OD2711,C096,P2379,11/14/2022,326.00,34.00%
P2712,Kids,Girls Clothing,Shorts,Here&Now,5-6Y,Yellow,4.00,,,,,OD2712,C097,P2380,3/5/2022,453.00,34.00%
P2713,Kids,Girls Clothing,Shorts,Here&Now,5-6Y,Blue,3.00,,,,,OD2713,C098,P2381,2/22/2022,326.00,34.00%
P2714,Kids,Girls Clothing,Shorts,Here&Now,5-6Y,White,5.00,,,,,OD2714,C099,P2382,6/16/2021,456.00,44.00%
P2715,Kids,Girls Clothing,Shorts,Here&Now,5-6Y,Green,4.00,,,,,OD2715,C100,P2383,12/19/2022,456.00,44.00%
P2716,Kids,Girls Clothing,Shorts,Here&Now,5-6Y,Olive,2.00,,,,,OD2716,C001,P2384,10/27/2021,456.00,44.00%
P2717,Kids,Girls Clothing,Shorts,HRX by Hrithik Roshan ,5-6Y,Pink,5.00,,,,,OD2717,C002,P2385,4/25/2022,456.00,44.00%
P2718,Kids,Girls Clothing,Shorts,HRX by Hrithik Roshan ,5-6Y,Orange,5.00,,,,,OD2718,C003,P2386,1/15/2023,236.00,44.00%
P2719,Kids,Girls Clothing,Shorts,HRX by Hrithik Roshan ,5-6Y,Yellow,5.00,,,,,OD2719,C004,P2387,5/14/2021,996.00,10.00%
P2720,Kids,Girls Clothing,Shorts,HRX by Hrithik Roshan ,5-6Y,Yellow,4.00,,,,,OD2720,C005,P2388,5/13/2021,654.00,10.00%
P2721,Kids,Girls Clothing,Shorts,HRX by Hrithik Roshan ,2-3Y,Yellow,4.00,,,,,OD2721,C006,P2389,2/25/2021,456.00,10.00%
P2722,Kids,Girls Clothing,Shorts,HRX by Hrithik Roshan ,2-3Y,Yellow,4.00,,,,,OD2722,C007,P2390,10/17/2021,785.00,30.00%
P2723,Kids,Girls Clothing,Shorts,HRX by Hrithik Roshan ,2-3Y,Yellow,5.00,,,,,OD2723,C008,P2390,7/16/2022,365.00,30.00%
P2724,Kids,Girls Clothing,Shorts,HRX by Hrithik Roshan ,2-3Y,Lavender,5.00,,,,,OD2724,C009,P2390,5/21/2022,965.00,30.00%
P2725,Kids,Girls Clothing,Shorts,HRX by Hrithik Roshan ,2-3Y,Black,3.00,,,,,OD2725,C010,P2390,12/5/2021,444.00,25.00%
P2726,Kids,Girls Clothing,Shorts,HRX by Hrithik Roshan ,2-3Y,Blue,5.00,,,,,OD2726,C011,P2390,11/8/2021,569.00,25.00%
P2727,Kids,Girls Clothing,Shorts,HRX by Hrithik Roshan ,2-3Y,White,5.00,,,,,OD2727,C012,P2391,5/19/2021,475.00,30.00%
P2728,Kids,Girls Clothing,Shorts,HRX by Hrithik Roshan ,3-4Y,Green,4.00,,,,,OD2728,C013,P2392,1/24/2022,598.00,30.00%
P2729,Kids,Girls Clothing,Shorts,HRX by Hrithik Roshan ,3-4Y,Black,3.00,,,,,OD2729,C014,P2393,3/5/2022,536.00,30.00%
P2730,Kids,Girls Clothing,Shorts,H&M,3-4Y,Yellow,5.00,,,,,OD2730,C015,P2394,1/9/2023,256.00,40.00%
P2731,Kids,Girls Clothing,Shorts,H&M,3-4Y,Yellow,4.00,,,,,OD2731,C016,P2395,9/6/2021,456.00,40.00%
P2732,Kids,Girls Clothing,Shorts,H&M,3-4Y,Yellow,3.00,,,,,OD2732,C017,P2396,4/10/2021,456.00,40.00%
P2733,Kids,Girls Clothing,Shorts,H&M,1-2Y,Yellow,5.00,,,,,OD2733,C018,P2397,10/22/2022,745.00,40.00%
P2734,Kids,Girls Clothing,Shorts,H&M,1-2Y,Yellow,5.00,,,,,OD2734,C019,P2398,3/24/2021,356.00,40.00%
P2735,Kids,Girls Clothing,Shorts,H&M,1-2Y,Peach,4.00,,,,,OD2735,C020,P2399,6/9/2022,1189.00,40.00%
P2736,Kids,Girls Clothing,Shorts,H&M,1-2Y,Sea Green,2.00,,,,,OD2736,C021,P2400,1/3/2021,426.00,45.00%
P2737,Kids,Girls Clothing,Skirts,Here&Now,1-2Y,Pink,3.00,,,,,OD2737,C022,P2401,1/15/2022,1126.00,45.00%
P2738,Kids,Girls Clothing,Skirts,Here&Now,1-2Y,Pink,4.00,,,,,OD2738,C023,P2402,5/16/2022,1145.00,45.00%
P2739,Kids,Girls Clothing,Skirts,Here&Now,1-2Y,Pink,5.00,,,,,OD2739,C024,P2403,9/10/2021,1235.00,47.00%
P2740,Kids,Girls Clothing,Skirts,Here&Now,1-2Y,Pink,4.00,,,,,OD2740,C025,P2404,10/13/2021,1564.00,47.00%
P2741,Kids,Girls Clothing,Skirts,Here&Now,1-2Y,Pink,4.00,,,,,OD2741,C026,P2405,8/25/2021,654.00,46.00%
P2742,Kids,Girls Clothing,Skirts,Here&Now,1-2Y,Pink,4.00,,,,,OD2742,C027,P2406,7/23/2021,854.00,46.00%
P2743,Kids,Girls Clothing,Skirts,Here&Now,3-4Y,Red,3.00,,,,,OD2743,C028,P2407,3/3/2023,475.00,46.00%
P2744,Kids,Girls Clothing,Skirts,Here&Now,3-4Y,Green ,2.00,,,,,OD2744,C029,P2408,2/4/2023,349.00,30.00%
P2745,Kids,Girls Clothing,Skirts,HRX by Hrithik Roshan ,3-4Y,Green ,5.00,,,,,OD2745,C030,P2409,4/9/2021,350.00,30.00%
P2746,Kids,Girls Clothing,Skirts,HRX by Hrithik Roshan ,2-3Y,Green ,4.00,,,,,OD2746,C031,P2410,1/28/2022,351.00,30.00%
P2747,Kids,Girls Clothing,Skirts,HRX by Hrithik Roshan ,2-3Y,Green ,2.00,,,,,OD2747,C032,P2411,4/13/2022,352.00,30.00%
P2748,Kids,Girls Clothing,Skirts,HRX by Hrithik Roshan ,2-3Y,Green ,5.00,,,,,OD2748,C033,P2412,1/3/2023,353.00,30.00%
P2749,Kids,Girls Clothing,Skirts,HRX by Hrithik Roshan ,2-3Y,Black,5.00,,,,,OD2749,C034,P2413,2/2/2022,354.00,35.00%
P2750,Kids,Girls Clothing,Skirts,HRX by Hrithik Roshan ,2-3Y,Black,4.00,,,,,OD2750,C035,P2414,3/8/2022,355.00,35.00%
P2751,Kids,Girls Clothing,Skirts,HRX by Hrithik Roshan ,2-3Y,Black,4.00,,,,,OD2751,C036,P2415,8/12/2021,356.00,35.00%
P2752,Kids,Girls Clothing,Skirts,H&M,2-3Y,Black,4.00,,,,,OD2752,C037,P2416,12/11/2021,999.00,35.00%
P2753,Kids,Girls Clothing,Skirts,H&M,3-4Y,Sea Green,3.00,,,,,OD2753,C038,P2417,5/10/2022,555.00,35.00%
P2754,Kids,Girls Clothing,Skirts,H&M,3-4Y,Sea Green,5.00,,,,,OD2754,C039,P2418,9/9/2022,555.00,35.00%
P2755,Kids,Girls Clothing,Skirts,H&M,3-4Y,Yellow,4.00,,,,,OD2755,C040,P2419,11/13/2021,555.00,40.00%
P2756,Kids,Girls Clothing,Skirts,H&M,3-4Y,Yellow,2.00,,,,,OD2756,C041,P2420,3/31/2023,555.00,40.00%
P2757,Kids,Girls Clothing,Skirts,H&M,3-4Y,Yellow,5.00,,,,,OD2757,C042,P2421,12/1/2021,1025.00,15.00%
P2758,Kids,Girls Clothing,Skirts,H&M,1-2Y,Yellow,5.00,,,,,OD2758,C043,P2422,2/5/2022,1025.00,15.00%
P2759,Kids,Girls Clothing,Skirts,H&M,1-2Y,Yellow,5.00,,,,,OD2759,C044,P2423,10/24/2021,1025.00,15.00%
P2760,Kids,Girls Clothing,Skirts,H&M,1-2Y,Pink,4.00,,,,,OD2760,C045,P2424,12/1/2021,555.00,35.00%
P2761,Kids,Girls Clothing,Skirts,DressBerry,1-2Y,Orange,4.00,,,,,OD2761,C046,P2425,2/24/2023,599.00,35.00%
P2762,Kids,Girls Clothing,Skirts,DressBerry,1-2Y,Beige,4.00,,,,,OD2762,C047,P2426,3/31/2023,555.00,35.00%
P2763,Kids,Girls Clothing,Skirts,DressBerry,1-2Y,Off white,5.00,,,,,OD2763,C048,P2427,6/30/2021,555.00,35.00%
P2764,Kids,Girls Clothing,Skirts,DressBerry,3-4Y,Purple,5.00,,,,,OD2764,C049,P2428,2/17/2021,565.00,55.00%
P2765,Kids,Girls Clothing,Skirts,DressBerry,3-4Y,Peach,3.00,,,,,OD2765,C050,P2429,11/16/2021,555.00,55.00%
P2766,Kids,Girls Clothing,Skirts,DressBerry,3-4Y,Sea Green,5.00,,,,,OD2766,C051,P2430,8/27/2021,999.00,55.00%
P2767,Kids,Girls Clothing,Skirts,DressBerry,3-4Y,Lavender,5.00,,,,,OD2767,C052,P2431,12/8/2022,999.00,55.00%
P2768,Kids,Girls Clothing,Skirts,DressBerry,3-4Y,Black,4.00,,,,,OD2768,C053,P2432,10/14/2022,999.00,50.00%
P2769,Kids,Girls Clothing,Skirts,DressBerry,3-4Y,Blue,3.00,,,,,OD2769,C054,P2433,5/20/2021,999.00,50.00%
P2770,Kids,Girls Clothing,Skirts,DressBerry,1-2Y,White,4.00,,,,,OD2770,C055,P2434,9/20/2022,1119.00,50.00%
P2771,Kids,Girls Clothing,Skirts,DressBerry,1-2Y,Green,5.00,,,,,OD2771,C056,P2435,7/3/2021,1119.00,50.00%
P2772,Kids,Girls Clothing,Skirts,DressBerry,1-2Y,Black,3.00,,,,,OD2772,C057,P2436,10/3/2021,1119.00,50.00%
P2773,Kids,Girls Clothing,Skirts,DressBerry,1-2Y,Black,2.00,,,,,OD2773,C058,P2437,5/9/2021,1119.00,30.00%
P2774,Kids,Girls Clothing,Skirts,DressBerry,1-2Y,Orange,5.00,,,,,OD2774,C059,P2438,12/5/2021,985.00,32.00%
P2775,Kids,Girls Clothing,Skirts,DressBerry,1-2Y,Beige,4.00,,,,,OD2775,C060,P2439,12/28/2021,985.00,25.00%
P2776,Kids,Girls Clothing,Skirts,DressBerry,2-3Y,Off white,3.00,,,,,OD2776,C061,P2440,10/23/2022,985.00,45.00%
P2777,Kids,Girls Clothing,Skirts,DressBerry,2-3Y,Purple,5.00,,,,,OD2777,C062,P2441,9/20/2021,985.00,15.00%
P2778,Kids,Girls Clothing,Skirts,DressBerry,2-3Y,Peach,4.00,,,,,OD2778,C063,P2442,7/29/2022,985.00,33.00%
P2779,Kids,Girls Clothing,Skirts,DressBerry,2-3Y,Sea Green,2.00,,,,,OD2779,C064,P2443,12/31/2021,369.00,42.00%
P2780,Kids,Girls Clothing,Skirts,DressBerry,2-3Y,Pink,5.00,,,,,OD2780,C065,P2444,12/2/2021,399.00,42.00%
P2781,Kids,Girls Clothing,Skirts,DressBerry,2-3Y,Pink,5.00,,,,,OD2781,C066,P2445,5/27/2022,399.00,39.00%
P2782,Kids,Girls Clothing,Skirts,DressBerry,3-4Y,Pink,4.00,,,,,OD2782,C067,P2446,3/7/2023,399.00,39.00%
P2783,Kids,Girls Clothing,Tops,H&M,3-4Y,Pink,4.00,,,,,OD2783,C068,P2447,11/3/2022,399.00,39.00%
P2784,Kids,Girls Clothing,Tops,H&M,3-4Y,Pink,4.00,,,,,OD2784,C069,P2448,4/1/2022,555.00,39.00%
P2785,Kids,Girls Clothing,Tops,H&M,3-4Y,Pink,3.00,,,,,OD2785,C070,P2449,9/20/2021,555.00,30.00%
P2786,Kids,Girls Clothing,Tops,H&M,3-4Y,Red,5.00,,,,,OD2786,C071,P2449,10/13/2022,555.00,30.00%
P2787,Kids,Girls Clothing,Tops,H&M,3-4Y,Yellow,4.00,,,,,OD2787,C072,P2449,11/4/2021,555.00,30.00%
P2788,Kids,Girls Clothing,Tops,H&M,3-4Y,Yellow,2.00,,,,,OD2788,C073,P2449,7/16/2021,675.00,25.00%
P2789,Kids,Girls Clothing,Tops,H&M,3-4Y,Yellow,5.00,,,,,OD2789,C074,P2449,10/11/2021,675.00,25.00%
P2790,Kids,Girls Clothing,Tops,H&M,4-5Y,Yellow,5.00,,,,,OD2790,C075,P2449,1/27/2021,675.00,30.00%
P2791,Kids,Girls Clothing,Tops,H&M,4-5Y,Yellow,5.00,,,,,OD2791,C076,P2450,8/27/2021,654.00,30.00%
P2792,Kids,Girls Clothing,Tops,Sangria,4-5Y,Multicolor,4.00,,,,,OD2792,C077,P2451,11/22/2022,654.00,30.00%
P2793,Kids,Girls Clothing,Tops,Sangria,4-5Y,Multicolor,4.00,,,,,OD2793,C078,P2452,10/28/2022,654.00,40.00%
P2794,Kids,Girls Clothing,Tops,Sangria,4-5Y,Multicolor,4.00,,,,,OD2794,C079,P2453,11/19/2021,654.00,40.00%
P2795,Kids,Girls Clothing,Tops,Sangria,4-5Y,Multicolor,5.00,,,,,OD2795,C080,P2454,7/2/2021,356.00,40.00%
P2796,Kids,Girls Clothing,Tops,Sangria,4-5Y,Multicolor,5.00,,,,,OD2796,C081,P2455,3/5/2021,686.00,40.00%
P2797,Kids,Girls Clothing,Tops,Sangria,5-6Y,Multicolor,3.00,,,,,OD2797,C082,P2456,4/9/2021,456.00,40.00%
P2798,Kids,Girls Clothing,Tops,Sangria,5-6Y,Multicolor,5.00,,,,,OD2798,C083,P2457,11/24/2021,516.00,40.00%
P2799,Kids,Girls Clothing,Tops,Sangria,5-6Y,Multicolor,5.00,,,,,OD2799,C084,P2458,2/27/2022,355.00,45.00%
P2800,Kids,Girls Clothing,Tops,Sangria,5-6Y,Cream,4.00,,,,,OD2800,C085,P2459,10/23/2021,465.00,45.00%
P2801,Kids,Girls Clothing,Tops,Sangria,5-6Y,Cream,3.00,,,,,OD2801,C086,P2460,2/14/2021,965.00,45.00%
P2802,Kids,Girls Clothing,Tops,Sangria,5-6Y,Cream,5.00,,,,,OD2802,C087,P2461,10/9/2022,1158.00,47.00%
P2803,Kids,Girls Clothing,Tops,Sangria,5-6Y,Cream,4.00,,,,,OD2803,C088,P2462,11/18/2021,264.00,47.00%
P2804,Kids,Girls Clothing,Tops,Sangria,5-6Y,Cream,3.00,,,,,OD2804,C089,P2463,12/26/2022,433.00,46.00%
P2805,Kids,Girls Clothing,Tops,DressBerry,1-2Y,Off white,5.00,,,,,OD2805,C090,P2464,8/2/2021,562.00,46.00%
P2806,Kids,Girls Clothing,Tops,DressBerry,1-2Y,Off white,5.00,,,,,OD2806,C091,P2465,3/20/2023,423.00,46.00%
P2807,Kids,Girls Clothing,Tops,DressBerry,1-2Y,Off white,4.00,,,,,OD2807,C092,P2466,2/3/2021,621.00,30.00%
P2808,Kids,Girls Clothing,Tops,DressBerry,1-2Y,Off white,2.00,,,,,OD2808,C093,P2467,4/25/2022,333.00,30.00%
P2809,Kids,Girls Clothing,Tops,DressBerry,1-2Y,Magenta,3.00,,,,,OD2809,C094,P2468,10/23/2022,236.00,30.00%
P2810,Kids,Girls Clothing,Tops,DressBerry,1-2Y,Magenta,4.00,,,,,OD2810,C095,P2469,9/18/2022,456.00,30.00%
P2811,Kids,Girls Clothing,Tops,Here&Now,1-2Y,Magenta,5.00,,,,,OD2811,C096,P2470,10/14/2022,963.00,30.00%
P2812,Kids,Girls Clothing,Tops,Here&Now,1-2Y,Magenta,4.00,,,,,OD2812,C097,P2471,7/9/2021,234.00,35.00%
P2813,Kids,Girls Clothing,Tops,Here&Now,2-3Y,Magenta,4.00,,,,,OD2813,C098,P2472,1/11/2022,456.00,35.00%
P2814,Kids,Girls Clothing,Tops,Here&Now,2-3Y,Magenta,4.00,,,,,OD2814,C099,P2473,7/13/2021,564.00,35.00%
P2815,Kids,Girls Clothing,Tops,Here&Now,2-3Y,Maroon,3.00,,,,,OD2815,C100,P2474,6/26/2022,634.00,35.00%
P2816,Kids,Girls Clothing,Tops,Here&Now,2-3Y,Maroon,2.00,,,,,OD2816,C001,P2475,4/11/2021,236.00,35.00%
P2817,Kids,Girls Clothing,Tops,Here&Now,2-3Y,Maroon,5.00,,,,,OD2817,C002,P2476,1/29/2023,444.00,35.00%
P2818,Kids,Girls Clothing,Tops,Here&Now,2-3Y,Maroon,4.00,,,,,OD2818,C003,P2477,9/11/2021,456.00,40.00%
P2819,Kids,Girls Clothing,Tops,Here&Now,2-3Y,Teal,2.00,,,,,OD2819,C004,P2478,12/5/2022,963.00,40.00%
P2820,Kids,Girls Clothing,Tops,Here&Now,3-4Y,Teal,5.00,,,,,OD2820,C005,P2479,11/12/2021,456.00,15.00%
P2821,Kids,Girls Clothing,Tops,Here&Now,3-4Y,Teal,5.00,,,,,OD2821,C006,P2480,1/6/2021,1189.00,15.00%
P2822,Kids,Girls Clothing,T-Shirts,Puma,3-4Y,Teal,4.00,,,,,OD2822,C007,P2481,11/3/2022,1298.00,15.00%
P2823,Kids,Girls Clothing,T-Shirts,Puma,3-4Y,Teal,4.00,,,,,OD2823,C008,P2482,9/7/2021,1456.00,35.00%
P2824,Kids,Girls Clothing,T-Shirts,Puma,3-4Y,Turquoise Blue,4.00,,,,,OD2824,C009,P2483,2/4/2021,1478.00,35.00%
P2825,Kids,Girls Clothing,T-Shirts,Puma,3-4Y,Turquoise Blue,3.00,,,,,OD2825,C010,P2484,12/20/2022,256.00,35.00%
P2826,Kids,Girls Clothing,T-Shirts,Puma,3-4Y,Turquoise Blue,5.00,,,,,OD2826,C011,P2485,7/12/2022,2698.00,35.00%
P2827,Kids,Girls Clothing,T-Shirts,Puma,3-4Y,Blue,4.00,,,,,OD2827,C012,P2486,5/21/2021,2364.00,55.00%
P2828,Kids,Girls Clothing,T-Shirts,Puma,3-4Y,Yellow,2.00,,,,,OD2828,C013,P2487,10/26/2021,1236.00,55.00%
P2829,Kids,Girls Clothing,T-Shirts,Puma,5-6Y,Yellow,5.00,,,,,OD2829,C014,P2488,5/20/2021,756.00,55.00%
P2830,Kids,Girls Clothing,T-Shirts,Puma,5-6Y,Yellow,5.00,,,,,OD2830,C015,P2489,2/9/2021,326.00,55.00%
P2831,Kids,Girls Clothing,T-Shirts,Puma,5-6Y,Yellow,5.00,,,,,OD2831,C016,P2490,1/20/2023,453.00,50.00%
P2832,Kids,Girls Clothing,T-Shirts,Puma,5-6Y,Yellow,4.00,,,,,OD2832,C017,P2491,2/17/2023,326.00,50.00%
P2833,Kids,Girls Clothing,T-Shirts,Here&Now,5-6Y,Navy Blue,4.00,,,,,OD2833,C018,P2492,5/16/2021,456.00,50.00%
P2834,Kids,Girls Clothing,T-Shirts,Here&Now,5-6Y,Navy Blue,4.00,,,,,OD2834,C019,P2493,10/10/2022,675.00,50.00%
P2835,Kids,Girls Clothing,T-Shirts,Here&Now,5-6Y,Navy Blue,5.00,,,,,OD2835,C020,P2494,1/1/2022,654.00,50.00%
P2836,Kids,Girls Clothing,T-Shirts,Here&Now,5-6Y,Navy Blue,5.00,,,,,OD2836,C021,P2495,11/14/2022,654.00,30.00%
P2837,Kids,Girls Clothing,T-Shirts,Here&Now,5-6Y,Navy Blue,3.00,,,,,OD2837,C022,P2496,1/29/2022,654.00,32.00%
P2838,Kids,Girls Clothing,T-Shirts,Here&Now,5-6Y,Navy Blue,5.00,,,,,OD2838,C023,P2497,5/4/2021,654.00,25.00%
P2839,Kids,Girls Clothing,T-Shirts,Here&Now,2-3Y,Brown,5.00,,,,,OD2839,C024,P2498,11/26/2021,356.00,45.00%
P2840,Kids,Girls Clothing,T-Shirts,H&M,2-3Y,Brown,4.00,,,,,OD2840,C025,P2499,11/10/2022,686.00,15.00%
P2841,Kids,Girls Clothing,T-Shirts,H&M,2-3Y,Brown,3.00,,,,,OD2841,C026,P2500,2/8/2021,456.00,33.00%
P2842,Kids,Girls Clothing,T-Shirts,H&M,2-3Y,Brown,3.00,,,,,OD2842,C027,P2501,11/20/2022,516.00,42.00%
P2843,Kids,Girls Clothing,T-Shirts,H&M,2-3Y,Brown,5.00,,,,,OD2843,C028,P2502,3/12/2023,355.00,42.00%
P2844,Kids,Girls Clothing,T-Shirts,H&M,2-3Y,Brown,5.00,,,,,OD2844,C029,P2503,1/24/2022,465.00,39.00%
P2845,Kids,Girls Clothing,T-Shirts,H&M,2-3Y,Orange,4.00,,,,,OD2845,C030,P2504,2/15/2022,965.00,39.00%
P2846,Kids,Girls Clothing,T-Shirts,DressBerry,3-4Y,Orange,2.00,,,,,OD2846,C031,P2505,5/15/2021,1158.00,39.00%
P2847,Kids,Girls Clothing,T-Shirts,DressBerry,3-4Y,Orange,3.00,,,,,OD2847,C032,P2506,5/18/2021,264.00,39.00%
P2848,Kids,Girls Clothing,T-Shirts,DressBerry,3-4Y,Orange,4.00,,,,,OD2848,C033,P2507,6/13/2022,433.00,30.00%
P2849,Kids,Girls Clothing,T-Shirts,Nike,3-4Y,Orange,5.00,,,,,OD2849,C034,P2508,4/18/2022,562.00,30.00%
P2850,Kids,Girls Clothing,T-Shirts,Nike,3-4Y,Orange,4.00,,,,,OD2850,C035,P2509,2/1/2021,423.00,30.00%
P2851,Kids,Girls Clothing,T-Shirts,Nike,1-2Y,Orange,4.00,,,,,OD2851,C036,P2510,7/4/2022,621.00,25.00%
P2852,Kids,Girls Clothing,T-Shirts,Nike,1-2Y,Burgundy,4.00,,,,,OD2852,C037,P2511,11/27/2022,333.00,25.00%
P2853,Kids,Girls Clothing,T-Shirts,Nike,1-2Y,Burgundy,3.00,,,,,OD2853,C038,P2512,11/24/2022,236.00,30.00%
P2854,Kids,Girls Clothing,T-Shirts,Nike,1-2Y,Burgundy,2.00,,,,,OD2854,C039,P2513,4/27/2021,456.00,30.00%
P2855,Kids,Girls Clothing,T-Shirts,Nike,1-2Y,Burgundy,5.00,,,,,OD2855,C040,P2514,1/22/2021,963.00,30.00%
P2856,Kids,Girls Clothing,T-Shirts,Nike,1-2Y,Burgundy,4.00,,,,,OD2856,C041,P2515,11/29/2022,234.00,40.00%
P2857,Kids,Girls Clothing,T-Shirts,Nike,1-2Y,Maroon,2.00,,,,,OD2857,C042,P2516,12/22/2021,456.00,40.00%
P2858,Kids,Girls Clothing,T-Shirts,Nike,1-2Y,Maroon,5.00,,,,,OD2858,C043,P2517,3/25/2023,564.00,40.00%
P2859,Kids,Girls Clothing,T-Shirts,Nike,1-2Y,Maroon,5.00,,,,,OD2859,C044,P2518,8/20/2022,634.00,40.00%
P2860,Kids,Girls Clothing,Jeans,Here&Now,1-2Y,Maroon,4.00,,,,,OD2860,C045,P2519,10/9/2021,236.00,40.00%
P2861,Kids,Girls Clothing,Jeans,Here&Now,3-4Y,Maroon,4.00,,,,,OD2861,C046,P2520,5/14/2021,444.00,40.00%
P2862,Kids,Girls Clothing,Jeans,Here&Now,3-4Y,Lavender,4.00,,,,,OD2862,C047,P2521,8/31/2022,456.00,45.00%
P2863,Kids,Girls Clothing,Jeans,Here&Now,3-4Y,Lavender,3.00,,,,,OD2863,C048,P2522,1/7/2023,963.00,45.00%
P2864,Kids,Girls Clothing,Jeans,Here&Now,2-3Y,Lavender,5.00,,,,,OD2864,C049,P2523,9/21/2021,456.00,45.00%
P2865,Kids,Girls Clothing,Jeans,Here&Now,2-3Y,Green,4.00,,,,,OD2865,C050,P2524,4/2/2022,1189.00,47.00%
P2866,Kids,Girls Clothing,Jeans,Here&Now,2-3Y,Green,2.00,,,,,OD2866,C051,P2525,9/5/2022,1298.00,47.00%
P2867,Kids,Girls Clothing,Jeans,Here&Now,2-3Y,Teal,5.00,,,,,OD2867,C052,P2526,7/29/2022,1456.00,46.00%
P2868,Kids,Girls Clothing,Jeans,Here&Now,2-3Y,Teal,5.00,,,,,OD2868,C053,P2527,4/20/2021,1478.00,46.00%
P2869,Kids,Girls Clothing,Jeans,Here&Now,2-3Y,Teal,5.00,,,,,OD2869,C054,P2528,3/24/2022,256.00,46.00%
P2870,Kids,Girls Clothing,Jeans,Here&Now,2-3Y,Teal,4.00,,,,,OD2870,C055,P2529,8/19/2021,2698.00,30.00%
P2871,Kids,Girls Clothing,Jeans,Peter England,3-4Y,Teal,4.00,,,,,OD2871,C056,P2530,1/17/2021,2364.00,30.00%
P2872,Kids,Girls Clothing,Jeans,Peter England,3-4Y,Sea Green,4.00,,,,,OD2872,C057,P2531,3/24/2022,1236.00,30.00%
P2873,Kids,Girls Clothing,Jeans,Peter England,3-4Y,Red ,5.00,,,,,OD2873,C058,P2532,6/19/2021,756.00,30.00%
P2874,Kids,Girls Clothing,Jeans,Peter England,3-4Y,Blue,5.00,,,,,OD2874,C059,P2533,9/6/2021,326.00,30.00%
P2875,Kids,Girls Clothing,Jeans,Peter England,3-4Y,Orange,3.00,,,,,OD2875,C060,P2533,1/17/2022,453.00,35.00%
P2876,Kids,Girls Clothing,Jeans,Peter England,1-2Y,Green,5.00,,,,,OD2876,C061,P2533,5/24/2022,326.00,35.00%
P2877,Kids,Girls Clothing,Jeans,Peter England,1-2Y,Purple,5.00,,,,,OD2877,C062,P2533,9/22/2022,456.00,35.00%
P2878,Kids,Girls Clothing,Jeans,Peter England,1-2Y,White,4.00,,,,,OD2878,C063,P2533,7/19/2021,675.00,35.00%
P2879,Kids,Girls Clothing,Jeans,Peter England,1-2Y,Off white,3.00,,,,,OD2879,C064,P2533,3/9/2022,654.00,35.00%
P2880,Kids,Girls Clothing,Jeans,Peter England,1-2Y,Sea Green,3.00,,,,,OD2880,C065,P2533,6/6/2022,654.00,35.00%
P2881,Kids,Girls Clothing,Jeans,Peter England,1-2Y,Green,3.00,,,,,OD2881,C066,P2534,7/25/2021,654.00,40.00%
P2882,Kids,Girls Clothing,Jeans,H&M,3-4Y,Peach,3.00,,,,,OD2882,C067,P2535,1/15/2021,654.00,40.00%
P2883,Kids,Girls Clothing,Jeans,H&M,3-4Y,Lavender,3.00,,,,,OD2883,C068,P2536,2/1/2021,356.00,15.00%
P2884,Kids,Girls Clothing,Jeans,H&M,3-4Y,Charcoal,3.00,,,,,OD2884,C069,P2537,5/29/2021,686.00,15.00%
P2885,Kids,Girls Clothing,Jeans,H&M,3-4Y,Yellow,4.00,,,,,OD2885,C070,P2538,6/27/2021,456.00,15.00%
P2886,Kids,Girls Clothing,Jeans,H&M,3-4Y,Yellow,4.00,,,,,OD2886,C071,P2539,4/24/2022,516.00,35.00%
P2887,Kids,Girls Clothing,Jeans,H&M,3-4Y,Yellow,4.00,,,,,OD2887,C072,P2540,1/17/2021,355.00,35.00%
P2888,Kids,Girls Clothing,Jeans,H&M,1-2Y,Yellow,4.00,,,,,OD2888,C073,P2541,4/4/2022,465.00,35.00%
P2889,Kids,Girls Clothing,Jeans,H&M,1-2Y,Yellow,4.00,,,,,OD2889,C074,P2542,7/31/2022,965.00,35.00%
P2890,Kids,Infants,Bodysuits,Moms Home,0-3M,Burgundy,4.00,,,,,OD2890,C075,P2543,1/22/2021,1158.00,55.00%
P2891,Kids,Infants,Bodysuits,Moms Home,0-3M,Lavender,4.00,,,,,OD2891,C076,P2544,8/23/2022,264.00,55.00%
P2892,Kids,Infants,Bodysuits,Moms Home,0-3M,Teal,5.00,,,,,OD2892,C077,P2545,2/11/2021,433.00,55.00%
P2893,Kids,Infants,Bodysuits,Moms Home,0-3M,Rust,3.00,,,,,OD2893,C078,P2546,7/25/2022,562.00,55.00%
P2894,Kids,Infants,Bodysuits,Moms Home,0-3M,Gold,2.00,,,,,OD2894,C079,P2547,4/30/2021,423.00,50.00%
P2895,Kids,Infants,Bodysuits,Moms Home,3-6M,Blue,5.00,,,,,OD2895,C080,P2548,9/7/2022,621.00,50.00%
P2896,Kids,Infants,Bodysuits,Mothecare,3-6M,White,4.00,,,,,OD2896,C081,P2549,1/18/2023,333.00,50.00%
P2897,Kids,Infants,Bodysuits,Mothecare,3-6M,Navy Blue,3.00,,,,,OD2897,C082,P2550,8/4/2022,236.00,50.00%
P2898,Kids,Infants,Bodysuits,Mothecare,3-6M,Pink,5.00,,,,,OD2898,C083,P2551,5/29/2021,456.00,50.00%
P2899,Kids,Infants,Bodysuits,Mothecare,3-6M,Black,4.00,,,,,OD2899,C084,P2552,10/28/2022,963.00,30.00%
P2900,Kids,Infants,Bodysuits,Mothecare,3-6M,Black,2.00,,,,,OD2900,C085,P2553,1/21/2022,234.00,32.00%
P2901,Kids,Infants,Bodysuits,Mothecare,6-9M,Black,5.00,,,,,OD2901,C086,P2554,10/18/2021,456.00,25.00%
P2902,Kids,Infants,Bodysuits,Mothecare,6-9M,Black,5.00,,,,,OD2902,C087,P2555,2/9/2022,564.00,45.00%
P2903,Kids,Infants,Bodysuits,Mothecare,6-9M,White,4.00,,,,,OD2903,C088,P2556,3/20/2023,634.00,15.00%
P2904,Kids,Infants,Bodysuits,Mothecare,6-9M,White,4.00,,,,,OD2904,C089,P2557,6/6/2022,236.00,33.00%
P2905,Kids,Infants,Bodysuits,Mothecare,6-9M,White,4.00,,,,,OD2905,C090,P2558,6/21/2021,444.00,33.00%
P2906,Kids,Infants,Bodysuits,Mothecare,6-9M,White,3.00,,,,,OD2906,C091,P2559,8/4/2021,456.00,33.00%
P2907,Kids,Infants,Bodysuits,Mothecare,6-9M,White,5.00,,,,,OD2907,C092,P2560,9/6/2021,963.00,33.00%
P2908,Kids,Infants,Bodysuits,Mothecare,9-12M,White,4.00,,,,,OD2908,C093,P2561,6/14/2021,456.00,33.00%
P2909,Kids,Infants,Bodysuits,H&M,9-12M,White,2.00,,,,,OD2909,C094,P2562,6/12/2022,1189.00,45.00%
P2910,Kids,Infants,Bodysuits,H&M,9-12M,White,5.00,,,,,OD2910,C095,P2563,2/4/2022,1298.00,45.00%
P2911,Kids,Infants,Bodysuits,H&M,9-12M,White,5.00,,,,,OD2911,C096,P2564,4/14/2022,1456.00,45.00%
P2912,Kids,Infants,Bodysuits,H&M,9-12M,White,5.00,,,,,OD2912,C097,P2565,6/16/2022,1478.00,45.00%
P2913,Kids,Infants,Bodysuits,H&M,9-12M,White,4.00,,,,,OD2913,C098,P2566,8/7/2022,256.00,23.00%
P2914,Kids,Infants,Bodysuits,H&M,9-12M,Multicolor,4.00,,,,,OD2914,C099,P2567,9/25/2022,2698.00,23.00%
P2915,Kids,Infants,Winterwear,H&M,9-12M,Multicolor,4.00,,,,,OD2915,C100,P2568,4/28/2022,2364.00,23.00%
P2916,Kids,Infants,Winterwear,H&M,9-12M,Multicolor,5.00,,,,,OD2916,C001,P2569,2/16/2022,1236.00,23.00%
P2917,Kids,Infants,Winterwear,H&M,6-9M,Multicolor,5.00,,,,,OD2917,C002,P2570,6/12/2022,756.00,23.00%
P2918,Kids,Infants,Winterwear,H&M,6-9M,Multicolor,3.00,,,,,OD2918,C003,P2571,11/6/2022,326.00,12.00%
P2919,Kids,Infants,Winterwear,H&M,6-9M,Multicolor,5.00,,,,,OD2919,C004,P2572,12/17/2022,453.00,12.00%
P2920,Kids,Infants,Winterwear,MAX,6-9M,Multicolor,5.00,,,,,OD2920,C005,P2573,1/1/2021,326.00,12.00%
P2921,Kids,Infants,Winterwear,MAX,6-9M,Multicolor,4.00,,,,,OD2921,C006,P2574,2/18/2022,456.00,12.00%
P2922,Kids,Infants,Winterwear,MAX,6-9M,Multicolor,3.00,,,,,OD2922,C007,P2575,2/4/2023,456.00,12.00%
P2923,Kids,Infants,Winterwear,MAX,6-9M,Multicolor,5.00,,,,,OD2923,C008,P2576,2/10/2023,456.00,12.00%
P2924,Kids,Infants,Winterwear,MAX,6-9M,Coral,4.00,,,,,OD2924,C009,P2577,4/22/2022,456.00,12.00%
P2925,Kids,Infants,Winterwear,MAX,3-6M,Coral,3.00,,,,,OD2925,C010,P2578,9/8/2021,236.00,12.00%
P2926,Kids,Infants,Winterwear,MAX,3-6M,Coral,5.00,,,,,OD2926,C011,P2579,11/4/2021,996.00,12.00%
P2927,Kids,Infants,Winterwear,MAX,3-6M,Coral,5.00,,,,,OD2927,C012,P2580,11/26/2021,654.00,12.00%
P2928,Kids,Infants,Winterwear,MAX,3-6M,Coral,4.00,,,,,OD2928,C013,P2581,2/17/2021,654.00,35.00%
P2929,Kids,Infants,Winterwear,MAX,3-6M,Coral,2.00,,,,,OD2929,C014,P2582,1/5/2021,654.00,35.00%
P2930,Kids,Infants,Winterwear,United Colors of Benetton,3-6M,Coral,3.00,,,,,OD2930,C015,P2583,4/29/2021,654.00,35.00%
P2931,Kids,Infants,Winterwear,United Colors of Benetton,3-6M,Coral,4.00,,,,,OD2931,C016,P2584,10/1/2022,456.00,35.00%
P2932,Kids,Infants,Winterwear,United Colors of Benetton,3-6M,Coral,5.00,,,,,OD2932,C017,P2585,2/22/2022,1154.00,35.00%
P2933,Kids,Infants,Winterwear,United Colors of Benetton,0-3M,Peach,4.00,,,,,OD2933,C018,P2586,7/19/2021,1632.00,35.00%
P2934,Kids,Infants,Winterwear,United Colors of Benetton,0-3M,Peach,4.00,,,,,OD2934,C019,P2587,1/20/2023,456.00,35.00%
P2935,Kids,Infants,Winterwear,United Colors of Benetton,0-3M,Peach,4.00,,,,,OD2935,C020,P2588,12/17/2021,1265.00,35.00%
P2936,Kids,Infants,Winterwear,United Colors of Benetton,0-3M,Peach,3.00,,,,,OD2936,C021,P2589,3/26/2022,1149.00,35.00%
P2937,Kids,Infants,Winterwear,United Colors of Benetton,0-3M,Peach,2.00,,,,,OD2937,C022,P2590,1/26/2022,1475.00,30.00%
P2938,Kids,Infants,Winterwear,United Colors of Benetton,0-3M,Peach,5.00,,,,,OD2938,C023,P2591,2/20/2021,1256.00,30.00%
P2939,Kids,Infants,Winterwear,United Colors of Benetton,0-3M,Peach,4.00,,,,,OD2939,C024,P2592,12/17/2021,1425.00,30.00%
P2940,Kids,Infants,Winterwear,United Colors of Benetton,0-3M,Peach,2.00,,,,,OD2940,C025,P2593,2/8/2021,2365.00,30.00%
P2941,Kids,Infants,Winterwear,United Colors of Benetton,0-3M,Peach,5.00,,,,,OD2941,C026,P2594,4/19/2022,645.00,30.00%
P2942,Kids,Infants,Sleepsuits,Bumzee,0-3M,Peach,5.00,,,,,OD2942,C027,P2595,5/9/2022,1236.00,30.00%
P2943,Kids,Infants,Sleepsuits,Bumzee,0-3M,Peach,4.00,,,,,OD2943,C028,P2596,6/28/2022,654.00,30.00%
P2944,Kids,Infants,Sleepsuits,Bumzee,0-3M,Peach,4.00,,,,,OD2944,C029,P2597,6/12/2022,654.00,30.00%
P2945,Kids,Infants,Sleepsuits,Bumzee,0-3M,Peach,4.00,,,,,OD2945,C030,P2598,12/27/2021,654.00,30.00%
P2946,Kids,Infants,Sleepsuits,Bumzee,0-3M,Peach,3.00,,,,,OD2946,C031,P2599,11/1/2022,654.00,30.00%
P2947,Kids,Infants,Sleepsuits,Bumzee,0-3M,Sea Green,5.00,,,,,OD2947,C032,P2600,9/25/2022,356.00,25.00%
P2948,Kids,Infants,Sleepsuits,Bumzee,0-3M,Sea Green,4.00,,,,,OD2948,C033,P2601,12/26/2022,686.00,25.00%
P2949,Kids,Infants,Sleepsuits,Bumzee,3-6M,Sea Green,2.00,,,,,OD2949,C034,P2602,9/25/2021,456.00,25.00%
P2950,Kids,Infants,Sleepsuits,Bumzee,3-6M,Sea Green,5.00,,,,,OD2950,C035,P2603,11/24/2021,516.00,25.00%
P2951,Kids,Infants,Sleepsuits,Bumzee,3-6M,Sea Green,5.00,,,,,OD2951,C036,P2604,11/23/2021,355.00,55.00%
P2952,Kids,Infants,Sleepsuits,Mothecare,3-6M,Sea Green,5.00,,,,,OD2952,C037,P2605,8/17/2022,465.00,50.00%
P2953,Kids,Infants,Sleepsuits,Mothecare,3-6M,Sea Green,4.00,,,,,OD2953,C038,P2606,12/7/2021,965.00,50.00%
P2954,Kids,Infants,Sleepsuits,Mothecare,3-6M,Sea Green,4.00,,,,,OD2954,C039,P2607,7/7/2022,1158.00,50.00%
P2955,Kids,Infants,Sleepsuits,Mothecare,6-9M,Sea Green,4.00,,,,,OD2955,C040,P2608,1/30/2023,264.00,50.00%
P2956,Kids,Infants,Sleepsuits,Mothecare,6-9M,Sea Green,5.00,,,,,OD2956,C041,P2609,12/3/2022,433.00,50.00%
P2957,Kids,Infants,Sleepsuits,Mothecare,6-9M,Turquoise Blue,5.00,,,,,OD2957,C042,P2610,1/19/2021,562.00,30.00%
P2958,Kids,Infants,Sleepsuits,Mothecare,6-9M,Turquoise Blue,3.00,,,,,OD2958,C043,P2611,6/28/2022,423.00,32.00%
P2959,Kids,Infants,Sleepsuits,Mini Klub,6-9M,Turquoise Blue,5.00,,,,,OD2959,C044,P2612,11/4/2022,621.00,25.00%
P2960,Kids,Infants,Sleepsuits,Mini Klub,6-9M,Turquoise Blue,5.00,,,,,OD2960,C045,P2613,6/2/2021,333.00,45.00%
P2961,Kids,Infants,Sleepsuits,Mini Klub,6-9M,Turquoise Blue,4.00,,,,,OD2961,C046,P2614,1/11/2022,236.00,15.00%
P2962,Kids,Infants,Sleepsuits,Mini Klub,9-12M,Olive,3.00,,,,,OD2962,C047,P2615,5/3/2021,456.00,33.00%
P2963,Kids,Infants,Sleepsuits,Mini Klub,9-12M,Olive,4.00,,,,,OD2963,C048,P2616,8/20/2021,963.00,42.00%
P2964,Kids,Infants,Sleepsuits,Mini Klub,9-12M,Olive,5.00,,,,,OD2964,C049,P2617,5/21/2021,234.00,42.00%
P2965,Kids,Infants,Sleepsuits,Mini Klub,9-12M,Olive,3.00,,,,,OD2965,C050,P2618,3/29/2023,456.00,39.00%
P2966,Kids,Infants,Sleepsuits,Hopscotch,9-12M,Olive,2.00,,,,,OD2966,C051,P2619,1/14/2022,564.00,39.00%
P2967,Kids,Infants,Sleepsuits,Hopscotch,9-12M,Magenta,5.00,,,,,OD2967,C052,P2620,1/1/2023,634.00,39.00%
P2968,Kids,Infants,Sleepsuits,Hopscotch,9-12M,Magenta,4.00,,,,,OD2968,C053,P2621,12/27/2021,236.00,39.00%
P2969,Kids,Infants,Sleepsuits,Hopscotch,9-12M,Magenta,3.00,,,,,OD2969,C054,P2622,7/16/2021,444.00,30.00%
P2970,Kids,Infants,Sleepsuits,Hopscotch,9-12M,Magenta,5.00,,,,,OD2970,C055,P2623,1/26/2023,456.00,30.00%
P2971,Kids,Infants,Sleepsuits,Hopscotch,6-9M,Rust,4.00,,,,,OD2971,C056,P2624,2/28/2022,963.00,30.00%
P2972,Kids,Footwear,Flats,Shoetopia,6-9M,Rust,2.00,,,,,OD2972,C057,P2625,1/17/2021,456.00,25.00%
P2973,Kids,Footwear,Flats,Shoetopia,6-9M,Rust,5.00,,,,,OD2973,C058,P2626,6/29/2022,1189.00,25.00%
P2974,Kids,Footwear,Flats,Shoetopia,6-9M,Rust,5.00,,,,,OD2974,C059,P2627,2/7/2021,1298.00,30.00%
P2975,Kids,Footwear,Flats,Shoetopia,6-9M,Rust,4.00,,,,,OD2975,C060,P2628,12/6/2022,1456.00,30.00%
P2976,Kids,Footwear,Flats,Shoetopia,6-9M,Rust,4.00,,,,,OD2976,C061,P2629,11/9/2021,1478.00,30.00%
P2977,Kids,Footwear,Flats,Shoetopia,6-9M,Rust,4.00,,,,,OD2977,C062,P2630,11/22/2021,256.00,40.00%
P2978,Kids,Footwear,Flats,Shoetopia,6-9M,Purple,3.00,,,,,OD2978,C063,P2631,3/11/2021,2698.00,40.00%
P2979,Kids,Footwear,Flats,Shoetopia,3-6M,Purple,5.00,,,,,OD2979,C064,P2632,12/13/2022,2364.00,40.00%
P2980,Kids,Footwear,Flats,Shoetopia,3-6M,Purple,4.00,,,,,OD2980,C065,P2633,7/26/2022,1236.00,40.00%
P2981,Kids,Footwear,Flats,Shoetopia,3-6M,Purple,2.00,,,,,OD2981,C066,P2634,6/10/2021,756.00,40.00%
P2982,Kids,Footwear,Flats,Sangria,3-6M,Copper,5.00,,,,,OD2982,C067,P2635,2/11/2023,326.00,40.00%
P2983,Kids,Footwear,Flats,Sangria,3-6M,Copper,5.00,,,,,OD2983,C068,P2636,3/14/2021,453.00,45.00%
P2984,Kids,Footwear,Flats,Sangria,3-6M,Copper,5.00,,,,,OD2984,C069,P2637,6/14/2021,326.00,45.00%
P2985,Kids,Footwear,Flats,Sangria,3-6M,Copper,4.00,,,,,OD2985,C070,P2638,2/28/2022,456.00,45.00%
P2986,Kids,Footwear,Flats,MAX,3-6M,Copper,4.00,,,,,OD2986,C071,P2639,9/19/2022,675.00,47.00%
P2987,Kids,Footwear,Flats,MAX,0-3M,Copper,4.00,,,,,OD2987,C072,P2640,8/28/2021,654.00,47.00%
P2988,Kids,Footwear,Flats,MAX,0-3M,Copper,5.00,,,,,OD2988,C073,P2641,11/23/2022,654.00,46.00%
P2989,Kids,Footwear,Flats,MAX,0-3M,Red ,5.00,,,,,OD2989,C074,P2642,12/1/2021,654.00,46.00%
P2990,Kids,Footwear,Flats,MAX,0-3M,Red ,3.00,,,,,OD2990,C075,P2642,11/2/2022,654.00,46.00%
P2991,Kids,Footwear,Flats,MAX,0-3M,Red ,5.00,,,,,OD2991,C076,P2642,4/28/2022,356.00,30.00%
P2992,Kids,Footwear,Flats,MAX,0-3M,Red ,5.00,,,,,OD2992,C077,P2642,7/30/2022,686.00,30.00%
P2993,Kids,Footwear,Flats,MAX,0-3M,Beige,4.00,,,,,OD2993,C078,P2642,8/25/2022,456.00,30.00%
P2994,Kids,Footwear,Shoes,Red Tape,0-3M,Beige,3.00,,,,,OD2994,C079,P2642,11/1/2022,516.00,30.00%
P2995,Kids,Footwear,Shoes,Red Tape,0-3M,Beige,5.00,,,,,OD2995,C080,P2642,2/1/2022,355.00,30.00%
P2996,Kids,Footwear,Shoes,Red Tape,0-3M,Yellow,4.00,,,,,OD2996,C081,P2642,7/9/2022,465.00,35.00%
P2997,Kids,Footwear,Shoes,Red Tape,0-3M,Yellow,3.00,,,,,OD2997,C082,P2642,6/6/2021,965.00,35.00%
P2998,Kids,Footwear,Shoes,Red Tape,0-3M,Yellow,5.00,,,,,OD2998,C083,P2642,9/29/2022,1158.00,35.00%
P2999,Kids,Footwear,Shoes,Red Tape,0-3M,Yellow,5.00,,,,,OD2999,C084,P2643,1/22/2021,264.00,35.00%
P3000,Kids,Footwear,Shoes,Red Tape,0-3M,Yellow,4.00,,,,,OD3000,C085,P2644,3/21/2021,433.00,35.00%
P3001,Kids,Footwear,Shoes,Red Tape,0-3M,Off white,2.00,,,,,OD3001,C086,P2645,4/22/2021,562.00,35.00%
P3002,Kids,Footwear,Shoes,Red Tape,0-3M,Off white,3.00,,,,,OD3002,C087,P2646,1/9/2021,423.00,40.00%
P3003,Kids,Footwear,Shoes,Red Tape,0-3M,Off white,4.00,,,,,OD3003,C088,P2647,12/28/2021,621.00,40.00%
P3004,Kids,Footwear,Shoes,Red Tape,6-9M,Off white,5.00,,,,,OD3004,C089,P2648,7/29/2021,333.00,15.00%
P3005,Kids,Footwear,Shoes,Red Tape,6-9M,Off white,4.00,,,,,OD3005,C090,P2649,1/27/2023,236.00,15.00%
P3006,Kids,Footwear,Shoes,Nike,6-9M,Off white,4.00,,,,,OD3006,C091,P2650,10/9/2022,456.00,15.00%
P3007,Kids,Footwear,Shoes,Nike,6-9M,Off white,4.00,,,,,OD3007,C092,P2651,1/10/2023,963.00,35.00%
P3008,Kids,Footwear,Shoes,Nike,6-9M,Off white,3.00,,,,,OD3008,C093,P2652,9/10/2022,234.00,35.00%
P3009,Kids,Footwear,Shoes,Nike,6-9M,Off white,2.00,,,,,OD3009,C094,P2653,4/29/2021,456.00,35.00%
P3010,Kids,Footwear,Shoes,Nike,6-9M,Green,5.00,,,,,OD3010,C095,P2654,7/22/2021,564.00,35.00%
P3011,Kids,Footwear,Shoes,Nike,6-9M,Green,4.00,,,,,OD3011,C096,P2655,2/13/2022,634.00,55.00%
P3012,Kids,Footwear,Shoes,Nike,6-9M,Green,2.00,,,,,OD3012,C097,P2656,8/31/2021,236.00,55.00%
P3013,Kids,Footwear,Shoes,Nike,9-12M,Purple,5.00,,,,,OD3013,C098,P2657,10/31/2022,444.00,55.00%
P3014,Kids,Footwear,Shoes,Reebok,9-12M,Purple,5.00,,,,,OD3014,C099,P2658,2/16/2021,456.00,55.00%
P3015,Kids,Footwear,Shoes,Reebok,9-12M,Purple,4.00,,,,,OD3015,C100,P2659,9/19/2022,963.00,50.00%
P3016,Kids,Footwear,Shoes,Reebok,9-12M,Purple,4.00,,,,,OD3016,C001,P2660,2/3/2022,456.00,50.00%
P3017,Kids,Footwear,Shoes,Reebok,9-12M,Purple,4.00,,,,,OD3017,C002,P2661,8/26/2021,1189.00,50.00%
P3018,Kids,Footwear,Shoes,Reebok,9-12M,Purple,3.00,,,,,OD3018,C003,P2662,11/29/2021,1298.00,50.00%
P3019,Kids,Footwear,Shoes,Liberty,9-12M,Orange,5.00,,,,,OD3019,C004,P2663,8/11/2022,1456.00,50.00%
P3020,Kids,Footwear,Shoes,Liberty,9-12M,Orange,4.00,,,,,OD3020,C005,P2664,7/11/2022,1478.00,30.00%
P3021,Kids,Footwear,Shoes,Liberty,9-12M,Orange,2.00,,,,,OD3021,C006,P2665,9/25/2021,256.00,32.00%
P3022,Kids,Footwear,Shoes,Liberty,9-12M,Orange,5.00,,,,,OD3022,C007,P2666,9/26/2021,2698.00,25.00%
P3023,Kids,Footwear,Sandals,Crocs,9-12M,Orange,5.00,,,,,OD3023,C008,P2667,6/29/2022,2364.00,45.00%
P3024,Kids,Footwear,Sandals,Crocs,9-12M,Orange,5.00,,,,,OD3024,C009,P2668,9/10/2021,1236.00,15.00%
P3025,Kids,Footwear,Sandals,Crocs,9-12M,Orange,4.00,,,,,OD3025,C010,P2669,6/6/2021,756.00,33.00%
P3026,Kids,Footwear,Sandals,Crocs,9-12M,Orange,4.00,,,,,OD3026,C011,P2670,7/22/2021,326.00,33.00%
P3027,Kids,Footwear,Sandals,Crocs,9-12M,Blue,4.00,,,,,OD3027,C012,P2671,6/26/2022,453.00,33.00%
P3028,Kids,Footwear,Sandals,Crocs,9-12M,Blue,5.00,,,,,OD3028,C013,P2672,3/25/2023,326.00,33.00%
P3029,Kids,Footwear,Sandals,Crocs,9-12M,Yellow,5.00,,,,,OD3029,C014,P2673,2/12/2021,456.00,33.00%
P3030,Kids,Footwear,Sandals,Crocs,0-3M,Yellow,3.00,,,,,OD3030,C015,P2674,1/20/2023,456.00,45.00%
P3031,Kids,Footwear,Sandals,Crocs,0-3M,Yellow,5.00,,,,,OD3031,C016,P2675,11/19/2022,456.00,45.00%
P3032,Kids,Footwear,Sandals,Crocs,0-3M,Yellow,5.00,,,,,OD3032,C017,P2676,12/13/2021,456.00,45.00%
P3033,Kids,Footwear,Sandals,Crocs,0-3M,Yellow,4.00,,,,,OD3033,C018,P2677,6/18/2022,236.00,45.00%
P3034,Kids,Footwear,Sandals,Crocs,0-3M,Navy Blue,3.00,,,,,OD3034,C019,P2678,11/28/2022,996.00,23.00%
P3035,Kids,Footwear,Sandals,Liberty,0-3M,Navy Blue,3.00,,,,,OD3035,C020,P2679,10/11/2022,654.00,23.00%
P3036,Kids,Footwear,Sandals,Liberty,0-3M,Navy Blue,5.00,,,,,OD3036,C021,P2680,8/29/2022,456.00,23.00%
P3037,Kids,Footwear,Sandals,Liberty,0-3M,Magenta,5.00,,,,,OD3037,C022,P2681,5/9/2021,785.00,23.00%
P3038,Kids,Footwear,Sandals,Liberty,0-3M,Magenta,4.00,,,,,OD3038,C023,P2682,7/20/2021,365.00,23.00%
P3039,Kids,Footwear,Sandals,Liberty,0-3M,Magenta,2.00,,,,,OD3039,C024,P2683,2/4/2021,965.00,12.00%
P3040,Kids,Footwear,Sandals,Liberty,0-3M,Magenta,3.00,,,,,OD3040,C025,P2684,3/13/2023,444.00,12.00%
P3041,Kids,Footwear,Sandals,MAX,0-3M,Magenta,4.00,,,,,OD3041,C026,P2685,3/2/2022,569.00,12.00%
P3042,Kids,Footwear,Sandals,MAX,0-3M,Magenta,5.00,,,,,OD3042,C027,P2686,3/4/2022,475.00,12.00%
P3043,Kids,Footwear,Sandals,MAX,0-3M,Maroon,4.00,,,,,OD3043,C028,P2687,1/8/2022,598.00,12.00%
P3044,Kids,Footwear,Sandals,MAX,6-9M,Maroon,4.00,,,,,OD3044,C029,P2688,1/18/2022,536.00,12.00%
P3045,Kids,Footwear,Sandals,MAX,6-9M,Maroon,4.00,,,,,OD3045,C030,P2689,12/28/2021,256.00,12.00%
P3046,Kids,Footwear,Sandals,MAX,6-9M,Maroon,3.00,,,,,OD3046,C031,P2690,3/9/2021,456.00,12.00%
P3047,Kids,Footwear,Sandals,Puma,6-9M,Maroon,2.00,,,,,OD3047,C032,P2691,6/9/2021,456.00,12.00%
P3048,Kids,Footwear,Sandals,Puma,6-9M,Maroon,5.00,,,,,OD3048,C033,P2692,2/22/2023,745.00,12.00%
P3049,Kids,Footwear,Sandals,Puma,6-9M,Grey,4.00,,,,,OD3049,C034,P2693,10/5/2021,356.00,35.00%
P3050,Kids,Footwear,Sandals,Puma,6-9M,Grey,2.00,,,,,OD3050,C035,P2694,1/18/2022,1189.00,35.00%
P3051,Kids,Footwear,Sandals,Puma,6-9M,Grey,5.00,,,,,OD3051,C036,P2695,7/27/2022,426.00,35.00%
P3052,Kids,Footwear,Sandals,Puma,6-9M,Grey,5.00,,,,,OD3052,C037,P2696,9/5/2021,1126.00,35.00%
P3053,Kids,Footwear,Sandals,Puma,9-12M,Black,4.00,,,,,OD3053,C038,P2697,3/1/2022,1145.00,35.00%
P3054,Kids,Footwear,Sandals,Puma,9-12M,Yellow,4.00,,,,,OD3054,C039,P2698,2/13/2021,1235.00,35.00%
P3055,Kids,Footwear,Sandals,Puma,9-12M,Yellow,4.00,,,,,OD3055,C040,P2698,2/18/2023,1564.00,35.00%
P3056,Kids,Footwear,Sandals,Puma,9-12M,Yellow,3.00,,,,,OD3056,C041,P2698,9/4/2021,654.00,35.00%
P3057,Kids,Footwear,Sandals,Puma,9-12M,Yellow,5.00,,,,,OD3057,C042,P2698,1/5/2023,854.00,35.00%
P3058,Kids,Footwear,Sandals,Bata,9-12M,Yellow,4.00,,,,,OD3058,C043,P2698,6/4/2022,475.00,30.00%
P3059,Kids,Footwear,Sandals,Bata,9-12M,Off white,2.00,,,,,OD3059,C044,P2699,3/7/2023,349.00,30.00%
P3060,Kids,Footwear,Sandals,Bata,9-12M,Off white,5.00,,,,,OD3060,C045,P2700,12/9/2021,350.00,30.00%
P3061,Kids,Footwear,Sandals,Bata,9-12M,Off white,5.00,,,,,OD3061,C046,P2701,10/10/2022,351.00,30.00%
P3062,Kids,Footwear,Sandals,Bata,9-12M,Cream,5.00,,,,,OD3062,C047,P2702,9/30/2021,352.00,30.00%
P3063,Kids,Footwear,Sandals,Bata,9-12M,Cream,4.00,,,,,OD3063,C048,P2703,2/8/2023,353.00,30.00%
P3064,Kids,Footwear,Sandals,Bata,9-12M,Cream,4.00,,,,,OD3064,C049,P2704,11/17/2021,354.00,30.00%
P3065,Kids,Footwear,Sandals,Campus,9-12M,Mustard,4.00,,,,,OD3065,C050,P2705,11/5/2022,355.00,30.00%
P3066,Kids,Footwear,Sandals,Campus,9-12M,Mustard,5.00,,,,,OD3066,C051,P2706,2/15/2022,356.00,30.00%
P3067,Kids,Footwear,Sandals,Campus,9-12M,Olive,5.00,,,,,OD3067,C052,P2707,2/5/2021,999.00,30.00%
P3068,Kids,Footwear,Sandals,Campus,9-12M,Teal,3.00,,,,,OD3068,C053,P2708,12/24/2021,555.00,25.00%
P3069,Kids,Footwear,Sandals,Campus,3-6M,Sea Green,5.00,,,,,OD3069,C054,P2709,5/3/2022,555.00,25.00%
P3070,Kids,Footwear,Sandals,Campus,3-6M,Turquoise Blue,5.00,,,,,OD3070,C055,P2710,3/12/2021,555.00,25.00%
P3071,Kids,Footwear,Sandals,Campus,3-6M,Charcoal,4.00,,,,,OD3071,C056,P2711,4/25/2022,555.00,25.00%
,,,,,,,,,,,,OD3072,C057,P2712,3/21/2022,1696.00,30.00%
,,,,,,,,,,,,OD3073,C058,P2713,11/13/2021,783.00,30.00%
,,,,,,,,,,,,OD3074,C059,P2714,6/22/2021,1691.00,30.00%
,,,,,,,,,,,,OD3075,C060,P2715,9/15/2021,1188.00,25.00%
,,,,,,,,,,,,OD3076,C061,P2716,2/8/2021,1728.00,25.00%
,,,,,,,,,,,,OD3077,C062,P2717,9/9/2021,1670.00,30.00%
,,,,,,,,,,,,OD3078,C063,P2718,9/26/2022,1157.00,30.00%
,,,,,,,,,,,,OD3079,C064,P2719,7/17/2021,1402.00,30.00%
,,,,,,,,,,,,OD3080,C065,P2720,6/14/2021,1022.00,40.00%
,,,,,,,,,,,,OD3081,C066,P2721,1/23/2022,1947.00,40.00%
,,,,,,,,,,,,OD3082,C067,P2722,3/19/2021,1976.00,40.00%
,,,,,,,,,,,,OD3083,C068,P2723,2/28/2023,1666.00,40.00%
,,,,,,,,,,,,OD3084,C069,P2724,10/25/2021,1003.00,40.00%
,,,,,,,,,,,,OD3085,C070,P2725,2/3/2023,1943.00,40.00%
,,,,,,,,,,,,OD3086,C071,P2726,1/5/2023,1582.00,45.00%
,,,,,,,,,,,,OD3087,C072,P2727,11/14/2021,1285.00,45.00%
,,,,,,,,,,,,OD3088,C073,P2728,5/8/2022,1981.00,45.00%
,,,,,,,,,,,,OD3089,C074,P2729,1/24/2022,1944.00,47.00%
,,,,,,,,,,,,OD3090,C075,P2730,5/17/2021,1578.00,47.00%
,,,,,,,,,,,,OD3091,C076,P2731,10/30/2021,1437.00,46.00%
,,,,,,,,,,,,OD3092,C077,P2732,11/24/2022,1139.00,46.00%
,,,,,,,,,,,,OD3093,C078,P2733,10/13/2021,902.00,46.00%
,,,,,,,,,,,,OD3094,C079,P2734,2/22/2021,1970.00,30.00%
,,,,,,,,,,,,OD3095,C080,P2735,4/20/2021,872.00,30.00%
,,,,,,,,,,,,OD3096,C081,P2736,4/13/2021,1339.00,30.00%
,,,,,,,,,,,,OD3097,C082,P2737,3/6/2022,1488.00,30.00%
,,,,,,,,,,,,OD3098,C083,P2738,9/23/2021,1295.00,30.00%
,,,,,,,,,,,,OD3099,C084,P2739,3/25/2022,1861.00,35.00%
,,,,,,,,,,,,OD3100,C085,P2740,3/24/2023,916.00,35.00%
,,,,,,,,,,,,OD3101,C086,P2741,10/2/2022,1143.00,35.00%
,,,,,,,,,,,,OD3102,C087,P2742,2/11/2021,1555.00,35.00%
,,,,,,,,,,,,OD3103,C088,P2743,9/21/2022,892.00,35.00%
,,,,,,,,,,,,OD3104,C089,P2744,11/22/2022,1227.00,35.00%
,,,,,,,,,,,,OD3105,C090,P2745,8/7/2021,1185.00,40.00%
,,,,,,,,,,,,OD3106,C091,P2746,11/19/2021,1094.00,40.00%
,,,,,,,,,,,,OD3107,C092,P2747,7/24/2021,1072.00,15.00%
,,,,,,,,,,,,OD3108,C093,P2748,12/22/2022,1162.00,15.00%
,,,,,,,,,,,,OD3109,C094,P2749,12/3/2021,624.00,15.00%
,,,,,,,,,,,,OD3110,C095,P2750,3/18/2023,1003.00,35.00%
,,,,,,,,,,,,OD3111,C096,P2751,5/4/2022,1192.00,35.00%
,,,,,,,,,,,,OD3112,C097,P2752,8/4/2022,811.00,35.00%
,,,,,,,,,,,,OD3113,C098,P2753,3/29/2022,1285.00,35.00%
,,,,,,,,,,,,OD3114,C099,P2753,3/18/2022,1078.00,55.00%
,,,,,,,,,,,,OD3115,C100,P2753,12/12/2021,1781.00,55.00%
,,,,,,,,,,,,OD3116,C001,P2753,6/27/2021,1949.00,55.00%
,,,,,,,,,,,,OD3117,C002,P2753,2/3/2022,942.00,55.00%
,,,,,,,,,,,,OD3118,C003,P2754,10/5/2021,1220.00,50.00%
,,,,,,,,,,,,OD3119,C004,P2755,3/19/2021,1213.00,50.00%
,,,,,,,,,,,,OD3120,C005,P2756,12/12/2022,652.00,50.00%
,,,,,,,,,,,,OD3121,C006,P2757,4/18/2022,1822.00,50.00%
,,,,,,,,,,,,OD3122,C007,P2758,5/9/2022,1656.00,50.00%
,,,,,,,,,,,,OD3123,C008,P2759,8/30/2022,997.00,30.00%
,,,,,,,,,,,,OD3124,C009,P2760,8/1/2022,1267.00,32.00%
,,,,,,,,,,,,OD3125,C010,P2761,9/27/2021,1828.00,25.00%
,,,,,,,,,,,,OD3126,C011,P2762,6/11/2021,840.00,45.00%
,,,,,,,,,,,,OD3127,C012,P2763,12/10/2022,1231.00,15.00%
,,,,,,,,,,,,OD3128,C013,P2764,10/30/2022,854.00,33.00%
,,,,,,,,,,,,OD3129,C014,P2765,2/14/2022,1942.00,42.00%
,,,,,,,,,,,,OD3130,C015,P2766,7/14/2021,1729.00,42.00%
,,,,,,,,,,,,OD3131,C016,P2767,11/27/2022,1163.00,39.00%
,,,,,,,,,,,,OD3132,C017,P2768,2/14/2023,1608.00,39.00%
,,,,,,,,,,,,OD3133,C018,P2769,2/1/2023,1789.00,39.00%
,,,,,,,,,,,,OD3134,C019,P2770,12/6/2021,1191.00,39.00%
,,,,,,,,,,,,OD3135,C020,P2771,10/22/2021,1146.00,30.00%
,,,,,,,,,,,,OD3136,C021,P2772,1/1/2022,1873.00,30.00%
,,,,,,,,,,,,OD3137,C022,P2773,3/21/2022,1088.00,30.00%
,,,,,,,,,,,,OD3138,C023,P2774,3/12/2023,1273.00,25.00%
,,,,,,,,,,,,OD3139,C024,P2775,3/7/2021,1032.00,25.00%
,,,,,,,,,,,,OD3140,C025,P2776,11/22/2021,1707.00,30.00%
,,,,,,,,,,,,OD3141,C026,P2777,3/23/2022,880.00,30.00%
,,,,,,,,,,,,OD3142,C027,P2778,10/4/2021,1097.00,30.00%
,,,,,,,,,,,,OD3143,C028,P2779,3/2/2021,735.00,40.00%
,,,,,,,,,,,,OD3144,C029,P2780,8/28/2021,749.00,40.00%
,,,,,,,,,,,,OD3145,C030,P2781,10/18/2022,660.00,40.00%
,,,,,,,,,,,,OD3146,C031,P2782,10/8/2021,1765.00,40.00%
,,,,,,,,,,,,OD3147,C032,P2783,5/18/2021,1580.00,40.00%
,,,,,,,,,,,,OD3148,C033,P2784,9/6/2022,1687.00,40.00%
,,,,,,,,,,,,OD3149,C034,P2785,9/10/2022,729.00,45.00%
,,,,,,,,,,,,OD3150,C035,P2786,6/22/2021,1792.00,45.00%
,,,,,,,,,,,,OD3151,C036,P2787,4/6/2021,1905.00,45.00%
,,,,,,,,,,,,OD3152,C037,P2788,4/7/2022,943.00,47.00%
,,,,,,,,,,,,OD3153,C038,P2789,7/22/2022,1640.00,47.00%
,,,,,,,,,,,,OD3154,C039,P2790,12/16/2022,970.00,46.00%
,,,,,,,,,,,,OD3155,C040,P2791,3/25/2022,1656.00,46.00%
,,,,,,,,,,,,OD3156,C041,P2792,7/28/2021,1818.00,46.00%
,,,,,,,,,,,,OD3157,C042,P2793,5/31/2021,908.00,30.00%
,,,,,,,,,,,,OD3158,C043,P2794,7/2/2021,1852.00,30.00%
,,,,,,,,,,,,OD3159,C044,P2795,2/3/2021,1325.00,30.00%
,,,,,,,,,,,,OD3160,C045,P2796,4/16/2022,878.00,30.00%
,,,,,,,,,,,,OD3161,C046,P2797,7/21/2022,1617.00,30.00%
,,,,,,,,,,,,OD3162,C047,P2798,2/21/2023,694.00,35.00%
,,,,,,,,,,,,OD3163,C048,P2799,12/17/2021,1332.00,35.00%
,,,,,,,,,,,,OD3164,C049,P2800,11/21/2022,1279.00,35.00%
,,,,,,,,,,,,OD3165,C050,P2801,2/20/2021,835.00,35.00%
,,,,,,,,,,,,OD3166,C051,P2802,9/11/2022,1366.00,35.00%
,,,,,,,,,,,,OD3167,C052,P2803,11/2/2022,1878.00,35.00%
,,,,,,,,,,,,OD3168,C053,P2804,2/25/2023,1046.00,40.00%
,,,,,,,,,,,,OD3169,C054,P2805,9/12/2021,602.00,40.00%
,,,,,,,,,,,,OD3170,C055,P2806,3/5/2021,1399.00,15.00%
,,,,,,,,,,,,OD3171,C056,P2807,1/16/2021,1037.00,15.00%
,,,,,,,,,,,,OD3172,C057,P2808,12/21/2021,1118.00,15.00%
,,,,,,,,,,,,OD3173,C058,P2809,2/27/2022,770.00,35.00%
,,,,,,,,,,,,OD3174,C059,P2810,4/14/2022,1722.00,35.00%
,,,,,,,,,,,,OD3175,C060,P2811,7/10/2022,1348.00,35.00%
,,,,,,,,,,,,OD3176,C061,P2812,4/9/2022,1346.00,35.00%
,,,,,,,,,,,,OD3177,C062,P2813,8/27/2022,1691.00,55.00%
,,,,,,,,,,,,OD3178,C063,P2814,9/28/2022,1274.00,55.00%
,,,,,,,,,,,,OD3179,C064,P2815,9/7/2021,1143.00,55.00%
,,,,,,,,,,,,OD3180,C065,P2816,11/11/2021,651.00,55.00%
,,,,,,,,,,,,OD3181,C066,P2817,12/28/2021,629.00,50.00%
,,,,,,,,,,,,OD3182,C067,P2818,3/2/2022,729.00,50.00%
,,,,,,,,,,,,OD3183,C068,P2819,2/25/2023,758.00,50.00%
,,,,,,,,,,,,OD3184,C069,P2820,1/6/2022,660.00,50.00%
,,,,,,,,,,,,OD3185,C070,P2821,2/18/2021,809.00,50.00%
,,,,,,,,,,,,OD3186,C071,P2822,3/26/2021,1261.00,30.00%
,,,,,,,,,,,,OD3187,C072,P2823,5/7/2022,1565.00,32.00%
,,,,,,,,,,,,OD3188,C073,P2824,2/27/2023,1647.00,25.00%
,,,,,,,,,,,,OD3189,C074,P2825,7/15/2022,686.00,45.00%
,,,,,,,,,,,,OD3190,C075,P2826,2/24/2023,1040.00,15.00%
,,,,,,,,,,,,OD3191,C076,P2827,1/12/2023,1060.00,33.00%
,,,,,,,,,,,,OD3192,C077,P2828,4/16/2022,1132.00,42.00%
,,,,,,,,,,,,OD3193,C078,P2829,11/10/2022,785.00,42.00%
,,,,,,,,,,,,OD3194,C079,P2830,6/16/2022,1211.00,39.00%
,,,,,,,,,,,,OD3195,C080,P2831,10/5/2022,1352.00,39.00%
,,,,,,,,,,,,OD3196,C081,P2832,6/16/2022,1014.00,39.00%
,,,,,,,,,,,,OD3197,C082,P2833,5/11/2021,1355.00,39.00%
,,,,,,,,,,,,OD3198,C083,P2834,12/21/2022,1912.00,30.00%
,,,,,,,,,,,,OD3199,C084,P2835,2/6/2021,1656.00,30.00%
,,,,,,,,,,,,OD3200,C085,P2836,5/25/2021,1796.00,30.00%
,,,,,,,,,,,,OD3201,C086,P2837,9/1/2021,1549.00,25.00%
,,,,,,,,,,,,OD3202,C087,P2838,6/21/2021,1609.00,25.00%
,,,,,,,,,,,,OD3203,C088,P2839,1/1/2022,1013.00,30.00%
,,,,,,,,,,,,OD3204,C089,P2840,2/23/2021,1647.00,30.00%
,,,,,,,,,,,,OD3205,C090,P2841,11/16/2021,990.00,30.00%
,,,,,,,,,,,,OD3206,C091,P2842,8/11/2022,1048.00,40.00%
,,,,,,,,,,,,OD3207,C092,P2843,7/3/2021,1097.00,40.00%
,,,,,,,,,,,,OD3208,C093,P2844,8/16/2021,679.00,40.00%
,,,,,,,,,,,,OD3209,C094,P2845,12/4/2022,1432.00,40.00%
,,,,,,,,,,,,OD3210,C095,P2846,2/13/2023,1765.00,40.00%
,,,,,,,,,,,,OD3211,C096,P2847,3/22/2023,1339.00,40.00%
,,,,,,,,,,,,OD3212,C097,P2848,9/12/2022,1747.00,45.00%
,,,,,,,,,,,,OD3213,C098,P2849,4/11/2022,792.00,45.00%
,,,,,,,,,,,,OD3214,C099,P2850,5/13/2022,1522.00,45.00%
,,,,,,,,,,,,OD3215,C100,P2851,1/31/2021,1100.00,47.00%
,,,,,,,,,,,,OD3216,C001,P2852,3/11/2022,1659.00,47.00%
,,,,,,,,,,,,OD3217,C002,P2853,6/10/2022,1236.00,46.00%
,,,,,,,,,,,,OD3218,C003,P2854,3/9/2021,1798.00,46.00%
,,,,,,,,,,,,OD3219,C004,P2854,2/8/2022,1229.00,46.00%
,,,,,,,,,,,,OD3220,C005,P2854,10/23/2022,1092.00,30.00%
,,,,,,,,,,,,OD3221,C006,P2854,5/10/2022,771.00,30.00%
,,,,,,,,,,,,OD3222,C007,P2854,7/21/2021,1994.00,30.00%
,,,,,,,,,,,,OD3223,C008,P2854,12/19/2021,1837.00,30.00%
,,,,,,,,,,,,OD3224,C009,P2855,3/1/2021,1285.00,30.00%
,,,,,,,,,,,,OD3225,C010,P2856,8/18/2021,1092.00,35.00%
,,,,,,,,,,,,OD3226,C011,P2857,11/12/2021,1550.00,35.00%
,,,,,,,,,,,,OD3227,C012,P2858,2/7/2023,1179.00,35.00%
,,,,,,,,,,,,OD3228,C013,P2859,4/26/2021,1433.00,35.00%
,,,,,,,,,,,,OD3229,C014,P2860,6/11/2021,1486.00,35.00%
,,,,,,,,,,,,OD3230,C015,P2861,3/3/2021,646.00,35.00%
,,,,,,,,,,,,OD3231,C016,P2862,8/25/2021,1989.00,40.00%
,,,,,,,,,,,,OD3232,C017,P2863,7/26/2021,651.00,40.00%
,,,,,,,,,,,,OD3233,C018,P2864,2/1/2023,1670.00,15.00%
,,,,,,,,,,,,OD3234,C019,P2865,7/11/2022,1399.00,15.00%
,,,,,,,,,,,,OD3235,C020,P2866,2/6/2023,745.00,15.00%
,,,,,,,,,,,,OD3236,C021,P2867,3/24/2021,1759.00,35.00%
,,,,,,,,,,,,OD3237,C022,P2868,4/8/2022,1604.00,35.00%
,,,,,,,,,,,,OD3238,C023,P2869,4/12/2022,1451.00,35.00%
,,,,,,,,,,,,OD3239,C024,P2870,12/10/2022,1267.00,35.00%
,,,,,,,,,,,,OD3240,C025,P2871,7/6/2021,1699.00,55.00%
,,,,,,,,,,,,OD3241,C026,P2872,1/19/2021,748.00,55.00%
,,,,,,,,,,,,OD3242,C027,P2873,10/28/2021,1740.00,55.00%
,,,,,,,,,,,,OD3243,C028,P2874,3/13/2021,1712.00,55.00%
,,,,,,,,,,,,OD3244,C029,P2875,12/25/2021,1938.00,50.00%
,,,,,,,,,,,,OD3245,C030,P2876,11/20/2021,1185.00,50.00%
,,,,,,,,,,,,OD3246,C031,P2877,2/18/2023,1676.00,50.00%
,,,,,,,,,,,,OD3247,C032,P2878,5/18/2021,1127.00,50.00%
,,,,,,,,,,,,OD3248,C033,P2879,1/22/2021,1530.00,50.00%
,,,,,,,,,,,,OD3249,C034,P2880,11/19/2022,922.00,30.00%
,,,,,,,,,,,,OD3250,C035,P2881,2/4/2023,828.00,32.00%
,,,,,,,,,,,,OD3251,C036,P2882,9/29/2022,1852.00,25.00%
,,,,,,,,,,,,OD3252,C037,P2883,7/15/2022,748.00,45.00%
,,,,,,,,,,,,OD3253,C038,P2883,5/31/2021,1866.00,15.00%
,,,,,,,,,,,,OD3254,C039,P2883,2/13/2023,1256.00,33.00%
,,,,,,,,,,,,OD3255,C040,P2883,2/16/2023,1101.00,42.00%
,,,,,,,,,,,,OD3256,C041,P2883,5/19/2022,643.00,42.00%
,,,,,,,,,,,,OD3257,C042,P2883,1/14/2022,856.00,39.00%
,,,,,,,,,,,,OD3258,C043,P2884,10/14/2021,1264.00,39.00%
,,,,,,,,,,,,OD3259,C044,P2885,2/23/2021,1938.00,39.00%
,,,,,,,,,,,,OD3260,C045,P2886,5/30/2022,1290.00,39.00%
,,,,,,,,,,,,OD3261,C046,P2887,1/6/2022,1175.00,30.00%
,,,,,,,,,,,,OD3262,C047,P2888,3/22/2022,917.00,30.00%
,,,,,,,,,,,,OD3263,C048,P2889,7/11/2021,1593.00,30.00%
,,,,,,,,,,,,OD3264,C049,P2890,1/7/2023,1091.00,25.00%
,,,,,,,,,,,,OD3265,C050,P2891,3/18/2022,1202.00,25.00%
,,,,,,,,,,,,OD3266,C051,P2892,3/7/2023,1643.00,30.00%
,,,,,,,,,,,,OD3267,C052,P2893,5/28/2021,1738.00,30.00%
,,,,,,,,,,,,OD3268,C053,P2894,9/24/2021,981.00,30.00%
,,,,,,,,,,,,OD3269,C054,P2895,12/29/2022,915.00,40.00%
,,,,,,,,,,,,OD3270,C055,P2896,7/25/2022,1407.00,40.00%
,,,,,,,,,,,,OD3271,C056,P2897,7/22/2021,1836.00,40.00%
,,,,,,,,,,,,OD3272,C057,P2898,2/14/2022,1135.00,40.00%
,,,,,,,,,,,,OD3273,C058,P2899,5/16/2021,1204.00,40.00%
,,,,,,,,,,,,OD3274,C059,P2900,10/9/2022,1819.00,40.00%
,,,,,,,,,,,,OD3275,C060,P2901,2/2/2022,1823.00,45.00%
,,,,,,,,,,,,OD3276,C061,P2902,9/17/2022,1969.00,45.00%
,,,,,,,,,,,,OD3277,C062,P2903,5/27/2021,1058.00,45.00%
,,,,,,,,,,,,OD3278,C063,P2904,6/22/2021,1833.00,47.00%
,,,,,,,,,,,,OD3279,C064,P2905,3/27/2023,1010.00,47.00%
,,,,,,,,,,,,OD3280,C065,P2906,4/13/2022,1896.00,46.00%
,,,,,,,,,,,,OD3281,C066,P2907,10/9/2022,1137.00,46.00%
,,,,,,,,,,,,OD3282,C067,P2908,7/2/2021,1299.00,46.00%
,,,,,,,,,,,,OD3283,C068,P2909,11/24/2021,929.00,30.00%
,,,,,,,,,,,,OD3284,C069,P2910,5/19/2021,1398.00,30.00%
,,,,,,,,,,,,OD3285,C070,P2911,12/24/2022,1297.00,30.00%
,,,,,,,,,,,,OD3286,C071,P2912,12/25/2021,924.00,30.00%
,,,,,,,,,,,,OD3287,C072,P2913,4/12/2022,1049.00,30.00%
,,,,,,,,,,,,OD3288,C073,P2914,1/1/2023,1213.00,35.00%
,,,,,,,,,,,,OD3289,C074,P2915,1/11/2021,1331.00,35.00%
,,,,,,,,,,,,OD3290,C075,P2916,7/6/2021,1973.00,35.00%
,,,,,,,,,,,,OD3291,C076,P2917,7/3/2022,1345.00,35.00%
,,,,,,,,,,,,OD3292,C077,P2918,11/25/2021,1967.00,35.00%
,,,,,,,,,,,,OD3293,C078,P2919,2/4/2022,1107.00,35.00%
,,,,,,,,,,,,OD3294,C079,P2920,3/26/2023,1106.00,40.00%
,,,,,,,,,,,,OD3295,C080,P2921,9/20/2022,1411.00,40.00%
,,,,,,,,,,,,OD3296,C081,P2922,2/4/2023,1740.00,15.00%
,,,,,,,,,,,,OD3297,C082,P2923,4/30/2021,1321.00,15.00%
,,,,,,,,,,,,OD3298,C083,P2924,2/7/2022,1428.00,15.00%
,,,,,,,,,,,,OD3299,C084,P2925,1/31/2023,1772.00,35.00%
,,,,,,,,,,,,OD3300,C085,P2926,11/30/2021,690.00,35.00%
,,,,,,,,,,,,OD3301,C086,P2927,8/2/2022,677.00,35.00%
,,,,,,,,,,,,OD3302,C087,P2928,4/21/2021,1396.00,35.00%
,,,,,,,,,,,,OD3303,C088,P2929,11/25/2022,611.00,55.00%
,,,,,,,,,,,,OD3304,C089,P2930,4/23/2021,1555.00,55.00%
,,,,,,,,,,,,OD3305,C090,P2931,1/7/2022,1273.00,55.00%
,,,,,,,,,,,,OD3306,C091,P2932,2/28/2022,656.00,55.00%
,,,,,,,,,,,,OD3307,C092,P2933,7/26/2022,1965.00,50.00%
,,,,,,,,,,,,OD3308,C093,P2934,3/9/2023,1285.00,50.00%
,,,,,,,,,,,,OD3309,C094,P2934,5/1/2022,1438.00,50.00%
,,,,,,,,,,,,OD3310,C095,P2934,5/16/2022,1206.00,50.00%
,,,,,,,,,,,,OD3311,C096,P2934,2/15/2023,1579.00,50.00%
,,,,,,,,,,,,OD3312,C097,P2934,10/18/2022,1888.00,30.00%
,,,,,,,,,,,,OD3313,C098,P2934,1/18/2023,899.00,32.00%
,,,,,,,,,,,,OD3314,C099,P2934,1/20/2023,1156.00,25.00%
,,,,,,,,,,,,OD3315,C100,P2934,10/25/2021,1655.00,45.00%
,,,,,,,,,,,,OD3316,C001,P2935,3/30/2022,847.00,15.00%
,,,,,,,,,,,,OD3317,C002,P2936,12/26/2022,1399.00,33.00%
,,,,,,,,,,,,OD3318,C003,P2937,6/30/2021,1253.00,42.00%
,,,,,,,,,,,,OD3319,C004,P2938,7/17/2022,1610.00,42.00%
,,,,,,,,,,,,OD3320,C005,P2939,8/2/2022,1272.00,39.00%
,,,,,,,,,,,,OD3321,C006,P2940,3/31/2021,855.00,39.00%
,,,,,,,,,,,,OD3322,C007,P2941,7/28/2022,1298.00,39.00%
,,,,,,,,,,,,OD3323,C008,P2942,10/18/2021,1067.00,39.00%
,,,,,,,,,,,,OD3324,C009,P2943,2/9/2023,1799.00,30.00%
,,,,,,,,,,,,OD3325,C010,P2944,6/16/2021,1583.00,30.00%
,,,,,,,,,,,,OD3326,C011,P2945,12/13/2022,756.00,30.00%
,,,,,,,,,,,,OD3327,C012,P2946,8/18/2022,1143.00,25.00%
,,,,,,,,,,,,OD3328,C013,P2947,1/11/2021,767.00,25.00%
,,,,,,,,,,,,OD3329,C014,P2948,8/13/2022,902.00,30.00%
,,,,,,,,,,,,OD3330,C015,P2949,2/5/2023,1646.00,30.00%
,,,,,,,,,,,,OD3331,C016,P2950,1/4/2021,1103.00,30.00%
,,,,,,,,,,,,OD3332,C017,P2951,7/25/2021,1369.00,40.00%
,,,,,,,,,,,,OD3333,C018,P2952,8/19/2021,1462.00,40.00%
,,,,,,,,,,,,OD3334,C019,P2953,9/4/2022,1883.00,40.00%
,,,,,,,,,,,,OD3335,C020,P2954,6/15/2022,1824.00,40.00%
,,,,,,,,,,,,OD3336,C021,P2955,9/14/2021,623.00,40.00%
,,,,,,,,,,,,OD3337,C022,P2956,8/7/2022,1001.00,40.00%
,,,,,,,,,,,,OD3338,C023,P2957,12/14/2021,1035.00,45.00%
,,,,,,,,,,,,OD3339,C024,P2958,10/14/2021,761.00,45.00%
,,,,,,,,,,,,OD3340,C025,P2959,2/26/2021,1047.00,45.00%
,,,,,,,,,,,,OD3341,C026,P2959,4/17/2022,704.00,47.00%
,,,,,,,,,,,,OD3342,C027,P2959,1/23/2023,611.00,47.00%
,,,,,,,,,,,,OD3343,C028,P2959,3/26/2021,1899.00,46.00%
,,,,,,,,,,,,OD3344,C029,P2959,2/26/2021,1779.00,46.00%
,,,,,,,,,,,,OD3345,C030,P2959,4/3/2022,1115.00,46.00%
,,,,,,,,,,,,OD3346,C031,P2960,2/6/2022,1688.00,30.00%
,,,,,,,,,,,,OD3347,C032,P2961,8/20/2022,1524.00,30.00%
,,,,,,,,,,,,OD3348,C033,P2962,3/1/2023,912.00,30.00%
,,,,,,,,,,,,OD3349,C034,P2963,3/2/2022,735.00,30.00%
,,,,,,,,,,,,OD3350,C035,P2964,5/20/2021,1281.00,30.00%
,,,,,,,,,,,,OD3351,C036,P2965,7/15/2022,772.00,35.00%
,,,,,,,,,,,,OD3352,C037,P2966,1/31/2021,1834.00,35.00%
,,,,,,,,,,,,OD3353,C038,P2967,3/31/2021,1869.00,35.00%
,,,,,,,,,,,,OD3354,C039,P2968,12/7/2021,1957.00,35.00%
,,,,,,,,,,,,OD3355,C040,P2969,3/16/2022,966.00,35.00%
,,,,,,,,,,,,OD3356,C041,P2970,3/6/2022,1720.00,35.00%
,,,,,,,,,,,,OD3357,C042,P2971,1/2/2023,1533.00,40.00%
,,,,,,,,,,,,OD3358,C043,P2972,4/9/2021,1928.00,40.00%
,,,,,,,,,,,,OD3359,C044,P2973,4/25/2022,1361.00,15.00%
,,,,,,,,,,,,OD3360,C045,P2974,8/3/2021,1774.00,15.00%
,,,,,,,,,,,,OD3361,C046,P2975,7/4/2022,692.00,15.00%
,,,,,,,,,,,,OD3362,C047,P2976,8/21/2021,1255.00,35.00%
,,,,,,,,,,,,OD3363,C048,P2977,12/17/2021,767.00,35.00%
,,,,,,,,,,,,OD3364,C049,P2978,9/4/2022,1968.00,35.00%
,,,,,,,,,,,,OD3365,C050,P2979,5/18/2021,1442.00,35.00%
,,,,,,,,,,,,OD3366,C051,P2980,11/25/2021,1548.00,55.00%
,,,,,,,,,,,,OD3367,C052,P2981,7/14/2021,981.00,55.00%
,,,,,,,,,,,,OD3368,C053,P2982,10/17/2021,1493.00,55.00%
,,,,,,,,,,,,OD3369,C054,P2983,1/3/2021,1338.00,55.00%
,,,,,,,,,,,,OD3370,C055,P2984,1/25/2022,1537.00,50.00%
,,,,,,,,,,,,OD3371,C056,P2985,9/22/2022,980.00,50.00%
,,,,,,,,,,,,OD3372,C057,P2986,4/11/2022,1228.00,50.00%
,,,,,,,,,,,,OD3373,C058,P2987,2/15/2023,1190.00,50.00%
,,,,,,,,,,,,OD3374,C059,P2988,12/25/2021,941.00,50.00%
,,,,,,,,,,,,OD3375,C060,P2989,3/30/2022,1477.00,30.00%
,,,,,,,,,,,,OD3376,C061,P2990,2/25/2022,1577.00,32.00%
,,,,,,,,,,,,OD3377,C062,P2991,2/3/2021,1932.00,25.00%
,,,,,,,,,,,,OD3378,C063,P2992,11/21/2021,1178.00,45.00%
,,,,,,,,,,,,OD3379,C064,P2992,8/16/2022,1926.00,15.00%
,,,,,,,,,,,,OD3380,C065,P2992,12/28/2022,1105.00,33.00%
,,,,,,,,,,,,OD3381,C066,P2992,9/15/2022,1787.00,42.00%
,,,,,,,,,,,,OD3382,C067,P2992,2/27/2023,1295.00,42.00%
,,,,,,,,,,,,OD3383,C068,P2993,1/11/2022,1017.00,39.00%
,,,,,,,,,,,,OD3384,C069,P2994,6/17/2022,1929.00,39.00%
,,,,,,,,,,,,OD3385,C070,P2995,8/13/2021,1674.00,39.00%
,,,,,,,,,,,,OD3386,C071,P2996,4/26/2022,612.00,39.00%
,,,,,,,,,,,,OD3387,C072,P2997,8/18/2021,944.00,30.00%
,,,,,,,,,,,,OD3388,C073,P2998,9/29/2022,850.00,30.00%
,,,,,,,,,,,,OD3389,C074,P2999,4/23/2021,1433.00,30.00%
,,,,,,,,,,,,OD3390,C075,P3000,6/5/2022,1530.00,25.00%
,,,,,,,,,,,,OD3391,C076,P3001,3/13/2021,908.00,25.00%
,,,,,,,,,,,,OD3392,C077,P3002,9/27/2021,1800.00,30.00%
,,,,,,,,,,,,OD3393,C078,P3003,8/24/2021,827.00,30.00%
,,,,,,,,,,,,OD3394,C079,P3004,2/17/2021,950.00,30.00%
,,,,,,,,,,,,OD3395,C080,P3005,9/19/2022,848.00,40.00%
,,,,,,,,,,,,OD3396,C081,P3005,5/12/2022,1672.00,40.00%
,,,,,,,,,,,,OD3397,C082,P3005,8/8/2021,601.00,40.00%
,,,,,,,,,,,,OD3398,C083,P3005,3/5/2021,977.00,40.00%
,,,,,,,,,,,,OD3399,C084,P3005,8/18/2021,934.00,40.00%
,,,,,,,,,,,,OD3400,C085,P3006,8/27/2022,1343.00,40.00%
,,,,,,,,,,,,OD3401,C086,P3007,12/13/2021,616.00,45.00%
,,,,,,,,,,,,OD3402,C087,P3008,1/30/2023,1336.00,45.00%
,,,,,,,,,,,,OD3403,C088,P3009,7/20/2022,931.00,45.00%
,,,,,,,,,,,,OD3404,C089,P3010,4/23/2022,1566.00,47.00%
,,,,,,,,,,,,OD3405,C090,P3011,8/15/2021,1791.00,47.00%
,,,,,,,,,,,,OD3406,C091,P3012,3/14/2022,1596.00,46.00%
,,,,,,,,,,,,OD3407,C092,P3013,4/3/2021,1395.00,46.00%
,,,,,,,,,,,,OD3408,C093,P3014,11/16/2021,1006.00,46.00%
,,,,,,,,,,,,OD3409,C094,P3015,12/18/2022,1634.00,30.00%
,,,,,,,,,,,,OD3410,C095,P3016,3/22/2021,1079.00,30.00%
,,,,,,,,,,,,OD3411,C096,P3017,12/29/2021,1154.00,30.00%
,,,,,,,,,,,,OD3412,C097,P3018,10/31/2022,1937.00,30.00%
,,,,,,,,,,,,OD3413,C098,P3019,2/12/2021,1813.00,30.00%
,,,,,,,,,,,,OD3414,C099,P3020,4/14/2021,1431.00,35.00%
,,,,,,,,,,,,OD3415,C100,P3021,7/31/2022,1556.00,35.00%
,,,,,,,,,,,,OD3416,C001,P3022,9/5/2021,1498.00,35.00%
,,,,,,,,,,,,OD3417,C002,P3023,8/15/2021,962.00,35.00%
,,,,,,,,,,,,OD3418,C003,P3024,1/5/2022,1259.00,35.00%
,,,,,,,,,,,,OD3419,C004,P3025,6/29/2021,703.00,35.00%
,,,,,,,,,,,,OD3420,C005,P3026,10/11/2021,1716.00,40.00%
,,,,,,,,,,,,OD3421,C006,P3027,2/23/2022,1334.00,40.00%
,,,,,,,,,,,,OD3422,C007,P3028,1/10/2021,1388.00,15.00%
,,,,,,,,,,,,OD3423,C008,P3029,4/13/2021,1026.00,15.00%
,,,,,,,,,,,,OD3424,C009,P3030,8/15/2021,647.00,15.00%
,,,,,,,,,,,,OD3425,C010,P3031,3/20/2021,648.00,35.00%
,,,,,,,,,,,,OD3426,C011,P3032,2/21/2022,702.00,35.00%
,,,,,,,,,,,,OD3427,C012,P3033,2/26/2022,1480.00,35.00%
,,,,,,,,,,,,OD3428,C013,P3034,12/8/2022,632.00,35.00%
,,,,,,,,,,,,OD3429,C014,P3035,6/26/2022,1288.00,55.00%
,,,,,,,,,,,,OD3430,C015,P3036,2/14/2021,1956.00,55.00%
,,,,,,,,,,,,OD3431,C016,P3037,2/28/2022,903.00,55.00%
,,,,,,,,,,,,OD3432,C017,P3038,3/10/2022,1349.00,55.00%
,,,,,,,,,,,,OD3433,C018,P3039,5/31/2022,999.00,50.00%
,,,,,,,,,,,,OD3434,C019,P3040,10/17/2021,1671.00,50.00%
,,,,,,,,,,,,OD3435,C020,P3041,11/8/2021,1847.00,50.00%
,,,,,,,,,,,,OD3436,C021,P3041,8/20/2022,1903.00,50.00%
,,,,,,,,,,,,OD3437,C022,P3041,9/14/2022,1450.00,50.00%
,,,,,,,,,,,,OD3438,C023,P3041,2/20/2021,1054.00,30.00%
,,,,,,,,,,,,OD3439,C024,P3041,2/22/2021,1293.00,32.00%
,,,,,,,,,,,,OD3440,C025,P3041,8/7/2021,1375.00,25.00%
,,,,,,,,,,,,OD3441,C026,P3041,1/19/2021,1123.00,45.00%
,,,,,,,,,,,,OD3442,C027,P3042,3/4/2022,926.00,15.00%
,,,,,,,,,,,,OD3443,C028,P3043,7/12/2021,1012.00,33.00%
,,,,,,,,,,,,OD3444,C029,P3044,2/6/2022,892.00,42.00%
,,,,,,,,,,,,OD3445,C030,P3045,2/15/2021,1047.00,42.00%
,,,,,,,,,,,,OD3446,C031,P3046,1/8/2023,923.00,39.00%
,,,,,,,,,,,,OD3447,C032,P3047,4/7/2022,2245.00,39.00%
,,,,,,,,,,,,OD3448,C033,P3048,8/24/2021,2354.00,39.00%
,,,,,,,,,,,,OD3449,C034,P3049,9/29/2021,2214.00,39.00%
,,,,,,,,,,,,OD3450,C035,P3050,11/6/2021,2365.00,30.00%
,,,,,,,,,,,,OD3451,C036,P3051,1/14/2022,2541.00,30.00%
,,,,,,,,,,,,OD3452,C037,P3052,10/3/2022,1235.00,30.00%
,,,,,,,,,,,,OD3453,C038,P3053,9/4/2021,22365.00,25.00%
,,,,,,,,,,,,OD3454,C039,P3054,7/21/2022,2245.00,25.00%
,,,,,,,,,,,,OD3455,C040,P3054,3/5/2023,2245.00,30.00%
,,,,,,,,,,,,OD3456,C041,P3054,4/2/2021,2542.00,30.00%
,,,,,,,,,,,,OD3457,C042,P3054,4/8/2021,2263.00,30.00%
,,,,,,,,,,,,OD3458,C043,P3054,8/23/2021,6523.00,40.00%
,,,,,,,,,,,,OD3459,C044,P3054,8/11/2021,2345.00,40.00%
,,,,,,,,,,,,OD3460,C045,P3054,10/30/2021,2354.00,40.00%
,,,,,,,,,,,,OD3461,C046,P3054,1/21/2022,2245.00,40.00%
,,,,,,,,,,,,OD3462,C047,P3054,11/22/2021,2254.00,40.00%
,,,,,,,,,,,,OD3463,C048,P3054,5/2/2021,3256.00,40.00%
,,,,,,,,,,,,OD3464,C049,P3055,3/11/2021,4235.00,45.00%
,,,,,,,,,,,,OD3465,C050,P3056,11/27/2021,4454.00,45.00%
,,,,,,,,,,,,OD3466,C051,P3057,12/3/2021,4454.00,45.00%
,,,,,,,,,,,,OD3467,C052,P3058,2/26/2023,1177.00,47.00%
,,,,,,,,,,,,OD3468,C053,P3059,9/11/2022,688.00,47.00%
,,,,,,,,,,,,OD3469,C054,P3060,10/5/2022,1808.00,46.00%
,,,,,,,,,,,,OD3470,C055,P3061,1/27/2021,1893.00,46.00%
,,,,,,,,,,,,OD3471,C056,P3062,5/2/2021,1771.00,46.00%
,,,,,,,,,,,,OD3472,C057,P3063,8/16/2021,1907.00,30.00%
,,,,,,,,,,,,OD3473,C058,P3064,3/31/2021,1515.00,30.00%
,,,,,,,,,,,,OD3474,C059,P3065,8/7/2021,1115.00,30.00%
,,,,,,,,,,,,OD3475,C060,P3066,9/7/2021,1398.00,30.00%
,,,,,,,,,,,,OD3476,C061,P3067,3/7/2023,917.00,30.00%
,,,,,,,,,,,,OD3477,C062,P3068,6/13/2022,1635.00,35.00%
,,,,,,,,,,,,OD3478,C063,P3068,5/7/2022,1507.00,35.00%
,,,,,,,,,,,,OD3479,C064,P3068,3/30/2023,1929.00,35.00%
,,,,,,,,,,,,OD3480,C065,P3068,11/5/2021,1523.00,35.00%
,,,,,,,,,,,,OD3481,C066,P3068,4/26/2021,949.00,35.00%
,,,,,,,,,,,,OD3482,C067,P3068,11/7/2021,1340.00,35.00%
,,,,,,,,,,,,OD3483,C068,P3068,3/5/2022,677.00,40.00%
,,,,,,,,,,,,OD3484,C069,P3068,11/17/2021,1550.00,40.00%
,,,,,,,,,,,,OD3485,C070,P3068,2/2/2021,1977.00,15.00%
,,,,,,,,,,,,OD3486,C071,P3069,10/11/2021,1071.00,15.00%
,,,,,,,,,,,,OD3487,C072,P3070,11/26/2022,1609.00,15.00%
,,,,,,,,,,,,OD3488,C073,P3070,2/25/2022,1071.00,35.00%
,,,,,,,,,,,,OD3489,C074,P3070,11/5/2022,742.00,35.00%
,,,,,,,,,,,,OD3490,C075,P3070,9/14/2022,1731.00,35.00%
,,,,,,,,,,,,OD3491,C076,P3071,5/25/2021,691.00,35.00%
,,,,,,,,,,,,OD3492,C077,P3071,1/2/2023,1268.00,55.00%
,,,,,,,,,,,,OD3493,C078,P3071,7/23/2021,926.00,55.00%
,,,,,,,,,,,,OD3494,C079,P3071,10/10/2022,1298.00,55.00%
,,,,,,,,,,,,OD3495,C080,P3071,1/27/2022,1023.00,55.00%
,,,,,,,,,,,,OD3496,C081,P3071,10/10/2021,841.00,50.00%
,,,,,,,,,,,,OD3497,C082,P3071,4/3/2021,1460.00,50.00%
,,,,,,,,,,,,OD3498,C083,P3071,8/5/2022,1336.00,50.00%
,,,,,,,,,,,,OD3499,C084,P3071,5/28/2021,998.00,50.00%
,,,,,,,,,,,,OD3500,C085,P3071,12/5/2021,1425.00,50.00%
